year,week,usage,tmmx,pr,vpd,pet,tmmx_lag1,tmmx_lag2,tmmx_lag3,tmmx_lag4,pr_lag1,pr_lag2,pr_lag3,pr_lag4,vpd_lag1,vpd_lag2,vpd_lag3,vpd_lag4,pet_lag1,pet_lag2,pet_lag3,pet_lag4
2001,5,43.870000000000005,277.29285714285714,0.0833333333333333,0.2609523778571428,1.2380952761904762,278.3380952380952,275.22380952380956,282.50714285714287,282.7547619047619,0.5880952428571429,1.4190476476190474,0.0,0.0,0.2923809457142857,0.23333332866666665,0.6061904661904762,0.5588095154761905,1.1571428795238097,0.9738095433333332,1.9547619357142854,1.8214285809523811
2001,6,46.522,277.8285714285715,1.1857142952380952,0.26499999588095235,1.2571428761904762,277.29285714285714,278.3380952380952,275.22380952380956,282.50714285714287,0.0833333333333333,0.5880952428571429,1.4190476476190474,0.0,0.2609523778571428,0.2923809457142857,0.23333332866666665,0.6061904661904762,1.2380952761904762,1.1571428795238097,0.9738095433333332,1.9547619357142854
2001,7,40.44,279.4285714285714,1.4952381095238099,0.3228571389047619,1.4785714499999998,277.8285714285715,277.29285714285714,278.3380952380952,275.22380952380956,1.1857142952380952,0.0833333333333333,0.5880952428571429,1.4190476476190474,0.26499999588095235,0.2609523778571428,0.2923809457142857,0.23333332866666665,1.2571428761904762,1.2380952761904762,1.1571428795238097,0.9738095433333332
2001,8,54.076,282.6142857142857,0.0,0.42142856619047614,1.8452381261904762,279.4285714285714,277.8285714285715,277.29285714285714,278.3380952380952,1.4952381095238099,1.1857142952380952,0.0833333333333333,0.5880952428571429,0.3228571389047619,0.26499999588095235,0.2609523778571428,0.2923809457142857,1.4785714499999998,1.2571428761904762,1.2380952761904762,1.1571428795238097
2001,9,45.18,279.22142857142853,0.2666666666666666,0.2888095151904762,1.5047619285714287,282.6142857142857,279.4285714285714,277.8285714285715,277.29285714285714,0.0,1.4952381095238099,1.1857142952380952,0.0833333333333333,0.42142856619047614,0.3228571389047619,0.26499999588095235,0.2609523778571428,1.8452381261904762,1.4785714499999998,1.2571428761904762,1.2380952761904762
2001,10,49.75,283.5904761904762,2.0119047619047623,0.4445238021190476,2.0190476461904763,279.22142857142853,282.6142857142857,279.4285714285714,277.8285714285715,0.2666666666666666,0.0,1.4952381095238099,1.1857142952380952,0.2888095151904762,0.42142856619047614,0.3228571389047619,0.26499999588095235,1.5047619285714287,1.8452381261904762,1.4785714499999998,1.2571428761904762
2001,11,42.410000000000004,279.3833333333333,0.9523809766666668,0.30857142228571427,1.9309524023809523,283.5904761904762,279.22142857142853,282.6142857142857,279.4285714285714,2.0119047619047623,0.2666666666666666,0.0,1.4952381095238099,0.4445238021190476,0.2888095151904762,0.42142856619047614,0.3228571389047619,2.0190476461904763,1.5047619285714287,1.8452381261904762,1.4785714499999998
2001,12,47.4,286.62857142857143,0.6238095271428571,0.5261904673809524,2.6928571595238098,279.3833333333333,283.5904761904762,279.22142857142853,282.6142857142857,0.9523809766666668,2.0119047619047623,0.2666666666666666,0.0,0.30857142228571427,0.4445238021190476,0.2888095151904762,0.42142856619047614,1.9309524023809523,2.0190476461904763,1.5047619285714287,1.8452381261904762
2001,13,47.1,284.1261904761905,1.9761904880952381,0.44238094380952386,2.5047619285714284,286.62857142857143,279.3833333333333,283.5904761904762,279.22142857142853,0.6238095271428571,0.9523809766666668,2.0119047619047623,0.2666666666666666,0.5261904673809524,0.30857142228571427,0.4445238021190476,0.2888095151904762,2.6928571595238098,1.9309524023809523,2.0190476461904763,1.5047619285714287
2001,14,48.099,290.46666666666664,0.08809523809523806,0.8571428452380953,4.009523859523809,284.1261904761905,286.62857142857143,279.3833333333333,283.5904761904762,1.9761904880952381,0.6238095271428571,0.9523809766666668,2.0119047619047623,0.44238094380952386,0.5261904673809524,0.30857142228571427,0.4445238021190476,2.5047619285714284,2.6928571595238098,1.9309524023809523,2.0190476461904763
2001,15,46.282,284.1452380952381,4.709523840476191,0.47761904111904757,2.7809523904761906,290.46666666666664,284.1261904761905,286.62857142857143,279.3833333333333,0.08809523809523806,1.9761904880952381,0.6238095271428571,0.9523809766666668,0.8571428452380953,0.44238094380952386,0.5261904673809524,0.30857142228571427,4.009523859523809,2.5047619285714284,2.6928571595238098,1.9309524023809523
2001,16,55.9,289.2,2.961904816666666,0.7838095104761904,3.988095283333333,284.1452380952381,290.46666666666664,284.1261904761905,286.62857142857143,4.709523840476191,0.08809523809523806,1.9761904880952381,0.6238095271428571,0.47761904111904757,0.8571428452380953,0.44238094380952386,0.5261904673809524,2.7809523904761906,4.009523859523809,2.5047619285714284,2.6928571595238098
2001,17,59.06,291.96190476190475,0.2523809523809523,0.9442856895238095,4.297619064285715,289.2,284.1452380952381,290.46666666666664,284.1261904761905,2.961904816666666,4.709523840476191,0.08809523809523806,1.9761904880952381,0.7838095104761904,0.47761904111904757,0.8571428452380953,0.44238094380952386,3.988095283333333,2.7809523904761906,4.009523859523809,2.5047619285714284
2001,18,57.552,286.05,9.092857324761905,0.5107142800238095,3.0476190961904766,291.96190476190475,289.2,284.1452380952381,290.46666666666664,0.2523809523809523,2.961904816666666,4.709523840476191,0.08809523809523806,0.9442856895238095,0.7838095104761904,0.47761904111904757,0.8571428452380953,4.297619064285715,3.988095283333333,2.7809523904761906,4.009523859523809
2001,19,81.247,295.19523809523815,0.0,1.145952357857143,5.116666740476191,286.05,291.96190476190475,289.2,284.1452380952381,9.092857324761905,0.2523809523809523,2.961904816666666,4.709523840476191,0.5107142800238095,0.9442856895238095,0.7838095104761904,0.47761904111904757,3.0476190961904766,4.297619064285715,3.988095283333333,2.7809523904761906
2001,20,86.52,295.43333333333334,1.7285714428571428,1.0319047466666667,4.804761954761905,295.19523809523815,286.05,291.96190476190475,289.2,0.0,9.092857324761905,0.2523809523809523,2.961904816666666,1.145952357857143,0.5107142800238095,0.9442856895238095,0.7838095104761904,5.116666740476191,3.0476190961904766,4.297619064285715,3.988095283333333
2001,21,94.496,293.7904761904762,0.8714285857142857,1.0040476004761905,5.102380997619048,295.43333333333334,295.19523809523815,286.05,291.96190476190475,1.7285714428571428,0.0,9.092857324761905,0.2523809523809523,1.0319047466666667,1.145952357857143,0.5107142800238095,0.9442856895238095,4.804761954761905,5.116666740476191,3.0476190961904766,4.297619064285715
2001,22,96.417,297.57619047619045,1.319047631904762,1.2252380804761904,5.402381002380952,293.7904761904762,295.43333333333334,295.19523809523815,286.05,0.8714285857142857,1.7285714428571428,0.0,9.092857324761905,1.0040476004761905,1.0319047466666667,1.145952357857143,0.5107142800238095,5.102380997619048,4.804761954761905,5.116666740476191,3.0476190961904766
2001,23,115.0,299.91190476190474,0.6166666704761906,1.4780952147619046,5.747619126190478,297.57619047619045,293.7904761904762,295.43333333333334,295.19523809523815,1.319047631904762,0.8714285857142857,1.7285714428571428,0.0,1.2252380804761904,1.0040476004761905,1.0319047466666667,1.145952357857143,5.402381002380952,5.102380997619048,4.804761954761905,5.116666740476191
2001,24,120.58,298.2357142857142,1.8047619557142858,1.6478571240476194,6.385714328571428,299.91190476190474,297.57619047619045,293.7904761904762,295.43333333333334,0.6166666704761906,1.319047631904762,0.8714285857142857,1.7285714428571428,1.4780952147619046,1.2252380804761904,1.0040476004761905,1.0319047466666667,5.747619126190478,5.402381002380952,5.102380997619048,4.804761954761905
2001,25,153.85999999999999,301.0261904761905,0.3571428619047619,1.6588094926190475,6.200000064285715,298.2357142857142,299.91190476190474,297.57619047619045,293.7904761904762,1.8047619557142858,0.6166666704761906,1.319047631904762,0.8714285857142857,1.6478571240476194,1.4780952147619046,1.2252380804761904,1.0040476004761905,6.385714328571428,5.747619126190478,5.402381002380952,5.102380997619048
2001,26,152.23000000000002,304.45714285714286,0.8666666666666666,2.1757142547619046,6.485714349999999,301.0261904761905,298.2357142857142,299.91190476190474,297.57619047619045,0.3571428619047619,1.8047619557142858,0.6166666704761906,1.319047631904762,1.6588094926190475,1.6478571240476194,1.4780952147619046,1.2252380804761904,6.200000064285715,6.385714328571428,5.747619126190478,5.402381002380952
2001,27,178.669,306.24285714285713,2.269047646190476,2.274999969047619,6.671428635714285,304.45714285714286,301.0261904761905,298.2357142857142,299.91190476190474,0.8666666666666666,0.3571428619047619,1.8047619557142858,0.6166666704761906,2.1757142547619046,1.6588094926190475,1.6478571240476194,1.4780952147619046,6.485714349999999,6.200000064285715,6.385714328571428,5.747619126190478
2001,28,111.934,301.602380952381,4.847619105714286,1.3804761666666667,5.338095302380952,306.24285714285713,304.45714285714286,301.0261904761905,298.2357142857142,2.269047646190476,0.8666666666666666,0.3571428619047619,1.8047619557142858,2.274999969047619,2.1757142547619046,1.6588094926190475,1.6478571240476194,6.671428635714285,6.485714349999999,6.200000064285715,6.385714328571428
2001,29,156.762,303.35714285714283,0.052380952380952334,1.985238069047619,6.140476233333334,301.602380952381,306.24285714285713,304.45714285714286,301.0261904761905,4.847619105714286,2.269047646190476,0.8666666666666666,0.3571428619047619,1.3804761666666667,2.274999969047619,2.1757142547619046,1.6588094926190475,5.338095302380952,6.671428635714285,6.485714349999999,6.200000064285715
2001,30,153.457,302.9761904761904,1.3238095366666667,1.7299999785714286,5.926190526190477,303.35714285714283,301.602380952381,306.24285714285713,304.45714285714286,0.052380952380952334,4.847619105714286,2.269047646190476,0.8666666666666666,1.985238069047619,1.3804761666666667,2.274999969047619,2.1757142547619046,6.140476233333334,5.338095302380952,6.671428635714285,6.485714349999999
2001,31,155.543,303.8761904761905,1.7880952523809526,1.8980952119047618,6.028571457142857,302.9761904761904,303.35714285714283,301.602380952381,306.24285714285713,1.3238095366666667,0.052380952380952334,4.847619105714286,2.269047646190476,1.7299999785714286,1.985238069047619,1.3804761666666667,2.274999969047619,5.926190526190477,6.140476233333334,5.338095302380952,6.671428635714285
2001,32,133.686,300.3404761904762,5.285714292857143,1.2680952085714285,4.685714338095238,303.8761904761905,302.9761904761904,303.35714285714283,301.602380952381,1.7880952523809526,1.3238095366666667,0.052380952380952334,4.847619105714286,1.8980952119047618,1.7299999785714286,1.985238069047619,1.3804761666666667,6.028571457142857,5.926190526190477,6.140476233333334,5.338095302380952
2001,33,104.382,300.152380952381,1.5142857271428571,1.451190450952381,5.080952442857143,300.3404761904762,303.8761904761905,302.9761904761904,303.35714285714283,5.285714292857143,1.7880952523809526,1.3238095366666667,0.052380952380952334,1.2680952085714285,1.8980952119047618,1.7299999785714286,1.985238069047619,4.685714338095238,6.028571457142857,5.926190526190477,6.140476233333334
2001,34,132.3,301.0904761904762,0.973809530952381,1.690238069047619,5.157142914285714,300.152380952381,300.3404761904762,303.8761904761905,302.9761904761904,1.5142857271428571,5.285714292857143,1.7880952523809526,1.3238095366666667,1.451190450952381,1.2680952085714285,1.8980952119047618,1.7299999785714286,5.080952442857143,4.685714338095238,6.028571457142857,5.926190526190477
2001,35,142.18099999999998,302.12142857142857,0.06666666666666664,1.8523809285714286,5.40000005,301.0904761904762,300.152380952381,300.3404761904762,303.8761904761905,0.973809530952381,1.5142857271428571,5.285714292857143,1.7880952523809526,1.690238069047619,1.451190450952381,1.2680952085714285,1.8980952119047618,5.157142914285714,5.080952442857143,4.685714338095238,6.028571457142857
2001,36,123.732,296.7880952380952,3.8547619333333327,1.371190450952381,4.585714328571429,302.12142857142857,301.0904761904762,300.152380952381,300.3404761904762,0.06666666666666664,0.973809530952381,1.5142857271428571,5.285714292857143,1.8523809285714286,1.690238069047619,1.451190450952381,1.2680952085714285,5.40000005,5.157142914285714,5.080952442857143,4.685714338095238
2001,37,112.365,299.0238095238095,1.3857142904761905,1.4171428333333334,4.333333371428571,296.7880952380952,302.12142857142857,301.0904761904762,300.152380952381,3.8547619333333327,0.06666666666666664,0.973809530952381,1.5142857271428571,1.371190450952381,1.8523809285714286,1.690238069047619,1.451190450952381,4.585714328571429,5.40000005,5.157142914285714,5.080952442857143
2001,38,98.429,297.01190476190476,0.47857143095238097,1.2583333057142858,3.9928571857142856,299.0238095238095,296.7880952380952,302.12142857142857,301.0904761904762,1.3857142904761905,3.8547619333333327,0.06666666666666664,0.973809530952381,1.4171428333333334,1.371190450952381,1.8523809285714286,1.690238069047619,4.333333371428571,4.585714328571429,5.40000005,5.157142914285714
2001,39,120.33,299.89285714285717,0.0,1.6899999666666667,4.254761945238095,297.01190476190476,299.0238095238095,296.7880952380952,302.12142857142857,0.47857143095238097,1.3857142904761905,3.8547619333333327,0.06666666666666664,1.2583333057142858,1.4171428333333334,1.371190450952381,1.8523809285714286,3.9928571857142856,4.333333371428571,4.585714328571429,5.40000005
2001,40,95.075,293.59761904761905,0.3785714328571428,1.094285690952381,3.2500000285714292,299.89285714285717,297.01190476190476,299.0238095238095,296.7880952380952,0.0,0.47857143095238097,1.3857142904761905,3.8547619333333327,1.6899999666666667,1.2583333057142858,1.4171428333333334,1.371190450952381,4.254761945238095,3.9928571857142856,4.333333371428571,4.585714328571429
2001,41,80.71000000000001,288.20714285714286,0.43571429142857143,0.7273809409523809,2.7833333547619046,293.59761904761905,299.89285714285717,297.01190476190476,299.0238095238095,0.3785714328571428,0.0,0.47857143095238097,1.3857142904761905,1.094285690952381,1.6899999666666667,1.2583333057142858,1.4171428333333334,3.2500000285714292,4.254761945238095,3.9928571857142856,4.333333371428571
2001,42,73.78,291.5309523809524,0.1595238095238095,1.0657142633333334,3.0738095523809528,288.20714285714286,293.59761904761905,299.89285714285717,297.01190476190476,0.43571429142857143,0.3785714328571428,0.0,0.47857143095238097,0.7273809409523809,1.094285690952381,1.6899999666666667,1.2583333057142858,2.7833333547619046,3.2500000285714292,4.254761945238095,3.9928571857142856
2001,43,64.964,288.81190476190477,0.0,0.8773809338095236,2.895238119047619,291.5309523809524,288.20714285714286,293.59761904761905,299.89285714285717,0.1595238095238095,0.43571429142857143,0.3785714328571428,0.0,1.0657142633333334,0.7273809409523809,1.094285690952381,1.6899999666666667,3.0738095523809528,2.7833333547619046,3.2500000285714292,4.254761945238095
2001,44,59.595,291.7761904761905,0.0,0.9821428369047619,2.6500000333333333,288.81190476190477,291.5309523809524,288.20714285714286,293.59761904761905,0.0,0.1595238095238095,0.43571429142857143,0.3785714328571428,0.8773809338095236,1.0657142633333334,0.7273809409523809,1.094285690952381,2.895238119047619,3.0738095523809528,2.7833333547619046,3.2500000285714292
2001,45,48.911,289.55476190476196,1.5857142928571426,0.8707142676190475,2.1119047809523805,291.7761904761905,288.81190476190477,291.5309523809524,288.20714285714286,0.0,0.0,0.1595238095238095,0.43571429142857143,0.9821428369047619,0.8773809338095236,1.0657142633333334,0.7273809409523809,2.6500000333333333,2.895238119047619,3.0738095523809528,2.7833333547619046
2001,46,59.464,289.0380952380952,0.5666666738095238,0.7173809423809524,1.842857169047619,289.55476190476196,291.7761904761905,288.81190476190477,291.5309523809524,1.5857142928571426,0.0,0.0,0.1595238095238095,0.8707142676190475,0.9821428369047619,0.8773809338095236,1.0657142633333334,2.1119047809523805,2.6500000333333333,2.895238119047619,3.0738095523809528
2001,47,39.706,283.9928571428572,1.0047619142857143,0.5461904688095238,1.5714285895238094,289.0380952380952,289.55476190476196,291.7761904761905,288.81190476190477,0.5666666738095238,1.5857142928571426,0.0,0.0,0.7173809423809524,0.8707142676190475,0.9821428369047619,0.8773809338095236,1.842857169047619,2.1119047809523805,2.6500000333333333,2.895238119047619
2001,48,52.589,275.94761904761907,0.211904769047619,0.23595237814285708,1.002380961904762,283.9928571428572,289.0380952380952,289.55476190476196,291.7761904761905,1.0047619142857143,0.5666666738095238,1.5857142928571426,0.0,0.5461904688095238,0.7173809423809524,0.8707142676190475,0.9821428369047619,1.5714285895238094,1.842857169047619,2.1119047809523805,2.6500000333333333
2001,49,49.089999999999996,283.07619047619045,0.0571428571428571,0.5873809442857142,1.9833333547619045,275.94761904761907,283.9928571428572,289.0380952380952,289.55476190476196,0.211904769047619,1.0047619142857143,0.5666666738095238,1.5857142928571426,0.23595237814285708,0.5461904688095238,0.7173809423809524,0.8707142676190475,1.002380961904762,1.5714285895238094,1.842857169047619,2.1119047809523805
2001,50,40.798,279.14285714285717,1.0738095238095238,0.37952380571428573,1.290476204761905,283.07619047619045,275.94761904761907,283.9928571428572,289.0380952380952,0.0571428571428571,0.211904769047619,1.0047619142857143,0.5666666738095238,0.5873809442857142,0.23595237814285708,0.5461904688095238,0.7173809423809524,1.9833333547619045,1.002380961904762,1.5714285895238094,1.842857169047619
2001,51,44.04,280.34523809523813,0.11904761904761905,0.43309523428571417,1.42619049,279.14285714285717,283.07619047619045,275.94761904761907,283.9928571428572,1.0738095238095238,0.0571428571428571,0.211904769047619,1.0047619142857143,0.37952380571428573,0.5873809442857142,0.23595237814285708,0.5461904688095238,1.290476204761905,1.9833333547619045,1.002380961904762,1.5714285895238094
2001,52,39.307,277.18333333333334,0.1214285714285714,0.31166666085714284,1.0595238314285715,280.34523809523813,279.14285714285717,283.07619047619045,275.94761904761907,0.11904761904761905,1.0738095238095238,0.0571428571428571,0.211904769047619,0.43309523428571417,0.37952380571428573,0.5873809442857142,0.23595237814285708,1.42619049,1.290476204761905,1.9833333547619045,1.002380961904762
2002,1,43.019,277.1047619047619,0.9166666847619048,0.30880952,1.1238095452380952,277.18333333333334,280.34523809523813,279.14285714285717,283.07619047619045,0.1214285714285714,0.11904761904761905,1.0738095238095238,0.0571428571428571,0.31166666085714284,0.43309523428571417,0.37952380571428573,0.5873809442857142,1.0595238314285715,1.42619049,1.290476204761905,1.9833333547619045
2002,2,58.626,284.0761904761905,0.8428571428571429,0.5697618921428571,1.964285719047619,277.1047619047619,277.18333333333334,280.34523809523813,279.14285714285717,0.9166666847619048,0.1214285714285714,0.11904761904761905,1.0738095238095238,0.30880952,0.31166666085714284,0.43309523428571417,0.37952380571428573,1.1238095452380952,1.0595238314285715,1.42619049,1.290476204761905
2002,3,47.605,275.8309523809524,0.0,0.32523809095238093,1.1261904785714283,284.0761904761905,277.1047619047619,277.18333333333334,280.34523809523813,0.8428571428571429,0.9166666847619048,0.1214285714285714,0.11904761904761905,0.5697618921428571,0.30880952,0.31166666085714284,0.43309523428571417,1.964285719047619,1.1238095452380952,1.0595238314285715,1.42619049
2002,4,54.7715,281.84523809523813,0.8023809580952381,0.5371428504761904,2.0833333533333334,275.8309523809524,284.0761904761905,277.1047619047619,277.18333333333334,0.0,0.8428571428571429,0.9166666847619048,0.1214285714285714,0.32523809095238093,0.5697618921428571,0.30880952,0.31166666085714284,1.1261904785714283,1.964285719047619,1.1238095452380952,1.0595238314285715
2002,5,45.067,277.40000000000003,0.3380952428571428,0.3678571399999999,1.4142857261904762,281.84523809523813,275.8309523809524,284.0761904761905,277.1047619047619,0.8023809580952381,0.0,0.8428571428571429,0.9166666847619048,0.5371428504761904,0.32523809095238093,0.5697618921428571,0.30880952,2.0833333533333334,1.1261904785714283,1.964285719047619,1.1238095452380952
2002,6,56.405,280.06666666666666,0.014285714285714268,0.47309522833333323,2.097619071428571,277.40000000000003,281.84523809523813,275.8309523809524,284.0761904761905,0.3380952428571428,0.8023809580952381,0.0,0.8428571428571429,0.3678571399999999,0.5371428504761904,0.32523809095238093,0.5697618921428571,1.4142857261904762,2.0833333533333334,1.1261904785714283,1.964285719047619
2002,7,50.27,283.4285714285715,0.1809523819047619,0.6107142728571429,2.3047619214285713,280.06666666666666,277.40000000000003,281.84523809523813,275.8309523809524,0.014285714285714268,0.3380952428571428,0.8023809580952381,0.0,0.47309522833333323,0.3678571399999999,0.5371428504761904,0.32523809095238093,2.097619071428571,1.4142857261904762,2.0833333533333334,1.1261904785714283
2002,8,47.943,284.8690476190476,0.16904761904761903,0.666904750952381,2.638095271428571,283.4285714285715,280.06666666666666,277.40000000000003,281.84523809523813,0.1809523819047619,0.014285714285714268,0.3380952428571428,0.8023809580952381,0.6107142728571429,0.47309522833333323,0.3678571399999999,0.5371428504761904,2.3047619214285713,2.097619071428571,1.4142857261904762,2.0833333533333334
2002,9,44.716,272.5571428571428,2.01904765952381,0.20952380647619048,1.2309524028571428,284.8690476190476,283.4285714285715,280.06666666666666,277.40000000000003,0.16904761904761903,0.1809523819047619,0.014285714285714268,0.3380952428571428,0.666904750952381,0.6107142728571429,0.47309522833333323,0.3678571399999999,2.638095271428571,2.3047619214285713,2.097619071428571,1.4142857261904762
2002,10,50.478,282.72142857142853,0.5666666738095238,0.5361904707142857,2.5595238452380955,272.5571428571428,284.8690476190476,283.4285714285715,280.06666666666666,2.01904765952381,0.16904761904761903,0.1809523819047619,0.014285714285714268,0.20952380647619048,0.666904750952381,0.6107142728571429,0.47309522833333323,1.2309524028571428,2.638095271428571,2.3047619214285713,2.097619071428571
2002,11,44.771,280.86666666666673,1.7714286023809525,0.45095237447619047,2.2547619247619046,282.72142857142853,272.5571428571428,284.8690476190476,283.4285714285715,0.5666666738095238,2.01904765952381,0.16904761904761903,0.1809523819047619,0.5361904707142857,0.20952380647619048,0.666904750952381,0.6107142728571429,2.5595238452380955,1.2309524028571428,2.638095271428571,2.3047619214285713
2002,12,41.846000000000004,283.247619047619,0.9047619142857144,0.5485714204761905,2.657142880952381,280.86666666666673,282.72142857142853,272.5571428571428,284.8690476190476,1.7714286023809525,0.5666666738095238,2.01904765952381,0.16904761904761903,0.45095237447619047,0.5361904707142857,0.20952380647619048,0.666904750952381,2.2547619247619046,2.5595238452380955,1.2309524028571428,2.638095271428571
2002,13,51.205,286.5309523809524,0.14285714285714282,0.6873809461904763,3.2476190952380954,283.247619047619,280.86666666666673,282.72142857142853,272.5571428571428,0.9047619142857144,1.7714286023809525,0.5666666738095238,2.01904765952381,0.5485714204761905,0.45095237447619047,0.5361904707142857,0.20952380647619048,2.657142880952381,2.2547619247619046,2.5595238452380955,1.2309524028571428
2002,14,51.891,289.8833333333333,0.04047619047619045,0.9195237988095238,3.8547619404761906,286.5309523809524,283.247619047619,280.86666666666673,282.72142857142853,0.14285714285714282,0.9047619142857144,1.7714286023809525,0.5666666738095238,0.6873809461904763,0.5485714204761905,0.45095237447619047,0.5361904707142857,3.2476190952380954,2.657142880952381,2.2547619247619046,2.5595238452380955
2002,15,55.251000000000005,291.5833333333333,0.2738095238095238,0.9590476088095238,4.233333361904762,289.8833333333333,286.5309523809524,283.247619047619,280.86666666666673,0.04047619047619045,0.14285714285714282,0.9047619142857144,1.7714286023809525,0.9195237988095238,0.6873809461904763,0.5485714204761905,0.45095237447619047,3.8547619404761906,3.2476190952380954,2.657142880952381,2.2547619247619046
2002,16,84.511,289.1261904761905,0.11428571428571427,0.877619028095238,4.547619095238095,291.5833333333333,289.8833333333333,286.5309523809524,283.247619047619,0.2738095238095238,0.04047619047619045,0.14285714285714282,0.9047619142857144,0.9590476088095238,0.9195237988095238,0.6873809461904763,0.5485714204761905,4.233333361904762,3.8547619404761906,3.2476190952380954,2.657142880952381
2002,17,93.42399999999999,291.3547619047619,0.11904761904761903,0.9914285564285715,4.6952381785714286,289.1261904761905,291.5833333333333,289.8833333333333,286.5309523809524,0.11428571428571427,0.2738095238095238,0.04047619047619045,0.14285714285714282,0.877619028095238,0.9590476088095238,0.9195237988095238,0.6873809461904763,4.547619095238095,4.233333361904762,3.8547619404761906,3.2476190952380954
2002,18,114.78299999999999,290.9,0.5500000080952381,0.9440475985714286,4.619047647619048,291.3547619047619,289.1261904761905,291.5833333333333,289.8833333333333,0.11904761904761903,0.11428571428571427,0.2738095238095238,0.04047619047619045,0.9914285564285715,0.877619028095238,0.9590476088095238,0.9195237988095238,4.6952381785714286,4.547619095238095,4.233333361904762,3.8547619404761906
2002,19,136.595,290.3833333333333,1.995238102380953,0.9149999835714285,4.461904790476191,290.9,291.3547619047619,289.1261904761905,291.5833333333333,0.5500000080952381,0.11904761904761903,0.11428571428571427,0.2738095238095238,0.9440475985714286,0.9914285564285715,0.877619028095238,0.9590476088095238,4.619047647619048,4.6952381785714286,4.547619095238095,4.233333361904762
2002,20,83.945,294.20476190476194,0.8523809666666667,1.06119046,4.7619048119047624,290.3833333333333,290.9,291.3547619047619,289.1261904761905,1.995238102380953,0.5500000080952381,0.11904761904761903,0.11428571428571427,0.9149999835714285,0.9440475985714286,0.9914285564285715,0.877619028095238,4.461904790476191,4.619047647619048,4.6952381785714286,4.547619095238095
2002,21,82.126,291.58571428571423,5.142857238095238,0.9730952190476191,4.992857197619047,294.20476190476194,290.3833333333333,290.9,291.3547619047619,0.8523809666666667,1.995238102380953,0.5500000080952381,0.11904761904761903,1.06119046,0.9149999835714285,0.9440475985714286,0.9914285564285715,4.7619048119047624,4.461904790476191,4.619047647619048,4.6952381785714286
2002,22,114.182,301.15000000000003,0.0,1.9728571214285715,6.395238173809523,291.58571428571423,294.20476190476194,290.3833333333333,290.9,5.142857238095238,0.8523809666666667,1.995238102380953,0.5500000080952381,0.9730952190476191,1.06119046,0.9149999835714285,0.9440475985714286,4.992857197619047,4.7619048119047624,4.461904790476191,4.619047647619048
2002,23,104.03399999999999,299.3642857142857,2.06904765,1.617619034285714,6.400000104761904,301.15000000000003,291.58571428571423,294.20476190476194,290.3833333333333,0.0,5.142857238095238,0.8523809666666667,1.995238102380953,1.9728571214285715,0.9730952190476191,1.06119046,0.9149999835714285,6.395238173809523,4.992857197619047,4.7619048119047624,4.461904790476191
2002,24,124.33,298.93333333333334,0.014285714285714268,1.4302380642857144,5.697619126190477,299.3642857142857,301.15000000000003,291.58571428571423,294.20476190476194,2.06904765,0.0,5.142857238095238,0.8523809666666667,1.617619034285714,1.9728571214285715,0.9730952190476191,1.06119046,6.400000104761904,6.395238173809523,4.992857197619047,4.7619048119047624
2002,25,137.127,303.72857142857146,0.9595238190476191,2.145952342857143,6.957142928571429,298.93333333333334,299.3642857142857,301.15000000000003,291.58571428571423,0.014285714285714268,2.06904765,0.0,5.142857238095238,1.4302380642857144,1.617619034285714,1.9728571214285715,0.9730952190476191,5.697619126190477,6.400000104761904,6.395238173809523,4.992857197619047
2002,26,145.581,305.6380952380952,0.1261904761904762,2.5369047261904765,6.869047697619048,303.72857142857146,298.93333333333334,299.3642857142857,301.15000000000003,0.9595238190476191,0.014285714285714268,2.06904765,0.0,2.145952342857143,1.4302380642857144,1.617619034285714,1.9728571214285715,6.957142928571429,5.697619126190477,6.400000104761904,6.395238173809523
2002,27,150.395,304.6452380952381,1.6047619266666666,2.0809523571428574,6.364285807142856,305.6380952380952,303.72857142857146,298.93333333333334,299.3642857142857,0.1261904761904762,0.9595238190476191,0.014285714285714268,2.06904765,2.5369047261904765,2.145952342857143,1.4302380642857144,1.617619034285714,6.869047697619048,6.957142928571429,5.697619126190477,6.400000104761904
2002,28,150.14,304.4642857142857,1.042857142857143,2.0176190238095235,6.55238098809524,304.6452380952381,305.6380952380952,303.72857142857146,298.93333333333334,1.6047619266666666,0.1261904761904762,0.9595238190476191,0.014285714285714268,2.0809523571428574,2.5369047261904765,2.145952342857143,1.4302380642857144,6.364285807142856,6.869047697619048,6.957142928571429,5.697619126190477
2002,29,150.422,305.80476190476196,0.6023809642857144,2.3828571023809526,7.011904804761905,304.4642857142857,304.6452380952381,305.6380952380952,303.72857142857146,1.042857142857143,1.6047619266666666,0.1261904761904762,0.9595238190476191,2.0176190238095235,2.0809523571428574,2.5369047261904765,2.145952342857143,6.55238098809524,6.364285807142856,6.869047697619048,6.957142928571429
2002,30,151.685,303.85714285714283,0.25476190952380956,2.0452380595238093,6.295238145238096,305.80476190476196,304.4642857142857,304.6452380952381,305.6380952380952,0.6023809642857144,1.042857142857143,1.6047619266666666,0.1261904761904762,2.3828571023809526,2.0176190238095235,2.0809523571428574,2.5369047261904765,7.011904804761905,6.55238098809524,6.364285807142856,6.869047697619048
2002,31,143.547,303.3261904761905,0.8952381095238096,2.086428538095238,6.145238159523809,303.85714285714283,305.80476190476196,304.4642857142857,304.6452380952381,0.25476190952380956,0.6023809642857144,1.042857142857143,1.6047619266666666,2.0452380595238093,2.3828571023809526,2.0176190238095235,2.0809523571428574,6.295238145238096,7.011904804761905,6.55238098809524,6.364285807142856
2002,32,128.982,302.5404761904762,1.9261904904761906,1.8240475952380955,5.804761983333333,303.3261904761905,303.85714285714283,305.80476190476196,304.4642857142857,0.8952381095238096,0.25476190952380956,0.6023809642857144,1.042857142857143,2.086428538095238,2.0452380595238093,2.3828571023809526,2.0176190238095235,6.145238159523809,6.295238145238096,7.011904804761905,6.55238098809524
2002,33,143.714,301.99285714285713,0.0,2.029047579047619,6.516666730952381,302.5404761904762,303.3261904761905,303.85714285714283,305.80476190476196,1.9261904904761906,0.8952381095238096,0.25476190952380956,0.6023809642857144,1.8240475952380955,2.086428538095238,2.0452380595238093,2.3828571023809526,5.804761983333333,6.145238159523809,6.295238145238096,7.011904804761905
2002,34,132.775,301.0785714285715,0.7071428666666666,1.6916666523809523,5.39761914047619,301.99285714285713,302.5404761904762,303.3261904761905,303.85714285714283,0.0,1.9261904904761906,0.8952381095238096,0.25476190952380956,2.029047579047619,1.8240475952380955,2.086428538095238,2.0452380595238093,6.516666730952381,5.804761983333333,6.145238159523809,6.295238145238096
2002,35,103.845,300.7380952380952,1.1547619166666665,1.5914285442857141,5.216666745238095,301.0785714285715,301.99285714285713,302.5404761904762,303.3261904761905,0.7071428666666666,0.0,1.9261904904761906,0.8952381095238096,1.6916666523809523,2.029047579047619,1.8240475952380955,2.086428538095238,5.39761914047619,6.516666730952381,5.804761983333333,6.145238159523809
2002,36,102.368,302.5690476190476,0.07619047619047614,2.028809483333333,5.7809524166666675,300.7380952380952,301.0785714285715,301.99285714285713,302.5404761904762,1.1547619166666665,0.7071428666666666,0.0,1.9261904904761906,1.5914285442857141,1.6916666523809523,2.029047579047619,1.8240475952380955,5.216666745238095,5.39761914047619,6.516666730952381,5.804761983333333
2002,37,71.208,293.22857142857146,5.776190571428572,0.6226190390476191,2.9428571619047617,302.5690476190476,300.7380952380952,301.0785714285715,301.99285714285713,0.07619047619047614,1.1547619166666665,0.7071428666666666,0.0,2.028809483333333,1.5914285442857141,1.6916666523809523,2.029047579047619,5.7809524166666675,5.216666745238095,5.39761914047619,6.516666730952381
2002,38,36.066,294.76428571428573,1.5595238119047619,1.1157142614285716,4.007142902380953,293.22857142857146,302.5690476190476,300.7380952380952,301.0785714285715,5.776190571428572,0.07619047619047614,1.1547619166666665,0.7071428666666666,0.6226190390476191,2.028809483333333,1.5914285442857141,1.6916666523809523,2.9428571619047617,5.7809524166666675,5.216666745238095,5.39761914047619
2002,39,44.123999999999995,294.2190476190476,0.7071428619047619,1.0752380783333333,3.780952419047619,294.76428571428573,293.22857142857146,302.5690476190476,300.7380952380952,1.5595238119047619,5.776190571428572,0.07619047619047614,1.1547619166666665,1.1157142614285716,0.6226190390476191,2.028809483333333,1.5914285442857141,4.007142902380953,2.9428571619047617,5.7809524166666675,5.216666745238095
2002,40,52.422,288.69761904761907,3.0214286023809525,0.6564285642857142,2.697619073809524,294.2190476190476,294.76428571428573,293.22857142857146,302.5690476190476,0.7071428619047619,1.5595238119047619,5.776190571428572,0.07619047619047614,1.0752380783333333,1.1157142614285716,0.6226190390476191,2.028809483333333,3.780952419047619,4.007142902380953,2.9428571619047617,5.7809524166666675
2002,41,48.46,291.3547619047619,0.0,0.9552380776190477,3.173809557142857,288.69761904761907,294.2190476190476,294.76428571428573,293.22857142857146,3.0214286023809525,0.7071428619047619,1.5595238119047619,5.776190571428572,0.6564285642857142,1.0752380783333333,1.1157142614285716,0.6226190390476191,2.697619073809524,3.780952419047619,4.007142902380953,2.9428571619047617
2002,42,56.294,288.79761904761904,0.0,0.8714285569047618,2.7095238214285717,291.3547619047619,288.69761904761907,294.2190476190476,294.76428571428573,0.0,3.0214286023809525,0.7071428619047619,1.5595238119047619,0.9552380776190477,0.6564285642857142,1.0752380783333333,1.1157142614285716,3.173809557142857,2.697619073809524,3.780952419047619,4.007142902380953
2002,43,52.732,283.2904761904762,0.16666666761904758,0.4223809442857143,1.6761904833333332,288.79761904761904,291.3547619047619,288.69761904761907,294.2190476190476,0.0,0.0,3.0214286023809525,0.7071428619047619,0.8714285569047618,0.9552380776190477,0.6564285642857142,1.0752380783333333,2.7095238214285717,3.173809557142857,2.697619073809524,3.780952419047619
2002,44,34.722,276.1904761904762,2.7214286161904764,0.17119047249999997,0.9333333352380951,283.2904761904762,288.79761904761904,291.3547619047619,288.69761904761907,0.16666666761904758,0.0,0.0,3.0214286023809525,0.4223809442857143,0.8714285569047618,0.9552380776190477,0.6564285642857142,1.6761904833333332,2.7095238214285717,3.173809557142857,2.697619073809524
2002,45,40.929,285.0738095238096,0.14761904857142857,0.6402380814285714,2.419047657142857,276.1904761904762,283.2904761904762,288.79761904761904,291.3547619047619,2.7214286161904764,0.16666666761904758,0.0,0.0,0.17119047249999997,0.4223809442857143,0.8714285569047618,0.9552380776190477,0.9333333352380951,1.6761904833333332,2.7095238214285717,3.173809557142857
2002,46,41.494,282.7452380952381,0.34047619476190477,0.506190469047619,1.7571428714285713,285.0738095238096,276.1904761904762,283.2904761904762,288.79761904761904,0.14761904857142857,2.7214286161904764,0.16666666761904758,0.0,0.6402380814285714,0.17119047249999997,0.4223809442857143,0.8714285569047618,2.419047657142857,0.9333333352380951,1.6761904833333332,2.7095238214285717
2002,47,39.158,285.2452380952381,0.8809523833333334,0.6178571354761905,1.9785714485714283,282.7452380952381,285.0738095238096,276.1904761904762,283.2904761904762,0.34047619476190477,0.14761904857142857,2.7214286161904764,0.16666666761904758,0.506190469047619,0.6402380814285714,0.17119047249999997,0.4223809442857143,1.7571428714285713,2.419047657142857,0.9333333352380951,1.6761904833333332
2002,48,40.83,281.30476190476196,0.09047619047619045,0.4302380904761905,1.3714285952380953,285.2452380952381,282.7452380952381,285.0738095238096,276.1904761904762,0.8809523833333334,0.34047619476190477,0.14761904857142857,2.7214286161904764,0.6178571354761905,0.506190469047619,0.6402380814285714,0.17119047249999997,1.9785714485714283,1.7571428714285713,2.419047657142857,0.9333333352380951
2002,49,33.286,281.31666666666666,0.0,0.4304761821428571,1.1500000128571428,281.30476190476196,285.2452380952381,282.7452380952381,285.0738095238096,0.09047619047619045,0.8809523833333334,0.34047619476190477,0.14761904857142857,0.4302380904761905,0.6178571354761905,0.506190469047619,0.6402380814285714,1.3714285952380953,1.9785714485714283,1.7571428714285713,2.419047657142857
2002,50,36.765,283.2523809523809,0.0,0.6235714164285714,1.9714285928571427,281.31666666666666,281.30476190476196,285.2452380952381,282.7452380952381,0.0,0.09047619047619045,0.8809523833333334,0.34047619476190477,0.4304761821428571,0.4302380904761905,0.6178571354761905,0.506190469047619,1.1500000128571428,1.3714285952380953,1.9785714485714283,1.7571428714285713
2002,51,41.445,278.4047619047619,0.16190476285714284,0.3771428511904762,1.3190476423809523,283.2523809523809,281.31666666666666,281.30476190476196,285.2452380952381,0.0,0.0,0.09047619047619045,0.8809523833333334,0.6235714164285714,0.4304761821428571,0.4302380904761905,0.6178571354761905,1.9714285928571427,1.1500000128571428,1.3714285952380953,1.9785714485714283
2002,52,34.953,279.0190476190476,0.026190476190476167,0.42523808890476184,1.5547619119047618,278.4047619047619,283.2523809523809,281.31666666666666,281.30476190476196,0.16190476285714284,0.0,0.0,0.09047619047619045,0.3771428511904762,0.6235714164285714,0.4304761821428571,0.4302380904761905,1.3190476423809523,1.9714285928571427,1.1500000128571428,1.3714285952380953
2004,5,65.557,277.5714285714286,0.9690476223809524,0.29714285142857144,1.3690476385714287,280.4190476190476,283.99047619047616,280.49047619047616,277.7047619047619,0.7952380999999998,0.0,0.04761904761904757,0.8500000033333334,0.42666665857142855,0.6485714157142858,0.48642856119047617,0.31999999652380945,1.4571428895238094,1.6642857404761904,1.5404762076190475,1.2380952561904761
2004,6,64.447,274.93571428571425,1.335714304761905,0.22023809238095235,1.109523818095238,277.5714285714286,280.4190476190476,283.99047619047616,280.49047619047616,0.9690476223809524,0.7952380999999998,0.0,0.04761904761904757,0.29714285142857144,0.42666665857142855,0.6485714157142858,0.48642856119047617,1.3690476385714287,1.4571428895238094,1.6642857404761904,1.5404762076190475
2004,7,57.849000000000004,275.2428571428572,0.8547619119047618,0.2702380916666666,1.2404762176190476,274.93571428571425,277.5714285714286,280.4190476190476,283.99047619047616,1.335714304761905,0.9690476223809524,0.7952380999999998,0.0,0.22023809238095235,0.29714285142857144,0.42666665857142855,0.6485714157142858,1.109523818095238,1.3690476385714287,1.4571428895238094,1.6642857404761904
2004,8,50.339,283.31904761904764,1.6166666714285716,0.5007142783333333,2.0809523904761904,275.2428571428572,274.93571428571425,277.5714285714286,280.4190476190476,0.8547619119047618,1.335714304761905,0.9690476223809524,0.7952380999999998,0.2702380916666666,0.22023809238095235,0.29714285142857144,0.42666665857142855,1.2404762176190476,1.109523818095238,1.3690476385714287,1.4571428895238094
2004,9,54.486000000000004,283.48333333333335,0.6523809580952381,0.51857142,2.2333333619047617,283.31904761904764,275.2428571428572,274.93571428571425,277.5714285714286,1.6166666714285716,0.8547619119047618,1.335714304761905,0.9690476223809524,0.5007142783333333,0.2702380916666666,0.22023809238095235,0.29714285142857144,2.0809523904761904,1.2404762176190476,1.109523818095238,1.3690476385714287
2004,10,50.941,281.52857142857147,2.730952435714286,0.36047618595238085,1.945238116666667,283.48333333333335,283.31904761904764,275.2428571428572,274.93571428571425,0.6523809580952381,1.6166666714285716,0.8547619119047618,1.335714304761905,0.51857142,0.5007142783333333,0.2702380916666666,0.22023809238095235,2.2333333619047617,2.0809523904761904,1.2404762176190476,1.109523818095238
2004,11,51.800000000000004,288.76666666666665,0.0,0.7257142766666665,2.9738095309523813,281.52857142857147,283.48333333333335,283.31904761904764,275.2428571428572,2.730952435714286,0.6523809580952381,1.6166666714285716,0.8547619119047618,0.36047618595238085,0.51857142,0.5007142783333333,0.2702380916666666,1.945238116666667,2.2333333619047617,2.0809523904761904,1.2404762176190476
2004,12,52.522,290.8452380952381,0.007142857142857134,0.9904761628571429,3.8666666904761904,288.76666666666665,281.52857142857147,283.48333333333335,283.31904761904764,0.0,2.730952435714286,0.6523809580952381,1.6166666714285716,0.7257142766666665,0.36047618595238085,0.51857142,0.5007142783333333,2.9738095309523813,1.945238116666667,2.2333333619047617,2.0809523904761904
2004,13,70.369,292.87142857142857,0.0,1.2009523552380952,4.157142895238095,290.8452380952381,288.76666666666665,281.52857142857147,283.48333333333335,0.007142857142857134,0.0,2.730952435714286,0.6523809580952381,0.9904761628571429,0.7257142766666665,0.36047618595238085,0.51857142,3.8666666904761904,2.9738095309523813,1.945238116666667,2.2333333619047617
2004,14,63.168,290.5285714285714,3.6119048095238093,0.9285714130952383,3.7238095714285717,292.87142857142857,290.8452380952381,288.76666666666665,281.52857142857147,0.0,0.007142857142857134,0.0,2.730952435714286,1.2009523552380952,0.9904761628571429,0.7257142766666665,0.36047618595238085,4.157142895238095,3.8666666904761904,2.9738095309523813,1.945238116666667
2004,15,53.282,284.2452380952381,5.964285822380952,0.3780952336428571,2.3809524023809523,290.5285714285714,292.87142857142857,290.8452380952381,288.76666666666665,3.6119048095238093,0.0,0.007142857142857134,0.0,0.9285714130952383,1.2009523552380952,0.9904761628571429,0.7257142766666665,3.7238095714285717,4.157142895238095,3.8666666904761904,2.9738095309523813
2004,16,52.5,289.0571428571429,0.6928571571428571,0.87880951,4.326190497619048,284.2452380952381,290.5285714285714,292.87142857142857,290.8452380952381,5.964285822380952,3.6119048095238093,0.0,0.007142857142857134,0.3780952336428571,0.9285714130952383,1.2009523552380952,0.9904761628571429,2.3809524023809523,3.7238095714285717,4.157142895238095,3.8666666904761904
2004,17,58.082,285.11904761904765,4.009523892857143,0.5028571350000001,3.0952381333333334,289.0571428571429,284.2452380952381,290.5285714285714,292.87142857142857,0.6928571571428571,5.964285822380952,3.6119048095238093,0.0,0.87880951,0.3780952336428571,0.9285714130952383,1.2009523552380952,4.326190497619048,2.3809524023809523,3.7238095714285717,4.157142895238095
2004,18,48.894,288.6095238095238,1.5476190714285714,0.7045237949047619,3.773809566666667,285.11904761904765,289.0571428571429,284.2452380952381,290.5285714285714,4.009523892857143,0.6928571571428571,5.964285822380952,3.6119048095238093,0.5028571350000001,0.87880951,0.3780952336428571,0.9285714130952383,3.0952381333333334,4.326190497619048,2.3809524023809523,3.7238095714285717
2004,19,71.122,297.9642857142857,0.0,1.5635714047619047,5.938095280952381,288.6095238095238,285.11904761904765,289.0571428571429,284.2452380952381,1.5476190714285714,4.009523892857143,0.6928571571428571,5.964285822380952,0.7045237949047619,0.5028571350000001,0.87880951,0.3780952336428571,3.773809566666667,3.0952381333333334,4.326190497619048,2.3809524023809523
2004,20,63.329,292.002380952381,4.259523835714286,0.9211904531190477,4.711904814285715,297.9642857142857,288.6095238095238,285.11904761904765,289.0571428571429,0.0,1.5476190714285714,4.009523892857143,0.6928571571428571,1.5635714047619047,0.7045237949047619,0.5028571350000001,0.87880951,5.938095280952381,3.773809566666667,3.0952381333333334,4.326190497619048
2004,21,93.072,296.7857142857143,0.06190476190476186,1.2542856930952382,5.526190497619047,292.002380952381,297.9642857142857,288.6095238095238,285.11904761904765,4.259523835714286,0.0,1.5476190714285714,4.009523892857143,0.9211904531190477,1.5635714047619047,0.7045237949047619,0.5028571350000001,4.711904814285715,5.938095280952381,3.773809566666667,3.0952381333333334
2004,22,87.707,294.4428571428571,0.3309523828571428,1.1261904535714287,5.4404762404761895,296.7857142857143,292.002380952381,297.9642857142857,288.6095238095238,0.06190476190476186,4.259523835714286,0.0,1.5476190714285714,1.2542856930952382,0.9211904531190477,1.5635714047619047,0.7045237949047619,5.526190497619047,4.711904814285715,5.938095280952381,3.773809566666667
2004,23,97.231,297.65238095238095,0.06190476190476187,1.4619047433333334,5.850000064285715,294.4428571428571,296.7857142857143,292.002380952381,297.9642857142857,0.3309523828571428,0.06190476190476186,4.259523835714286,0.0,1.1261904535714287,1.2542856930952382,0.9211904531190477,1.5635714047619047,5.4404762404761895,5.526190497619047,4.711904814285715,5.938095280952381
2004,24,84.751,297.7238095238095,2.1785714833333336,1.4442856792857144,6.176190504761904,297.65238095238095,294.4428571428571,296.7857142857143,292.002380952381,0.06190476190476187,0.3309523828571428,0.06190476190476186,4.259523835714286,1.4619047433333334,1.1261904535714287,1.2542856930952382,0.9211904531190477,5.850000064285715,5.4404762404761895,5.526190497619047,4.711904814285715
2004,25,72.429,296.0595238095238,3.330952426190476,0.9778571257142855,4.602380980952382,297.7238095238095,297.65238095238095,294.4428571428571,296.7857142857143,2.1785714833333336,0.06190476190476187,0.3309523828571428,0.06190476190476186,1.4442856792857144,1.4619047433333334,1.1261904535714287,1.2542856930952382,6.176190504761904,5.850000064285715,5.4404762404761895,5.526190497619047
2004,26,64.30799999999999,293.72857142857146,6.142857200000001,0.8111904635714285,4.442857180952381,296.0595238095238,297.7238095238095,297.65238095238095,294.4428571428571,3.330952426190476,2.1785714833333336,0.06190476190476187,0.3309523828571428,0.9778571257142855,1.4442856792857144,1.4619047433333334,1.1261904535714287,4.602380980952382,6.176190504761904,5.850000064285715,5.4404762404761895
2004,27,63.058,298.0571428571429,1.192857158095238,1.1640476011904763,5.130952423809524,293.72857142857146,296.0595238095238,297.7238095238095,297.65238095238095,6.142857200000001,3.330952426190476,2.1785714833333336,0.06190476190476187,0.8111904635714285,0.9778571257142855,1.4442856792857144,1.4619047433333334,4.442857180952381,4.602380980952382,6.176190504761904,5.850000064285715
2004,28,96.264,301.28333333333336,0.8619047747619047,1.7028571073809522,6.342857250000001,298.0571428571429,293.72857142857146,296.0595238095238,297.7238095238095,1.192857158095238,6.142857200000001,3.330952426190476,2.1785714833333336,1.1640476011904763,0.8111904635714285,0.9778571257142855,1.4442856792857144,5.130952423809524,4.442857180952381,4.602380980952382,6.176190504761904
2004,29,95.806,302.58809523809526,2.0166667214285714,1.6354761626190475,5.7285714952380955,301.28333333333336,298.0571428571429,293.72857142857146,296.0595238095238,0.8619047747619047,1.192857158095238,6.142857200000001,3.330952426190476,1.7028571073809522,1.1640476011904763,0.8111904635714285,0.9778571257142855,6.342857250000001,5.130952423809524,4.442857180952381,4.602380980952382
2004,30,88.718,298.6809523809524,4.2642857676190475,1.0464285507142856,4.711904797619048,302.58809523809526,301.28333333333336,298.0571428571429,293.72857142857146,2.0166667214285714,0.8619047747619047,1.192857158095238,6.142857200000001,1.6354761626190475,1.7028571073809522,1.1640476011904763,0.8111904635714285,5.7285714952380955,6.342857250000001,5.130952423809524,4.442857180952381
2004,31,84.741,300.5857142857143,0.7047619080952381,1.56452378,5.64285722857143,298.6809523809524,302.58809523809526,301.28333333333336,298.0571428571429,4.2642857676190475,2.0166667214285714,0.8619047747619047,1.192857158095238,1.0464285507142856,1.6354761626190475,1.7028571073809522,1.1640476011904763,4.711904797619048,5.7285714952380955,6.342857250000001,5.130952423809524
2004,32,110.441,301.59523809523813,1.5619047976190477,1.6504761642857144,5.421428635714286,300.5857142857143,298.6809523809524,302.58809523809526,301.28333333333336,0.7047619080952381,4.2642857676190475,2.0166667214285714,0.8619047747619047,1.56452378,1.0464285507142856,1.6354761626190475,1.7028571073809522,5.64285722857143,4.711904797619048,5.7285714952380955,6.342857250000001
2004,33,105.487,299.1714285714286,0.9761905119047619,1.2466666435714286,4.850000057142857,301.59523809523813,300.5857142857143,298.6809523809524,302.58809523809526,1.5619047976190477,0.7047619080952381,4.2642857676190475,2.0166667214285714,1.6504761642857144,1.56452378,1.0464285507142856,1.6354761626190475,5.421428635714286,5.64285722857143,4.711904797619048,5.7285714952380955
2004,34,85.711,296.71666666666664,7.1190476714285715,1.0428571226190477,4.052380988095239,299.1714285714286,301.59523809523813,300.5857142857143,298.6809523809524,0.9761905119047619,1.5619047976190477,0.7047619080952381,4.2642857676190475,1.2466666435714286,1.6504761642857144,1.56452378,1.0464285507142856,4.850000057142857,5.421428635714286,5.64285722857143,4.711904797619048
2004,35,67.853,296.09285714285716,1.990476216666667,1.134285694047619,4.528571478571428,296.71666666666664,299.1714285714286,301.59523809523813,300.5857142857143,7.1190476714285715,0.9761905119047619,1.5619047976190477,0.7047619080952381,1.0428571226190477,1.2466666435714286,1.6504761642857144,1.56452378,4.052380988095239,4.850000057142857,5.421428635714286,5.64285722857143
2004,36,87.919,298.37380952380954,0.2404761928571428,1.428095215238095,4.869047683333333,296.09285714285716,296.71666666666664,299.1714285714286,301.59523809523813,1.990476216666667,7.1190476714285715,0.9761905119047619,1.5619047976190477,1.134285694047619,1.0428571226190477,1.2466666435714286,1.6504761642857144,4.528571478571428,4.052380988095239,4.850000057142857,5.421428635714286
2004,37,103.765,299.34999999999997,0.030952380952380936,1.59619045,4.892857207142858,298.37380952380954,296.09285714285716,296.71666666666664,299.1714285714286,0.2404761928571428,1.990476216666667,7.1190476714285715,0.9761905119047619,1.428095215238095,1.134285694047619,1.0428571226190477,1.2466666435714286,4.869047683333333,4.528571478571428,4.052380988095239,4.850000057142857
2004,38,101.557,298.98095238095243,0.021428571428571398,1.5319047395238092,5.126190564285714,299.34999999999997,298.37380952380954,296.09285714285716,296.71666666666664,0.030952380952380936,0.2404761928571428,1.990476216666667,7.1190476714285715,1.59619045,1.428095215238095,1.134285694047619,1.0428571226190477,4.892857207142858,4.869047683333333,4.528571478571428,4.052380988095239
2004,39,71.501,291.4,3.200000008095238,0.72690475,3.0380952619047616,298.98095238095243,299.34999999999997,298.37380952380954,296.09285714285716,0.021428571428571398,0.030952380952380936,0.2404761928571428,1.990476216666667,1.5319047395238092,1.59619045,1.428095215238095,1.134285694047619,5.126190564285714,4.892857207142858,4.869047683333333,4.528571478571428
2004,40,70.522,290.60714285714283,2.866666688095238,0.6633333235714286,2.6119047833333333,291.4,298.98095238095243,299.34999999999997,298.37380952380954,3.200000008095238,0.021428571428571398,0.030952380952380936,0.2404761928571428,0.72690475,1.5319047395238092,1.59619045,1.428095215238095,3.0380952619047616,5.126190564285714,4.892857207142858,4.869047683333333
2004,41,60.268,291.68809523809523,3.078571452380953,0.8216666533333333,2.897619066666666,290.60714285714283,291.4,298.98095238095243,299.34999999999997,2.866666688095238,3.200000008095238,0.021428571428571398,0.030952380952380936,0.6633333235714286,0.72690475,1.5319047395238092,1.59619045,2.6119047833333333,3.0380952619047616,5.126190564285714,4.892857207142858
2004,42,57.728,289.5571428571428,2.1404761904761904,0.7033333223809524,2.7214286,291.68809523809523,290.60714285714283,291.4,298.98095238095243,3.078571452380953,2.866666688095238,3.200000008095238,0.021428571428571398,0.8216666533333333,0.6633333235714286,0.72690475,1.5319047395238092,2.897619066666666,2.6119047833333333,3.0380952619047616,5.126190564285714
2004,43,58.428,289.7,0.10238095333333332,0.7954761752380953,2.816666683333333,289.5571428571428,291.68809523809523,290.60714285714283,291.4,2.1404761904761904,3.078571452380953,2.866666688095238,3.200000008095238,0.7033333223809524,0.8216666533333333,0.6633333235714286,0.72690475,2.7214286,2.897619066666666,2.6119047833333333,3.0380952619047616
2004,44,53.224,287.49047619047616,0.6738095452380953,0.6547618961904762,2.38333335,289.7,289.5571428571428,291.68809523809523,290.60714285714283,0.10238095333333332,2.1404761904761904,3.078571452380953,2.866666688095238,0.7954761752380953,0.7033333223809524,0.8216666533333333,0.6633333235714286,2.816666683333333,2.7214286,2.897619066666666,2.6119047833333333
2004,45,43.858000000000004,285.73333333333335,1.164285730952381,0.7297618922380953,2.1952381109523813,287.49047619047616,289.7,289.5571428571428,291.68809523809523,0.6738095452380953,0.10238095333333332,2.1404761904761904,3.078571452380953,0.6547618961904762,0.7954761752380953,0.7033333223809524,0.8216666533333333,2.38333335,2.816666683333333,2.7214286,2.897619066666666
2004,46,46.926,284.2309523809524,2.0285714628571427,0.4838095126190476,1.4309523995238094,285.73333333333335,287.49047619047616,289.7,289.5571428571428,1.164285730952381,0.6738095452380953,0.10238095333333332,2.1404761904761904,0.7297618922380953,0.6547618961904762,0.7954761752380953,0.7033333223809524,2.1952381109523813,2.38333335,2.816666683333333,2.7214286
2004,47,45.042,282.78333333333336,0.6952381071428572,0.45142856128571424,1.3690476319047618,284.2309523809524,285.73333333333335,287.49047619047616,289.7,2.0285714628571427,1.164285730952381,0.6738095452380953,0.10238095333333332,0.4838095126190476,0.7297618922380953,0.6547618961904762,0.7954761752380953,1.4309523995238094,2.1952381109523813,2.38333335,2.816666683333333
2004,48,42.402,279.25000000000006,2.3238095333333333,0.29595237747619046,1.1714285809523808,282.78333333333336,284.2309523809524,285.73333333333335,287.49047619047616,0.6952381071428572,2.0285714628571427,1.164285730952381,0.6738095452380953,0.45142856128571424,0.4838095126190476,0.7297618922380953,0.6547618961904762,1.3690476319047618,1.4309523995238094,2.1952381109523813,2.38333335
2004,49,15.349,276.57380952380953,0.5428571533333334,0.33238094795238093,1.1833333528571428,279.25000000000006,282.78333333333336,284.2309523809524,285.73333333333335,2.3238095333333333,0.6952381071428572,2.0285714628571427,1.164285730952381,0.29595237747619046,0.45142856128571424,0.4838095126190476,0.7297618922380953,1.1714285809523808,1.3690476319047618,1.4309523995238094,2.1952381109523813
2004,50,29.15,283.95,0.12380952380952377,0.5840476107142858,1.8690476523809523,276.57380952380953,279.25000000000006,282.78333333333336,284.2309523809524,0.5428571533333334,2.3238095333333333,0.6952381071428572,2.0285714628571427,0.33238094795238093,0.29595237747619046,0.45142856128571424,0.4838095126190476,1.1833333528571428,1.1714285809523808,1.3690476319047618,1.4309523995238094
2004,51,45.357,282.4190476190476,0.41428571904761907,0.5438095138095238,1.733333354761905,283.95,276.57380952380953,279.25000000000006,282.78333333333336,0.12380952380952377,0.5428571533333334,2.3238095333333333,0.6952381071428572,0.5840476107142858,0.33238094795238093,0.29595237747619046,0.45142856128571424,1.8690476523809523,1.1833333528571428,1.1714285809523808,1.3690476319047618
2004,52,22.724,277.3857142857143,0.9380952471428571,0.3726190419523809,1.378571439047619,282.4190476190476,283.95,276.57380952380953,279.25000000000006,0.41428571904761907,0.12380952380952377,0.5428571533333334,2.3238095333333333,0.5438095138095238,0.5840476107142858,0.33238094795238093,0.29595237747619046,1.733333354761905,1.8690476523809523,1.1833333528571428,1.1714285809523808
2005,1,40.464,277.1666666666667,0.8142857261904762,0.2954761833095238,1.123809528095238,282.9857142857143,277.3857142857143,282.4190476190476,283.95,0.02857142857142855,0.9380952471428571,0.41428571904761907,0.12380952380952377,0.5626190390476191,0.3726190419523809,0.5438095138095238,0.5840476107142858,1.7428571547619052,1.378571439047619,1.733333354761905,1.8690476523809523
2005,2,43.246,280.62857142857143,0.9857142904761905,0.3838095180952381,1.4285714514285714,277.1666666666667,282.9857142857143,277.3857142857143,282.4190476190476,0.8142857261904762,0.02857142857142855,0.9380952471428571,0.41428571904761907,0.2954761833095238,0.5626190390476191,0.3726190419523809,0.5438095138095238,1.123809528095238,1.7428571547619052,1.378571439047619,1.733333354761905
2005,3,43.853,286.23809523809524,0.0,0.6661904680952381,2.1833333476190475,280.62857142857143,277.1666666666667,282.9857142857143,277.3857142857143,0.9857142904761905,0.8142857261904762,0.02857142857142855,0.9380952471428571,0.3838095180952381,0.2954761833095238,0.5626190390476191,0.3726190419523809,1.4285714514285714,1.123809528095238,1.7428571547619052,1.378571439047619
2005,4,43.462,283.6619047619048,2.1095238333333333,0.514761894047619,1.3761904976190478,286.23809523809524,280.62857142857143,277.1666666666667,282.9857142857143,0.0,0.9857142904761905,0.8142857261904762,0.02857142857142855,0.6661904680952381,0.3838095180952381,0.2954761833095238,0.5626190390476191,2.1833333476190475,1.4285714514285714,1.123809528095238,1.7428571547619052
2005,5,43.355,279.7547619047619,1.1238095238095236,0.37285713761904754,1.4547619309523807,283.6619047619048,286.23809523809524,280.62857142857143,277.1666666666667,2.1095238333333333,0.0,0.9857142904761905,0.8142857261904762,0.514761894047619,0.6661904680952381,0.3838095180952381,0.2954761833095238,1.3761904976190478,2.1833333476190475,1.4285714514285714,1.123809528095238
2005,6,40.944,281.3261904761905,0.0,0.45476189833333325,1.671428594761905,279.7547619047619,283.6619047619048,286.23809523809524,280.62857142857143,1.1238095238095236,2.1095238333333333,0.0,0.9857142904761905,0.37285713761904754,0.514761894047619,0.6661904680952381,0.3838095180952381,1.4547619309523807,1.3761904976190478,2.1833333476190475,1.4285714514285714
2005,7,43.965,282.99285714285713,0.31666667142857147,0.4828571407619047,1.916666671904762,281.3261904761905,279.7547619047619,283.6619047619048,286.23809523809524,0.0,1.1238095238095236,2.1095238333333333,0.0,0.45476189833333325,0.37285713761904754,0.514761894047619,0.6661904680952381,1.671428594761905,1.4547619309523807,1.3761904976190478,2.1833333476190475
2005,8,41.124,281.45,0.0,0.44285713857142855,1.8952381285714288,282.99285714285713,281.3261904761905,279.7547619047619,283.6619047619048,0.31666667142857147,0.0,1.1238095238095236,2.1095238333333333,0.4828571407619047,0.45476189833333325,0.37285713761904754,0.514761894047619,1.916666671904762,1.671428594761905,1.4547619309523807,1.3761904976190478
2005,9,43.195,284.1642857142857,0.028571428571428553,0.6333333221428571,2.4904762119047623,281.45,282.99285714285713,281.3261904761905,279.7547619047619,0.0,0.31666667142857147,0.0,1.1238095238095236,0.44285713857142855,0.4828571407619047,0.45476189833333325,0.37285713761904754,1.8952381285714288,1.916666671904762,1.671428594761905,1.4547619309523807
2005,10,44.7,284.79285714285714,1.1142857238095238,0.6107142785714285,2.8976190619047624,284.1642857142857,281.45,282.99285714285713,281.3261904761905,0.028571428571428553,0.0,0.31666667142857147,0.0,0.6333333221428571,0.44285713857142855,0.4828571407619047,0.45476189833333325,2.4904762119047623,1.8952381285714288,1.916666671904762,1.671428594761905
2005,11,41.727000000000004,279.81666666666666,1.214285720952381,0.39999999499999994,2.0857143057142857,284.79285714285714,284.1642857142857,281.45,282.99285714285713,1.1142857238095238,0.028571428571428553,0.0,0.31666667142857147,0.6107142785714285,0.6333333221428571,0.44285713857142855,0.4828571407619047,2.8976190619047624,2.4904762119047623,1.8952381285714288,1.916666671904762
2005,12,43.057,282.0238095238096,1.892857151904762,0.39214285180952374,2.2857143023809527,279.81666666666666,284.79285714285714,284.1642857142857,281.45,1.214285720952381,1.1142857238095238,0.028571428571428553,0.0,0.39999999499999994,0.6107142785714285,0.6333333221428571,0.44285713857142855,2.0857143057142857,2.8976190619047624,2.4904762119047623,1.8952381285714288
2005,13,39.138,284.9285714285714,0.7976190566666667,0.6673809408095238,3.2547619357142854,282.0238095238096,279.81666666666666,284.79285714285714,284.1642857142857,1.892857151904762,1.214285720952381,1.1142857238095238,0.028571428571428553,0.39214285180952374,0.39999999499999994,0.6107142785714285,0.6333333221428571,2.2857143023809527,2.0857143057142857,2.8976190619047624,2.4904762119047623
2005,14,51.21,287.14761904761906,3.9690476523809526,0.7666666545238096,3.773809552380952,284.9285714285714,282.0238095238096,279.81666666666666,284.79285714285714,0.7976190566666667,1.892857151904762,1.214285720952381,1.1142857238095238,0.6673809408095238,0.39214285180952374,0.39999999499999994,0.6107142785714285,3.2547619357142854,2.2857143023809527,2.0857143057142857,2.8976190619047624
2005,15,41.571999999999996,288.2309523809524,1.2880952857142856,0.7571428464285713,3.54523814047619,287.14761904761906,284.9285714285714,282.0238095238096,279.81666666666666,3.9690476523809526,0.7976190566666667,1.892857151904762,1.214285720952381,0.7666666545238096,0.6673809408095238,0.39214285180952374,0.39999999499999994,3.773809552380952,3.2547619357142854,2.2857143023809527,2.0857143057142857
2005,16,52.789,289.03333333333336,3.880952452380953,0.7197618911904762,3.7642857571428565,288.2309523809524,287.14761904761906,284.9285714285714,282.0238095238096,1.2880952857142856,3.9690476523809526,0.7976190566666667,1.892857151904762,0.7571428464285713,0.7666666545238096,0.6673809408095238,0.39214285180952374,3.54523814047619,3.773809552380952,3.2547619357142854,2.2857143023809527
2005,17,44.141,282.68333333333334,4.3166667285714295,0.3790476128571428,2.597619057142857,289.03333333333336,288.2309523809524,287.14761904761906,284.9285714285714,3.880952452380953,1.2880952857142856,3.9690476523809526,0.7976190566666667,0.7197618911904762,0.7571428464285713,0.7666666545238096,0.6673809408095238,3.7642857571428565,3.54523814047619,3.773809552380952,3.2547619357142854
2005,18,45.456,289.2333333333333,0.18333333571428564,0.7871428423809524,4.183333388095238,282.68333333333334,289.03333333333336,288.2309523809524,287.14761904761906,4.3166667285714295,3.880952452380953,1.2880952857142856,3.9690476523809526,0.3790476128571428,0.7197618911904762,0.7571428464285713,0.7666666545238096,2.597619057142857,3.7642857571428565,3.54523814047619,3.773809552380952
2005,19,56.334,291.5476190476191,1.7023809833333334,0.8849999914285713,4.347619083333333,289.2333333333333,282.68333333333334,289.03333333333336,288.2309523809524,0.18333333571428564,4.3166667285714295,3.880952452380953,1.2880952857142856,0.7871428423809524,0.3790476128571428,0.7197618911904762,0.7571428464285713,4.183333388095238,2.597619057142857,3.7642857571428565,3.54523814047619
2005,20,84.197,298.51190476190476,0.0,1.5880952095238092,5.911904833333334,291.5476190476191,289.2333333333333,282.68333333333334,289.03333333333336,1.7023809833333334,0.18333333571428564,4.3166667285714295,3.880952452380953,0.8849999914285713,0.7871428423809524,0.3790476128571428,0.7197618911904762,4.347619083333333,4.183333388095238,2.597619057142857,3.7642857571428565
2005,21,108.827,295.2,0.9976190566666667,1.0895237888095237,4.911904819047619,298.51190476190476,291.5476190476191,289.2333333333333,282.68333333333334,0.0,1.7023809833333334,0.18333333571428564,4.3166667285714295,1.5880952095238092,0.8849999914285713,0.7871428423809524,0.3790476128571428,5.911904833333334,4.347619083333333,4.183333388095238,2.597619057142857
2005,22,71.171,293.40000000000003,4.747619089047618,0.7988095130952381,4.4357143190476185,295.2,298.51190476190476,291.5476190476191,289.2333333333333,0.9976190566666667,0.0,1.7023809833333334,0.18333333571428564,1.0895237888095237,1.5880952095238092,0.8849999914285713,0.7871428423809524,4.911904819047619,5.911904833333334,4.347619083333333,4.183333388095238
2005,23,81.971,294.31666666666666,4.307142933333334,1.024523792857143,4.971428614285714,293.40000000000003,295.2,298.51190476190476,291.5476190476191,4.747619089047618,0.9976190566666667,0.0,1.7023809833333334,0.7988095130952381,1.0895237888095237,1.5880952095238092,0.8849999914285713,4.4357143190476185,4.911904819047619,5.911904833333334,4.347619083333333
2005,24,96.02799999999999,299.97619047619054,0.27380952476190473,1.5661904466666667,5.973809566666667,294.31666666666666,293.40000000000003,295.2,298.51190476190476,4.307142933333334,4.747619089047618,0.9976190566666667,0.0,1.024523792857143,0.7988095130952381,1.0895237888095237,1.5880952095238092,4.971428614285714,4.4357143190476185,4.911904819047619,5.911904833333334
2005,25,97.852,301.8904761904762,1.6857142904761904,1.694285676190476,5.96904766904762,299.97619047619054,294.31666666666666,293.40000000000003,295.2,0.27380952476190473,4.307142933333334,4.747619089047618,0.9976190566666667,1.5661904466666667,1.024523792857143,0.7988095130952381,1.0895237888095237,5.973809566666667,4.971428614285714,4.4357143190476185,4.911904819047619
2005,26,114.046,301.78333333333336,0.07619047619047616,1.958333311904762,6.650000057142857,301.8904761904762,299.97619047619054,294.31666666666666,293.40000000000003,1.6857142904761904,0.27380952476190473,4.307142933333334,4.747619089047618,1.694285676190476,1.5661904466666667,1.024523792857143,0.7988095130952381,5.96904766904762,5.973809566666667,4.971428614285714,4.4357143190476185
2005,27,119.511,304.13095238095235,0.0,2.2761904404761903,6.595238159523809,301.78333333333336,301.8904761904762,299.97619047619054,294.31666666666666,0.07619047619047616,1.6857142904761904,0.27380952476190473,4.307142933333334,1.958333311904762,1.694285676190476,1.5661904466666667,1.024523792857143,6.650000057142857,5.96904766904762,5.973809566666667,4.971428614285714
2005,28,142.75,306.1880952380953,0.0809523809523809,2.43357139047619,6.892857192857143,304.13095238095235,301.78333333333336,301.8904761904762,299.97619047619054,0.0,0.07619047619047616,1.6857142904761904,0.27380952476190473,2.2761904404761903,1.958333311904762,1.694285676190476,1.5661904466666667,6.595238159523809,6.650000057142857,5.96904766904762,5.973809566666667
2005,29,154.07999999999998,306.6333333333333,0.769047639047619,2.613809466666667,6.923809559523811,306.1880952380953,304.13095238095235,301.78333333333336,301.8904761904762,0.0809523809523809,0.0,0.07619047619047616,1.6857142904761904,2.43357139047619,2.2761904404761903,1.958333311904762,1.694285676190476,6.892857192857143,6.595238159523809,6.650000057142857,5.96904766904762
2005,30,115.656,302.71904761904767,1.421428597619048,1.9378571119047618,5.957142907142856,306.6333333333333,306.1880952380953,304.13095238095235,301.78333333333336,0.769047639047619,0.0809523809523809,0.0,0.07619047619047616,2.613809466666667,2.43357139047619,2.2761904404761903,1.958333311904762,6.923809559523811,6.892857192857143,6.595238159523809,6.650000057142857
2005,31,95.336,300.23571428571427,5.235714428571429,1.4390476081190477,4.980952416666667,302.71904761904767,306.6333333333333,306.1880952380953,304.13095238095235,1.421428597619048,0.769047639047619,0.0809523809523809,0.0,1.9378571119047618,2.613809466666667,2.43357139047619,2.2761904404761903,5.957142907142856,6.923809559523811,6.892857192857143,6.595238159523809
2005,32,91.507,298.9095238095238,3.8428572214285714,1.158809505,4.519047685714286,300.23571428571427,302.71904761904767,306.6333333333333,306.1880952380953,5.235714428571429,1.421428597619048,0.769047639047619,0.0809523809523809,1.4390476081190477,1.9378571119047618,2.613809466666667,2.43357139047619,4.980952416666667,5.957142907142856,6.923809559523811,6.892857192857143
2005,33,93.922,299.7642857142857,0.7880952380952381,1.4214285404761904,4.921428623809523,298.9095238095238,300.23571428571427,302.71904761904767,306.6333333333333,3.8428572214285714,5.235714428571429,1.421428597619048,0.769047639047619,1.158809505,1.4390476081190477,1.9378571119047618,2.613809466666667,4.519047685714286,4.980952416666667,5.957142907142856,6.923809559523811
2005,34,96.122,300.6666666666667,0.671428579047619,1.6528570976190473,5.066666745238096,299.7642857142857,298.9095238095238,300.23571428571427,302.71904761904767,0.7880952380952381,3.8428572214285714,5.235714428571429,1.421428597619048,1.4214285404761904,1.158809505,1.4390476081190477,1.9378571119047618,4.921428623809523,4.519047685714286,4.980952416666667,5.957142907142856
2005,35,112.623,300.3904761904762,0.026190476190476167,1.7499999773809523,5.19047624047619,300.6666666666667,299.7642857142857,298.9095238095238,300.23571428571427,0.671428579047619,0.7880952380952381,3.8428572214285714,5.235714428571429,1.6528570976190473,1.4214285404761904,1.158809505,1.4390476081190477,5.066666745238096,4.921428623809523,4.519047685714286,4.980952416666667
2005,36,101.971,300.397619047619,0.4952381023809524,1.643809492857143,4.9619048333333335,300.3904761904762,300.6666666666667,299.7642857142857,298.9095238095238,0.026190476190476167,0.671428579047619,0.7880952380952381,3.8428572214285714,1.7499999773809523,1.6528570976190473,1.4214285404761904,1.158809505,5.19047624047619,5.066666745238096,4.921428623809523,4.519047685714286
2005,37,96.647,295.4404761904762,0.9619047761904761,1.3204761816666666,4.411904814285714,300.397619047619,300.3904761904762,300.6666666666667,299.7642857142857,0.4952381023809524,0.026190476190476167,0.671428579047619,0.7880952380952381,1.643809492857143,1.7499999773809523,1.6528570976190473,1.4214285404761904,4.9619048333333335,5.19047624047619,5.066666745238096,4.921428623809523
2005,38,97.445,298.4428571428571,0.18809524285714282,1.5278571104761902,4.366666716666667,295.4404761904762,300.397619047619,300.3904761904762,300.6666666666667,0.9619047761904761,0.4952381023809524,0.026190476190476167,0.671428579047619,1.3204761816666666,1.643809492857143,1.7499999773809523,1.6528570976190473,4.411904814285714,4.9619048333333335,5.19047624047619,5.066666745238096
2005,39,74.843,296.4238095238095,0.8761904880952379,1.2873809159523808,3.9047619285714283,298.4428571428571,295.4404761904762,300.397619047619,300.3904761904762,0.18809524285714282,0.9619047761904761,0.4952381023809524,0.026190476190476167,1.5278571104761902,1.3204761816666666,1.643809492857143,1.7499999773809523,4.366666716666667,4.411904814285714,4.9619048333333335,5.19047624047619
2005,40,69.447,292.81428571428575,5.433333336666666,1.0347618811904762,3.492857154761904,296.4238095238095,298.4428571428571,295.4404761904762,300.397619047619,0.8761904880952379,0.18809524285714282,0.9619047761904761,0.4952381023809524,1.2873809159523808,1.5278571104761902,1.3204761816666666,1.643809492857143,3.9047619285714283,4.366666716666667,4.411904814285714,4.9619048333333335
2005,41,51.211,287.147619047619,2.4571428571428573,0.5823809426428571,2.2833333509523808,292.81428571428575,296.4238095238095,298.4428571428571,295.4404761904762,5.433333336666666,0.8761904880952379,0.18809524285714282,0.9619047761904761,1.0347618811904762,1.2873809159523808,1.5278571104761902,1.3204761816666666,3.492857154761904,3.9047619285714283,4.366666716666667,4.411904814285714
2005,42,47.282,288.84999999999997,0.3928571452380951,0.6219047516666667,2.2023809785714286,287.147619047619,292.81428571428575,296.4238095238095,298.4428571428571,2.4571428571428573,5.433333336666666,0.8761904880952379,0.18809524285714282,0.5823809426428571,1.0347618811904762,1.2873809159523808,1.5278571104761902,2.2833333509523808,3.492857154761904,3.9047619285714283,4.366666716666667
2005,43,47.194,289.3309523809524,0.2023809571428571,0.7345238021428572,2.297619061904762,288.84999999999997,287.147619047619,292.81428571428575,296.4238095238095,0.3928571452380951,2.4571428571428573,5.433333336666666,0.8761904880952379,0.6219047516666667,0.5823809426428571,1.0347618811904762,1.2873809159523808,2.2023809785714286,2.2833333509523808,3.492857154761904,3.9047619285714283
2005,44,32.543,288.93809523809523,0.5095238119047619,0.8749999871428572,3.007142866666667,289.3309523809524,288.84999999999997,287.147619047619,292.81428571428575,0.2023809571428571,0.3928571452380951,2.4571428571428573,5.433333336666666,0.7345238021428572,0.6219047516666667,0.5823809426428571,1.0347618811904762,2.297619061904762,2.2023809785714286,2.2833333509523808,3.492857154761904
2005,45,59.232,291.55238095238093,0.0,1.0371428371428573,2.828571452380952,288.93809523809523,289.3309523809524,288.84999999999997,287.147619047619,0.5095238119047619,0.2023809571428571,0.3928571452380951,2.4571428571428573,0.8749999871428572,0.7345238021428572,0.6219047516666667,0.5823809426428571,3.007142866666667,2.297619061904762,2.2023809785714286,2.2833333509523808
2005,46,55.409,281.27142857142854,1.7000000147619048,0.424999995,1.773809539047619,291.55238095238093,288.93809523809523,289.3309523809524,288.84999999999997,0.0,0.5095238119047619,0.2023809571428571,0.3928571452380951,1.0371428371428573,0.8749999871428572,0.7345238021428572,0.6219047516666667,2.828571452380952,3.007142866666667,2.297619061904762,2.2023809785714286
2005,47,50.021,285.62142857142857,0.3023809580952381,0.7676190366666668,2.257142880952381,281.27142857142854,291.55238095238093,288.93809523809523,289.3309523809524,1.7000000147619048,0.0,0.5095238119047619,0.2023809571428571,0.424999995,1.0371428371428573,0.8749999871428572,0.7345238021428572,1.773809539047619,2.828571452380952,3.007142866666667,2.297619061904762
2005,48,29.125999999999998,277.75,1.3047619319047619,0.3492857073809523,1.3357143066666666,285.62142857142857,281.27142857142854,291.55238095238093,288.93809523809523,0.3023809580952381,1.7000000147619048,0.0,0.5095238119047619,0.7676190366666668,0.424999995,1.0371428371428573,0.8749999871428572,2.257142880952381,1.773809539047619,2.828571452380952,3.007142866666667
2005,49,53.77,274.3214285714286,0.530952389047619,0.3171428495238095,1.2095238323809525,277.75,285.62142857142857,281.27142857142854,291.55238095238093,1.3047619319047619,0.3023809580952381,1.7000000147619048,0.0,0.3492857073809523,0.7676190366666668,0.424999995,1.0371428371428573,1.3357143066666666,2.257142880952381,1.773809539047619,2.828571452380952
2005,50,56.823,274.4928571428572,0.052380952380952354,0.3042857066190476,1.126190488095238,274.3214285714286,277.75,285.62142857142857,281.27142857142854,0.530952389047619,1.3047619319047619,0.3023809580952381,1.7000000147619048,0.3171428495238095,0.3492857073809523,0.7676190366666668,0.424999995,1.2095238323809525,1.3357143066666666,2.257142880952381,1.773809539047619
2005,51,53.449,284.19761904761907,0.10238095238095234,0.6130952264285714,2.1690476366666664,274.4928571428572,274.3214285714286,277.75,285.62142857142857,0.052380952380952354,0.530952389047619,1.3047619319047619,0.3023809580952381,0.3042857066190476,0.3171428495238095,0.3492857073809523,0.7676190366666668,1.126190488095238,1.2095238323809525,1.3357143066666666,2.257142880952381
2005,52,47.973,283.92619047619047,0.14285714285714282,0.6283333266666667,2.2285714523809523,284.19761904761907,274.4928571428572,274.3214285714286,277.75,0.10238095238095234,0.052380952380952354,0.530952389047619,1.3047619319047619,0.6130952264285714,0.3042857066190476,0.3171428495238095,0.3492857073809523,2.1690476366666664,1.126190488095238,1.2095238323809525,1.3357143066666666
2006,1,55.447,285.5190476190476,0.05476190476190471,0.7652380866666667,2.6904762166666667,283.92619047619047,284.19761904761907,274.4928571428572,274.3214285714286,0.14285714285714282,0.10238095238095234,0.052380952380952354,0.530952389047619,0.6283333266666667,0.6130952264285714,0.3042857066190476,0.3171428495238095,2.2285714523809523,2.1690476366666664,1.126190488095238,1.2095238323809525
2006,2,55.113,284.6309523809524,0.009523809523809516,0.7319047495238095,2.5738095404761903,285.5190476190476,283.92619047619047,284.19761904761907,274.4928571428572,0.05476190476190471,0.14285714285714282,0.10238095238095234,0.052380952380952354,0.7652380866666667,0.6283333266666667,0.6130952264285714,0.3042857066190476,2.6904762166666667,2.2285714523809523,2.1690476366666664,1.126190488095238
2006,3,52.82,278.0595238095238,1.916666683333333,0.3609523754761905,1.4738095466666667,284.6309523809524,285.5190476190476,283.92619047619047,284.19761904761907,0.009523809523809516,0.05476190476190471,0.14285714285714282,0.10238095238095234,0.7319047495238095,0.7652380866666667,0.6283333266666667,0.6130952264285714,2.5738095404761903,2.6904762166666667,2.2285714523809523,2.1690476366666664
2006,4,58.707,281.39523809523814,0.0,0.5452380895238095,2.092857166666666,278.0595238095238,284.6309523809524,285.5190476190476,283.92619047619047,1.916666683333333,0.009523809523809516,0.05476190476190471,0.14285714285714282,0.3609523754761905,0.7319047495238095,0.7652380866666667,0.6283333266666667,1.4738095466666667,2.5738095404761903,2.6904762166666667,2.2285714523809523
2006,5,54.477000000000004,281.5190476190476,0.11904761904761901,0.5035714214285715,2.11428575,281.39523809523814,278.0595238095238,284.6309523809524,285.5190476190476,0.0,1.916666683333333,0.009523809523809516,0.05476190476190471,0.5452380895238095,0.3609523754761905,0.7319047495238095,0.7652380866666667,2.092857166666666,1.4738095466666667,2.5738095404761903,2.6904762166666667
2006,6,66.048,279.56190476190477,0.7357142961904762,0.48357142071428577,2.0595238357142858,281.5190476190476,281.39523809523814,278.0595238095238,284.6309523809524,0.11904761904761901,0.0,1.916666683333333,0.009523809523809516,0.5035714214285715,0.5452380895238095,0.3609523754761905,0.7319047495238095,2.11428575,2.092857166666666,1.4738095466666667,2.5738095404761903
2006,7,58.316,275.98571428571427,0.6261904880952381,0.3176190424761905,1.4642857242857144,279.56190476190477,281.5190476190476,281.39523809523814,278.0595238095238,0.7357142961904762,0.11904761904761901,0.0,1.916666683333333,0.48357142071428577,0.5035714214285715,0.5452380895238095,0.3609523754761905,2.0595238357142858,2.11428575,2.092857166666666,1.4738095466666667
2006,8,59.054,280.8857142857143,0.07857142857142854,0.5052380878571429,2.1190476428571423,275.98571428571427,279.56190476190477,281.5190476190476,281.39523809523814,0.6261904880952381,0.7357142961904762,0.11904761904761901,0.0,0.3176190424761905,0.48357142071428577,0.5035714214285715,0.5452380895238095,1.4642857242857144,2.0595238357142858,2.11428575,2.092857166666666
2006,9,54.175,288.05,0.0,0.866428559047619,3.2809524000000003,280.8857142857143,275.98571428571427,279.56190476190477,281.5190476190476,0.07857142857142854,0.6261904880952381,0.7357142961904762,0.11904761904761901,0.5052380878571429,0.3176190424761905,0.48357142071428577,0.5035714214285715,2.1190476428571423,1.4642857242857144,2.0595238357142858,2.11428575
2006,10,46.945,281.2214285714286,2.3404761976190476,0.4888095152380952,2.314285738095238,288.05,280.8857142857143,275.98571428571427,279.56190476190477,0.0,0.07857142857142854,0.6261904880952381,0.7357142961904762,0.866428559047619,0.5052380878571429,0.3176190424761905,0.48357142071428577,3.2809524000000003,2.1190476428571423,1.4642857242857144,2.0595238357142858
2006,11,47.87,282.1785714285714,2.028571458095238,0.5042857038095239,2.5214286023809525,281.2214285714286,288.05,280.8857142857143,275.98571428571427,2.3404761976190476,0.0,0.07857142857142854,0.6261904880952381,0.4888095152380952,0.866428559047619,0.5052380878571429,0.3176190424761905,2.314285738095238,3.2809524000000003,2.1190476428571423,1.4642857242857144
2006,12,36.053,279.71904761904767,1.4214285833333333,0.3535714234285714,2.128571445238095,282.1785714285714,281.2214285714286,288.05,280.8857142857143,2.028571458095238,2.3404761976190476,0.0,0.07857142857142854,0.5042857038095239,0.4888095152380952,0.866428559047619,0.5052380878571429,2.5214286023809525,2.314285738095238,3.2809524000000003,2.1190476428571423
2006,13,56.123,286.73809523809524,0.0,0.7049999871428572,3.530952409523809,279.71904761904767,282.1785714285714,281.2214285714286,288.05,1.4214285833333333,2.028571458095238,2.3404761976190476,0.0,0.3535714234285714,0.5042857038095239,0.4888095152380952,0.866428559047619,2.128571445238095,2.5214286023809525,2.314285738095238,3.2809524000000003
2006,14,55.794999999999995,289.7547619047619,0.6047619071428572,0.9297618914285715,3.9428572047619053,286.73809523809524,279.71904761904767,282.1785714285714,281.2214285714286,0.0,1.4214285833333333,2.028571458095238,2.3404761976190476,0.7049999871428572,0.3535714234285714,0.5042857038095239,0.4888095152380952,3.530952409523809,2.128571445238095,2.5214286023809525,2.314285738095238
2006,15,69.828,293.96904761904767,0.11904761904761903,1.3261904414285715,5.176190533333334,289.7547619047619,286.73809523809524,279.71904761904767,282.1785714285714,0.6047619071428572,0.0,1.4214285833333333,2.028571458095238,0.9297618914285715,0.7049999871428572,0.3535714234285714,0.5042857038095239,3.9428572047619053,3.530952409523809,2.128571445238095,2.5214286023809525
2006,16,92.163,292.91428571428577,0.41428571666666664,1.267619030952381,4.857142902380953,293.96904761904767,289.7547619047619,286.73809523809524,279.71904761904767,0.11904761904761903,0.6047619071428572,0.0,1.4214285833333333,1.3261904414285715,0.9297618914285715,0.7049999871428572,0.3535714234285714,5.176190533333334,3.9428572047619053,3.530952409523809,2.128571445238095
2006,17,64.496,288.63333333333327,1.8952381066666666,0.7369047530952381,3.640476223809524,292.91428571428577,293.96904761904767,289.7547619047619,286.73809523809524,0.41428571666666664,0.11904761904761903,0.6047619071428572,0.0,1.267619030952381,1.3261904414285715,0.9297618914285715,0.7049999871428572,4.857142902380953,5.176190533333334,3.9428572047619053,3.530952409523809
2006,18,66.57900000000001,290.602380952381,1.354761919047619,0.7716666549999999,4.1857143047619045,288.63333333333327,292.91428571428577,293.96904761904767,289.7547619047619,1.8952381066666666,0.41428571666666664,0.11904761904761903,0.6047619071428572,0.7369047530952381,1.267619030952381,1.3261904414285715,0.9297618914285715,3.640476223809524,4.857142902380953,5.176190533333334,3.9428572047619053
2006,19,80.437,291.7857142857143,0.9190476238095239,0.9907142669047619,4.776190507142856,290.602380952381,288.63333333333327,292.91428571428577,293.96904761904767,1.354761919047619,1.8952381066666666,0.41428571666666664,0.11904761904761903,0.7716666549999999,0.7369047530952381,1.267619030952381,1.3261904414285715,4.1857143047619045,3.640476223809524,4.857142902380953,5.176190533333334
2006,20,119.16000000000001,298.30476190476196,0.04999999999999998,1.5888094942857143,5.683333369047619,291.7857142857143,290.602380952381,288.63333333333327,292.91428571428577,0.9190476238095239,1.354761919047619,1.8952381066666666,0.41428571666666664,0.9907142669047619,0.7716666549999999,0.7369047530952381,1.267619030952381,4.776190507142856,4.1857143047619045,3.640476223809524,4.857142902380953
2006,21,123.24000000000001,299.47857142857146,0.5547619071428571,1.7961904428571431,6.776190511904762,298.30476190476196,291.7857142857143,290.602380952381,288.63333333333327,0.04999999999999998,0.9190476238095239,1.354761919047619,1.8952381066666666,1.5888094942857143,0.9907142669047619,0.7716666549999999,0.7369047530952381,5.683333369047619,4.776190507142856,4.1857143047619045,3.640476223809524
2006,22,133.438,298.80476190476196,0.5452381023809524,1.5971428245238093,5.77619054047619,299.47857142857146,298.30476190476196,291.7857142857143,290.602380952381,0.5547619071428571,0.04999999999999998,0.9190476238095239,1.354761919047619,1.7961904428571431,1.5888094942857143,0.9907142669047619,0.7716666549999999,6.776190511904762,5.683333369047619,4.776190507142856,4.1857143047619045
2006,23,142.776,303.04761904761904,0.22380952714285715,2.1097618523809527,6.950000095238095,298.80476190476196,299.47857142857146,298.30476190476196,291.7857142857143,0.5452381023809524,0.5547619071428571,0.04999999999999998,0.9190476238095239,1.5971428245238093,1.7961904428571431,1.5888094942857143,0.9907142669047619,5.77619054047619,6.776190511904762,5.683333369047619,4.776190507142856
2006,24,145.26,301.56666666666666,0.6380952523809524,2.011904745238095,7.171428669047618,303.04761904761904,298.80476190476196,299.47857142857146,298.30476190476196,0.22380952714285715,0.5452381023809524,0.5547619071428571,0.04999999999999998,2.1097618523809527,1.5971428245238093,1.7961904428571431,1.5888094942857143,6.950000095238095,5.77619054047619,6.776190511904762,5.683333369047619
2006,25,141.963,301.17619047619047,1.1500000023809525,1.7885714083333333,6.27380958095238,301.56666666666666,303.04761904761904,298.80476190476196,299.47857142857146,0.6380952523809524,0.22380952714285715,0.5452381023809524,0.5547619071428571,2.011904745238095,2.1097618523809527,1.5971428245238093,1.7961904428571431,7.171428669047618,6.950000095238095,5.77619054047619,6.776190511904762
2006,26,148.917,301.42619047619047,0.20952381047619043,1.8173809166666668,5.7166667166666665,301.17619047619047,301.56666666666666,303.04761904761904,298.80476190476196,1.1500000023809525,0.6380952523809524,0.22380952714285715,0.5452381023809524,1.7885714083333333,2.011904745238095,2.1097618523809527,1.5971428245238093,6.27380958095238,7.171428669047618,6.950000095238095,5.77619054047619
2006,27,104.203,297.3690476190476,7.319047692857143,0.8307142758571429,4.321428619047619,301.42619047619047,301.17619047619047,301.56666666666666,303.04761904761904,0.20952381047619043,1.1500000023809525,0.6380952523809524,0.22380952714285715,1.8173809166666668,1.7885714083333333,2.011904745238095,2.1097618523809527,5.7166667166666665,6.27380958095238,7.171428669047618,6.950000095238095
2006,28,119.21,302.9619047619048,0.08571428571428569,1.9645237711904764,6.480952438095238,297.3690476190476,301.42619047619047,301.17619047619047,301.56666666666666,7.319047692857143,0.20952381047619043,1.1500000023809525,0.6380952523809524,0.8307142758571429,1.8173809166666668,1.7885714083333333,2.011904745238095,4.321428619047619,5.7166667166666665,6.27380958095238,7.171428669047618
2006,29,150.698,303.58571428571435,0.6619047709523809,1.9592856904761904,6.204761983333333,302.9619047619048,297.3690476190476,301.42619047619047,301.17619047619047,0.08571428571428569,7.319047692857143,0.20952381047619043,1.1500000023809525,1.9645237711904764,0.8307142758571429,1.8173809166666668,1.7885714083333333,6.480952438095238,4.321428619047619,5.7166667166666665,6.27380958095238
2006,30,143.15200000000002,303.79523809523806,1.5880952619047617,1.9309523476190478,5.995238180952381,303.58571428571435,302.9619047619048,297.3690476190476,301.42619047619047,0.6619047709523809,0.08571428571428569,7.319047692857143,0.20952381047619043,1.9592856904761904,1.9645237711904764,0.8307142758571429,1.8173809166666668,6.204761983333333,6.480952438095238,4.321428619047619,5.7166667166666665
2006,31,124.693,300.16904761904766,2.3952381485714285,1.3195237804761906,5.021428642857143,303.79523809523806,303.58571428571435,302.9619047619048,297.3690476190476,1.5880952619047617,0.6619047709523809,0.08571428571428569,7.319047692857143,1.9309523476190478,1.9592856904761904,1.9645237711904764,0.8307142758571429,5.995238180952381,6.204761983333333,6.480952438095238,4.321428619047619
2006,32,137.09,302.08809523809526,1.3309523890476191,1.733571392857143,5.540476254761905,300.16904761904766,303.79523809523806,303.58571428571435,302.9619047619048,2.3952381485714285,1.5880952619047617,0.6619047709523809,0.08571428571428569,1.3195237804761906,1.9309523476190478,1.9592856904761904,1.9645237711904764,5.021428642857143,5.995238180952381,6.204761983333333,6.480952438095238
2006,33,108.917,300.0714285714286,1.6214285914285715,1.2819047292857144,4.888095273809523,302.08809523809526,300.16904761904766,303.79523809523806,303.58571428571435,1.3309523890476191,2.3952381485714285,1.5880952619047617,0.6619047709523809,1.733571392857143,1.3195237804761906,1.9309523476190478,1.9592856904761904,5.540476254761905,5.021428642857143,5.995238180952381,6.204761983333333
2006,34,115.852,299.3857142857143,0.8904762023809525,1.457857115952381,4.961904828571428,300.0714285714286,302.08809523809526,300.16904761904766,303.79523809523806,1.6214285914285715,1.3309523890476191,2.3952381485714285,1.5880952619047617,1.2819047292857144,1.733571392857143,1.3195237804761906,1.9309523476190478,4.888095273809523,5.540476254761905,5.021428642857143,5.995238180952381
2006,35,104.82,296.87380952380954,0.4404762,1.167619030952381,4.438095292857143,299.3857142857143,300.0714285714286,302.08809523809526,300.16904761904766,0.8904762023809525,1.6214285914285715,1.3309523890476191,2.3952381485714285,1.457857115952381,1.2819047292857144,1.733571392857143,1.3195237804761906,4.961904828571428,4.888095273809523,5.540476254761905,5.021428642857143
2006,36,100.454,295.61428571428576,1.719047638095238,1.0683333202380954,3.8047619499999996,296.87380952380954,299.3857142857143,300.0714285714286,302.08809523809526,0.4404762,0.8904762023809525,1.6214285914285715,1.3309523890476191,1.167619030952381,1.457857115952381,1.2819047292857144,1.733571392857143,4.438095292857143,4.961904828571428,4.888095273809523,5.540476254761905
2006,37,97.35,294.73333333333335,0.9785714385714286,1.2023809276190476,4.364285761904761,295.61428571428576,296.87380952380954,299.3857142857143,300.0714285714286,1.719047638095238,0.4404762,0.8904762023809525,1.6214285914285715,1.0683333202380954,1.167619030952381,1.457857115952381,1.2819047292857144,3.8047619499999996,4.438095292857143,4.961904828571428,4.888095273809523
2006,38,87.56,288.8738095238095,1.8452381723809523,0.7442857023809523,3.0714286095238097,294.73333333333335,295.61428571428576,296.87380952380954,299.3857142857143,0.9785714385714286,1.719047638095238,0.4404762,0.8904762023809525,1.2023809276190476,1.0683333202380954,1.167619030952381,1.457857115952381,4.364285761904761,3.8047619499999996,4.438095292857143,4.961904828571428
2006,39,95.434,294.48333333333335,0.0,1.238571398809524,4.150000052380952,288.8738095238095,294.73333333333335,295.61428571428576,296.87380952380954,1.8452381723809523,0.9785714385714286,1.719047638095238,0.4404762,0.7442857023809523,1.2023809276190476,1.0683333202380954,1.167619030952381,3.0714286095238097,4.364285761904761,3.8047619499999996,4.438095292857143
2006,40,95.174,295.4166666666667,0.3714285747619048,1.1673809240476192,3.6976190857142854,294.48333333333335,288.8738095238095,294.73333333333335,295.61428571428576,0.0,1.8452381723809523,0.9785714385714286,1.719047638095238,1.238571398809524,0.7442857023809523,1.2023809276190476,1.0683333202380954,4.150000052380952,3.0714286095238097,4.364285761904761,3.8047619499999996
2006,41,60.654,288.1095238095238,1.7047619842857145,0.5988095148333333,2.1547619271428573,295.4166666666667,294.48333333333335,288.8738095238095,294.73333333333335,0.3714285747619048,0.0,1.8452381723809523,0.9785714385714286,1.1673809240476192,1.238571398809524,0.7442857023809523,1.2023809276190476,3.6976190857142854,4.150000052380952,3.0714286095238097,4.364285761904761
2006,42,47.272999999999996,281.47857142857146,3.8309523857142853,0.33476189728571426,1.6619047795238095,288.1095238095238,295.4166666666667,294.48333333333335,288.8738095238095,1.7047619842857145,0.3714285747619048,0.0,1.8452381723809523,0.5988095148333333,1.1673809240476192,1.238571398809524,0.7442857023809523,2.1547619271428573,3.6976190857142854,4.150000052380952,3.0714286095238097
2006,43,45.609,287.0595238095238,5.1428571666666665,0.7207142808095237,2.4809524057142855,281.47857142857146,288.1095238095238,295.4166666666667,294.48333333333335,3.8309523857142853,1.7047619842857145,0.3714285747619048,0.0,0.33476189728571426,0.5988095148333333,1.1673809240476192,1.238571398809524,1.6619047795238095,2.1547619271428573,3.6976190857142854,4.150000052380952
2006,44,45.375,283.6714285714286,0.0,0.521428561904762,1.90952384,287.0595238095238,281.47857142857146,288.1095238095238,295.4166666666667,5.1428571666666665,3.8309523857142853,1.7047619842857145,0.3714285747619048,0.7207142808095237,0.33476189728571426,0.5988095148333333,1.1673809240476192,2.4809524057142855,1.6619047795238095,2.1547619271428573,3.6976190857142854
2006,45,49.317,287.45000000000005,0.10952381142857143,0.7176190328571428,2.3928571642857146,283.6714285714286,287.0595238095238,281.47857142857146,288.1095238095238,0.0,5.1428571666666665,3.8309523857142853,1.7047619842857145,0.521428561904762,0.7207142808095237,0.33476189728571426,0.5988095148333333,1.90952384,2.4809524057142855,1.6619047795238095,2.1547619271428573
2006,46,40.526,283.7928571428572,0.12857142857142853,0.5464285657142857,1.921428588095238,287.45000000000005,283.6714285714286,287.0595238095238,281.47857142857146,0.10952381142857143,0.0,5.1428571666666665,3.8309523857142853,0.7176190328571428,0.521428561904762,0.7207142808095237,0.33476189728571426,2.3928571642857146,1.90952384,2.4809524057142855,1.6619047795238095
2006,47,44.902,288.18333333333334,0.0,0.9045237980952381,2.5142857333333333,283.7928571428572,287.45000000000005,283.6714285714286,287.0595238095238,0.12857142857142853,0.10952381142857143,0.0,5.1428571666666665,0.5464285657142857,0.7176190328571428,0.521428561904762,0.7207142808095237,1.921428588095238,2.3928571642857146,1.90952384,2.4809524057142855
2006,48,37.679,275.31190476190477,2.892857143809524,0.2507142816666666,1.0595238190476188,288.18333333333334,283.7928571428572,287.45000000000005,283.6714285714286,0.0,0.12857142857142853,0.10952381142857143,0.0,0.9045237980952381,0.5464285657142857,0.7176190328571428,0.521428561904762,2.5142857333333333,1.921428588095238,2.3928571642857146,1.90952384
2006,49,43.873,283.4738095238095,0.1738095285714285,0.6147618992857142,1.7952381166666669,275.31190476190477,288.18333333333334,283.7928571428572,287.45000000000005,2.892857143809524,0.0,0.12857142857142853,0.10952381142857143,0.2507142816666666,0.9045237980952381,0.5464285657142857,0.7176190328571428,1.0595238190476188,2.5142857333333333,1.921428588095238,2.3928571642857146
2006,50,42.858000000000004,283.752380952381,0.0,0.5849999919047618,1.9928571709523808,283.4738095238095,275.31190476190477,288.18333333333334,283.7928571428572,0.1738095285714285,2.892857143809524,0.0,0.12857142857142853,0.6147618992857142,0.2507142816666666,0.9045237980952381,0.5464285657142857,1.7952381166666669,1.0595238190476188,2.5142857333333333,1.921428588095238
2006,51,33.379,275.90000000000003,8.080952461904763,0.24904761604761905,0.9452381109523809,283.752380952381,283.4738095238095,275.31190476190477,288.18333333333334,0.0,0.1738095285714285,2.892857143809524,0.0,0.5849999919047618,0.6147618992857142,0.2507142816666666,0.9045237980952381,1.9928571709523808,1.7952381166666669,1.0595238190476188,2.5142857333333333
2006,52,35.788,276.40238095238095,4.195238145238094,0.2738095178571428,1.1261904990476193,275.90000000000003,283.752380952381,283.4738095238095,275.31190476190477,8.080952461904763,0.0,0.1738095285714285,2.892857143809524,0.24904761604761905,0.5849999919047618,0.6147618992857142,0.2507142816666666,0.9452381109523809,1.9928571709523808,1.7952381166666669,1.0595238190476188
2007,1,38.94,277.7357142857143,2.2547619442857143,0.3535714235714285,1.4071428723809525,276.40238095238095,275.90000000000003,283.752380952381,283.4738095238095,4.195238145238094,8.080952461904763,0.0,0.1738095285714285,0.2738095178571428,0.24904761604761905,0.5849999919047618,0.6147618992857142,1.1261904990476193,0.9452381109523809,1.9928571709523808,1.7952381166666669
2007,2,41.918,274.8880952380952,0.8047619090476191,0.31714285404761905,1.2214285809523808,277.7357142857143,276.40238095238095,275.90000000000003,283.752380952381,2.2547619442857143,4.195238145238094,8.080952461904763,0.0,0.3535714235714285,0.2738095178571428,0.24904761604761905,0.5849999919047618,1.4071428723809525,1.1261904990476193,0.9452381109523809,1.9928571709523808
2007,3,44.753,274.4761904761904,1.2809524047619048,0.2719047573809524,1.0952380976190474,274.8880952380952,277.7357142857143,276.40238095238095,275.90000000000003,0.8047619090476191,2.2547619442857143,4.195238145238094,8.080952461904763,0.31714285404761905,0.3535714235714285,0.2738095178571428,0.24904761604761905,1.2214285809523808,1.4071428723809525,1.1261904990476193,0.9452381109523809
2007,4,45.165,278.0738095238096,0.859523830952381,0.35642856571428577,1.421428604761905,274.4761904761904,274.8880952380952,277.7357142857143,276.40238095238095,1.2809524047619048,0.8047619090476191,2.2547619442857143,4.195238145238094,0.2719047573809524,0.31714285404761905,0.3535714235714285,0.2738095178571428,1.0952380976190474,1.2214285809523808,1.4071428723809525,1.1261904990476193
2007,5,42.274,274.0380952380952,0.773809530952381,0.24523809166666666,1.1500000142857143,278.0738095238096,274.4761904761904,274.8880952380952,277.7357142857143,0.859523830952381,1.2809524047619048,0.8047619090476191,2.2547619442857143,0.35642856571428577,0.2719047573809524,0.31714285404761905,0.3535714235714285,1.421428604761905,1.0952380976190474,1.2214285809523808,1.4071428723809525
2007,6,47.596,285.25,0.0,0.5954761842857142,2.180952404761905,274.0380952380952,278.0738095238096,274.4761904761904,274.8880952380952,0.773809530952381,0.859523830952381,1.2809524047619048,0.8047619090476191,0.24523809166666666,0.35642856571428577,0.2719047573809524,0.31714285404761905,1.1500000142857143,1.421428604761905,1.0952380976190474,1.2214285809523808
2007,7,39.739,278.5595238095238,1.1690476342857143,0.30619047238095237,1.5357143076190474,285.25,274.0380952380952,278.0738095238096,274.4761904761904,0.0,0.773809530952381,0.859523830952381,1.2809524047619048,0.5954761842857142,0.24523809166666666,0.35642856571428577,0.2719047573809524,2.180952404761905,1.1500000142857143,1.421428604761905,1.0952380976190474
2007,8,53.082,283.3190476190476,0.0,0.5192857052380954,2.2976190761904762,278.5595238095238,285.25,274.0380952380952,278.0738095238096,1.1690476342857143,0.0,0.773809530952381,0.859523830952381,0.30619047238095237,0.5954761842857142,0.24523809166666666,0.35642856571428577,1.5357143076190474,2.180952404761905,1.1500000142857143,1.421428604761905
2007,9,43.891999999999996,277.47857142857146,1.2476190714285715,0.3242857102380952,1.764285733333333,283.3190476190476,278.5595238095238,285.25,274.0380952380952,0.0,1.1690476342857143,0.0,0.773809530952381,0.5192857052380954,0.30619047238095237,0.5954761842857142,0.24523809166666666,2.2976190761904762,1.5357143076190474,2.180952404761905,1.1500000142857143
2007,10,42.695,287.65714285714284,0.5261904761904762,0.7566666569047619,2.800000019047619,277.47857142857146,283.3190476190476,278.5595238095238,285.25,1.2476190714285715,0.0,1.1690476342857143,0.0,0.3242857102380952,0.5192857052380954,0.30619047238095237,0.5954761842857142,1.764285733333333,2.2976190761904762,1.5357143076190474,2.180952404761905
2007,11,46.632,291.45,0.0,1.058333316904762,3.8476190714285714,287.65714285714284,277.47857142857146,283.3190476190476,278.5595238095238,0.5261904761904762,1.2476190714285715,0.0,1.1690476342857143,0.7566666569047619,0.3242857102380952,0.5192857052380954,0.30619047238095237,2.800000019047619,1.764285733333333,2.2976190761904762,1.5357143076190474
2007,12,54.33,290.9238095238095,3.995238121428572,0.8959523723809525,3.423809564285714,291.45,287.65714285714284,277.47857142857146,283.3190476190476,0.0,0.5261904761904762,1.2476190714285715,0.0,1.058333316904762,0.7566666569047619,0.3242857102380952,0.5192857052380954,3.8476190714285714,2.800000019047619,1.764285733333333,2.2976190761904762
2007,13,41.536,285.752380952381,1.271428596190476,0.563333320952381,2.9880952595238095,290.9238095238095,291.45,287.65714285714284,277.47857142857146,3.995238121428572,0.0,0.5261904761904762,1.2476190714285715,0.8959523723809525,1.058333316904762,0.7566666569047619,0.3242857102380952,3.423809564285714,3.8476190714285714,2.800000019047619,1.764285733333333
2007,14,47.002,284.2238095238095,1.0238095309523807,0.5130952342857144,2.63571430952381,285.752380952381,290.9238095238095,291.45,287.65714285714284,1.271428596190476,3.995238121428572,0.0,0.5261904761904762,0.563333320952381,0.8959523723809525,1.058333316904762,0.7566666569047619,2.9880952595238095,3.423809564285714,3.8476190714285714,2.800000019047619
2007,15,45.862,283.7547619047619,0.29761904857142857,0.547142849047619,3.0785714476190473,284.2238095238095,285.752380952381,290.9238095238095,291.45,1.0238095309523807,1.271428596190476,3.995238121428572,0.0,0.5130952342857144,0.563333320952381,0.8959523723809525,1.058333316904762,2.63571430952381,2.9880952595238095,3.423809564285714,3.8476190714285714
2007,16,48.082,288.6666666666667,2.3047619142857143,0.7583333211904763,3.8547619714285717,283.7547619047619,284.2238095238095,285.752380952381,290.9238095238095,0.29761904857142857,1.0238095309523807,1.271428596190476,3.995238121428572,0.547142849047619,0.5130952342857144,0.563333320952381,0.8959523723809525,3.0785714476190473,2.63571430952381,2.9880952595238095,3.423809564285714
2007,17,44.199,290.1333333333333,7.9452381519047615,0.789523795952381,3.7500000428571423,288.6666666666667,283.7547619047619,284.2238095238095,285.752380952381,2.3047619142857143,0.29761904857142857,1.0238095309523807,1.271428596190476,0.7583333211904763,0.547142849047619,0.5130952342857144,0.563333320952381,3.8547619714285717,3.0785714476190473,2.63571430952381,2.9880952595238095
2007,18,58.671,290.352380952381,4.335714340476191,0.7116666619047618,4.0476190785714286,290.1333333333333,288.6666666666667,283.7547619047619,284.2238095238095,7.9452381519047615,2.3047619142857143,0.29761904857142857,1.0238095309523807,0.789523795952381,0.7583333211904763,0.547142849047619,0.5130952342857144,3.7500000428571423,3.8547619714285717,3.0785714476190473,2.63571430952381
2007,19,73.771,293.49047619047616,0.3333333333333333,1.0526190357142857,4.797619104761904,290.352380952381,290.1333333333333,288.6666666666667,283.7547619047619,4.335714340476191,7.9452381519047615,2.3047619142857143,0.29761904857142857,0.7116666619047618,0.789523795952381,0.7583333211904763,0.547142849047619,4.0476190785714286,3.7500000428571423,3.8547619714285717,3.0785714476190473
2007,20,72.463,294.852380952381,2.3547619309523813,1.0047618902380953,4.8547619738095245,293.49047619047616,290.352380952381,290.1333333333333,288.6666666666667,0.3333333333333333,4.335714340476191,7.9452381519047615,2.3047619142857143,1.0526190357142857,0.7116666619047618,0.789523795952381,0.7583333211904763,4.797619104761904,4.0476190785714286,3.7500000428571423,3.8547619714285717
2007,21,77.184,292.0785714285715,2.4071428880952377,0.8664285635714286,4.483333373809524,294.852380952381,293.49047619047616,290.352380952381,290.1333333333333,2.3547619309523813,0.3333333333333333,4.335714340476191,7.9452381519047615,1.0047618902380953,1.0526190357142857,0.7116666619047618,0.789523795952381,4.8547619738095245,4.797619104761904,4.0476190785714286,3.7500000428571423
2007,22,84.53999999999999,293.8285714285714,2.2619047857142855,0.9664285588095239,4.6785714857142855,292.0785714285715,294.852380952381,293.49047619047616,290.352380952381,2.4071428880952377,2.3547619309523813,0.3333333333333333,4.335714340476191,0.8664285635714286,1.0047618902380953,1.0526190357142857,0.7116666619047618,4.483333373809524,4.8547619738095245,4.797619104761904,4.0476190785714286
2007,23,99.789,296.76190476190476,0.035714285714285685,1.367857116904762,5.633333411904762,293.8285714285714,292.0785714285715,294.852380952381,293.49047619047616,2.2619047857142855,2.4071428880952377,2.3547619309523813,0.3333333333333333,0.9664285588095239,0.8664285635714286,1.0047618902380953,1.0526190357142857,4.6785714857142855,4.483333373809524,4.8547619738095245,4.797619104761904
2007,24,106.929,300.30238095238093,1.7095239095238093,1.6207142559523808,6.083333397619048,296.76190476190476,293.8285714285714,292.0785714285715,294.852380952381,0.035714285714285685,2.2619047857142855,2.4071428880952377,2.3547619309523813,1.367857116904762,0.9664285588095239,0.8664285635714286,1.0047618902380953,5.633333411904762,4.6785714857142855,4.483333373809524,4.8547619738095245
2007,25,144.907,303.68809523809523,0.0,2.279285676190476,6.638095302380951,300.30238095238093,296.76190476190476,293.8285714285714,292.0785714285715,1.7095239095238093,0.035714285714285685,2.2619047857142855,2.4071428880952377,1.6207142559523808,1.367857116904762,0.9664285588095239,0.8664285635714286,6.083333397619048,5.633333411904762,4.6785714857142855,4.483333373809524
2007,26,144.132,303.7880952380952,0.0833333333333333,2.0097618642857147,6.6595238666666665,303.68809523809523,300.30238095238093,296.76190476190476,293.8285714285714,0.0,1.7095239095238093,0.035714285714285685,2.2619047857142855,2.279285676190476,1.6207142559523808,1.367857116904762,0.9664285588095239,6.638095302380951,6.083333397619048,5.633333411904762,4.6785714857142855
2007,27,144.093,303.5571428571429,0.5809523842857143,1.9892856928571432,6.702381009523809,303.7880952380952,303.68809523809523,300.30238095238093,296.76190476190476,0.0833333333333333,0.0,1.7095239095238093,0.035714285714285685,2.0097618642857147,2.279285676190476,1.6207142559523808,1.367857116904762,6.6595238666666665,6.638095302380951,6.083333397619048,5.633333411904762
2007,28,145.243,302.09285714285716,0.4452380980952381,1.7583332833333334,6.0714286500000005,303.5571428571429,303.7880952380952,303.68809523809523,300.30238095238093,0.5809523842857143,0.0833333333333333,0.0,1.7095239095238093,1.9892856928571432,2.0097618642857147,2.279285676190476,1.6207142559523808,6.702381009523809,6.6595238666666665,6.638095302380951,6.083333397619048
2007,29,159.773,304.9928571428572,0.30714285952380954,2.167142821428571,6.25476196904762,302.09285714285716,303.5571428571429,303.7880952380952,303.68809523809523,0.4452380980952381,0.5809523842857143,0.0833333333333333,0.0,1.7583332833333334,1.9892856928571432,2.0097618642857147,2.279285676190476,6.0714286500000005,6.702381009523809,6.6595238666666665,6.638095302380951
2007,30,136.569,302.1857142857143,2.497619055714286,1.4964285426190476,5.378571471428572,304.9928571428572,302.09285714285716,303.5571428571429,303.7880952380952,0.30714285952380954,0.4452380980952381,0.5809523842857143,0.0833333333333333,2.167142821428571,1.7583332833333334,1.9892856928571432,2.0097618642857147,6.25476196904762,6.0714286500000005,6.702381009523809,6.6595238666666665
2007,31,122.506,301.78809523809525,3.3190476938095235,1.3242856880952383,5.009523880952381,302.1857142857143,304.9928571428572,302.09285714285716,303.5571428571429,2.497619055714286,0.30714285952380954,0.4452380980952381,0.5809523842857143,1.4964285426190476,2.167142821428571,1.7583332833333334,1.9892856928571432,5.378571471428572,6.25476196904762,6.0714286500000005,6.702381009523809
2007,32,111.92999999999999,302.31666666666666,0.7833333366666667,1.7071428345238093,5.58095243095238,301.78809523809525,302.1857142857143,304.9928571428572,302.09285714285716,3.3190476938095235,2.497619055714286,0.30714285952380954,0.4452380980952381,1.3242856880952383,1.4964285426190476,2.167142821428571,1.7583332833333334,5.009523880952381,5.378571471428572,6.25476196904762,6.0714286500000005
2007,33,130.977,302.3261904761905,1.9785714642857144,1.6002380666666667,4.945238145238096,302.31666666666666,301.78809523809525,302.1857142857143,304.9928571428572,0.7833333366666667,3.3190476938095235,2.497619055714286,0.30714285952380954,1.7071428345238093,1.3242856880952383,1.4964285426190476,2.167142821428571,5.58095243095238,5.009523880952381,5.378571471428572,6.25476196904762
2007,34,116.184,301.9285714285715,1.611904793809524,1.7516666404761905,5.407142914285714,302.3261904761905,302.31666666666666,301.78809523809525,302.1857142857143,1.9785714642857144,0.7833333366666667,3.3190476938095235,2.497619055714286,1.6002380666666667,1.7071428345238093,1.3242856880952383,1.4964285426190476,4.945238145238096,5.58095243095238,5.009523880952381,5.378571471428572
2007,35,121.176,300.5928571428571,1.1904761952380951,1.4078571261904764,4.7166667166666665,301.9285714285715,302.3261904761905,302.31666666666666,301.78809523809525,1.611904793809524,1.9785714642857144,0.7833333366666667,3.3190476938095235,1.7516666404761905,1.6002380666666667,1.7071428345238093,1.3242856880952383,5.407142914285714,4.945238145238096,5.58095243095238,5.009523880952381
2007,36,121.267,298.6904761904762,0.6452380999999999,1.3197618814285714,4.4476190976190475,300.5928571428571,301.9285714285715,302.3261904761905,302.31666666666666,1.1904761952380951,1.611904793809524,1.9785714642857144,0.7833333366666667,1.4078571261904764,1.7516666404761905,1.6002380666666667,1.7071428345238093,4.7166667166666665,5.407142914285714,4.945238145238096,5.58095243095238
2007,37,104.13,296.47619047619054,0.3142857161904761,1.2333333123809525,4.228571476190477,298.6904761904762,300.5928571428571,301.9285714285715,302.3261904761905,0.6452380999999999,1.1904761952380951,1.611904793809524,1.9785714642857144,1.3197618814285714,1.4078571261904764,1.7516666404761905,1.6002380666666667,4.4476190976190475,4.7166667166666665,5.407142914285714,4.945238145238096
2007,38,112.916,297.30476190476185,0.17619048333333331,1.3961904547619046,4.7738096,296.47619047619054,298.6904761904762,300.5928571428571,301.9285714285715,0.3142857161904761,0.6452380999999999,1.1904761952380951,1.611904793809524,1.2333333123809525,1.3197618814285714,1.4078571261904764,1.7516666404761905,4.228571476190477,4.4476190976190475,4.7166667166666665,5.407142914285714
2007,39,92.2,292.96904761904767,1.9000000238095236,1.029285692142857,3.9214285952380954,297.30476190476185,296.47619047619054,298.6904761904762,300.5928571428571,0.17619048333333331,0.3142857161904761,0.6452380999999999,1.1904761952380951,1.3961904547619046,1.2333333123809525,1.3197618814285714,1.4078571261904764,4.7738096,4.228571476190477,4.4476190976190475,4.7166667166666665
2007,40,105.842,295.07380952380953,0.0,1.3866666395238092,4.485714342857143,292.96904761904767,297.30476190476185,296.47619047619054,298.6904761904762,1.9000000238095236,0.17619048333333331,0.3142857161904761,0.6452380999999999,1.029285692142857,1.3961904547619046,1.2333333123809525,1.3197618814285714,3.9214285952380954,4.7738096,4.228571476190477,4.4476190976190475
2007,41,82.596,292.8404761904762,3.7428571666666666,1.0326190280238094,2.8904762090476193,295.07380952380953,292.96904761904767,297.30476190476185,296.47619047619054,0.0,1.9000000238095236,0.17619048333333331,0.3142857161904761,1.3866666395238092,1.029285692142857,1.3961904547619046,1.2333333123809525,4.485714342857143,3.9214285952380954,4.7738096,4.228571476190477
2007,42,59.709,287.6690476190476,1.5904762233333332,0.6888095123809523,2.8785714738095236,292.8404761904762,295.07380952380953,292.96904761904767,297.30476190476185,3.7428571666666666,0.0,1.9000000238095236,0.17619048333333331,1.0326190280238094,1.3866666395238092,1.029285692142857,1.3961904547619046,2.8904762090476193,4.485714342857143,3.9214285952380954,4.7738096
2007,43,45.667,288.47142857142853,0.10952380952380948,0.8026190349999999,2.340476209523809,287.6690476190476,292.8404761904762,295.07380952380953,292.96904761904767,1.5904762233333332,3.7428571666666666,0.0,1.9000000238095236,0.6888095123809523,1.0326190280238094,1.3866666395238092,1.029285692142857,2.8785714738095236,2.8904762090476193,4.485714342857143,3.9214285952380954
2007,44,51.202,288.4047619047619,0.3500000033333333,0.8704761830952381,2.8547619333333336,288.47142857142853,287.6690476190476,292.8404761904762,295.07380952380953,0.10952380952380948,1.5904762233333332,3.7428571666666666,0.0,0.8026190349999999,0.6888095123809523,1.0326190280238094,1.3866666395238092,2.340476209523809,2.8785714738095236,2.8904762090476193,4.485714342857143
2007,45,47.495,290.51428571428573,0.0,1.053809508095238,2.8976190761904754,288.4047619047619,288.47142857142853,287.6690476190476,292.8404761904762,0.3500000033333333,0.10952380952380948,1.5904762233333332,3.7428571666666666,0.8704761830952381,0.8026190349999999,0.6888095123809523,1.0326190280238094,2.8547619333333336,2.340476209523809,2.8785714738095236,2.8904762090476193
2007,46,44.731,288.4095238095238,0.021428571428571398,0.8349999838095239,2.5880952642857142,290.51428571428573,288.4047619047619,288.47142857142853,287.6690476190476,0.0,0.3500000033333333,0.10952380952380948,1.5904762233333332,1.053809508095238,0.8704761830952381,0.8026190349999999,0.6888095123809523,2.8976190761904754,2.8547619333333336,2.340476209523809,2.8785714738095236
2007,47,37.891999999999996,279.5333333333333,0.8333333404761905,0.4580952337142857,1.5642857266666665,288.4095238095238,290.51428571428573,288.4047619047619,288.47142857142853,0.021428571428571398,0.0,0.3500000033333333,0.10952380952380948,0.8349999838095239,1.053809508095238,0.8704761830952381,0.8026190349999999,2.5880952642857142,2.8976190761904754,2.8547619333333336,2.340476209523809
2007,48,42.373,280.7357142857143,0.6809523933333334,0.46071427928571423,1.5500000223809522,279.5333333333333,288.4095238095238,290.51428571428573,288.4047619047619,0.8333333404761905,0.021428571428571398,0.0,0.3500000033333333,0.4580952337142857,0.8349999838095239,1.053809508095238,0.8704761830952381,1.5642857266666665,2.5880952642857142,2.8976190761904754,2.8547619333333336
2007,49,42.799,281.7809523809524,0.9333333428571429,0.49499998904761905,1.6833333547619047,280.7357142857143,279.5333333333333,288.4095238095238,290.51428571428573,0.6809523933333334,0.8333333404761905,0.021428571428571398,0.0,0.46071427928571423,0.4580952337142857,0.8349999838095239,1.053809508095238,1.5500000223809522,1.5642857266666665,2.5880952642857142,2.8976190761904754
2007,50,46.494,274.41428571428577,2.8952381423809523,0.24452380295238085,0.9690476342857144,281.7809523809524,280.7357142857143,279.5333333333333,288.4095238095238,0.9333333428571429,0.6809523933333334,0.8333333404761905,0.021428571428571398,0.49499998904761905,0.46071427928571423,0.4580952337142857,0.8349999838095239,1.6833333547619047,1.5500000223809522,1.5642857266666665,2.5880952642857142
2007,51,44.173,278.34285714285716,0.4023809595238095,0.37309523095238095,1.4761905071428572,274.41428571428577,281.7809523809524,280.7357142857143,279.5333333333333,2.8952381423809523,0.9333333428571429,0.6809523933333334,0.8333333404761905,0.24452380295238085,0.49499998904761905,0.46071427928571423,0.4580952337142857,0.9690476342857144,1.6833333547619047,1.5500000223809522,1.5642857266666665
2007,52,42.468,273.61904761904765,1.9452381071428573,0.2261904716190476,1.0476190628571427,278.34285714285716,274.41428571428577,281.7809523809524,280.7357142857143,0.4023809595238095,2.8952381423809523,0.9333333428571429,0.6809523933333334,0.37309523095238095,0.24452380295238085,0.49499998904761905,0.46071427928571423,1.4761905071428572,0.9690476342857144,1.6833333547619047,1.5500000223809522
2008,1,45.287,280.3928571428571,0.6880952380952382,0.49976189499999996,1.8500000214285715,273.61904761904765,278.34285714285716,274.41428571428577,281.7809523809524,1.9452381071428573,0.4023809595238095,2.8952381423809523,0.9333333428571429,0.2261904716190476,0.37309523095238095,0.24452380295238085,0.49499998904761905,1.0476190628571427,1.4761905071428572,0.9690476342857144,1.6833333547619047
2008,2,53.736000000000004,277.48333333333335,0.6214285785714286,0.3304761828571428,1.316666680952381,280.3928571428571,273.61904761904765,278.34285714285716,274.41428571428577,0.6880952380952382,1.9452381071428573,0.4023809595238095,2.8952381423809523,0.49976189499999996,0.2261904716190476,0.37309523095238095,0.24452380295238085,1.8500000214285715,1.0476190628571427,1.4761905071428572,0.9690476342857144
2008,3,44.387,276.1738095238095,0.19285714523809525,0.3278571392857143,1.357142870952381,277.48333333333335,280.3928571428571,273.61904761904765,278.34285714285716,0.6214285785714286,0.6880952380952382,1.9452381071428573,0.4023809595238095,0.3304761828571428,0.49976189499999996,0.2261904716190476,0.37309523095238095,1.316666680952381,1.8500000214285715,1.0476190628571427,1.4761905071428572
2008,4,48.574,278.16190476190474,0.0,0.40071427761904754,1.5666666795238093,276.1738095238095,277.48333333333335,280.3928571428571,273.61904761904765,0.19285714523809525,0.6214285785714286,0.6880952380952382,1.9452381071428573,0.3278571392857143,0.3304761828571428,0.49976189499999996,0.2261904716190476,1.357142870952381,1.316666680952381,1.8500000214285715,1.0476190628571427
2008,5,41.684,277.45238095238096,0.33095238571428565,0.35190475571428576,1.6452381128571432,278.16190476190474,276.1738095238095,277.48333333333335,280.3928571428571,0.0,0.19285714523809525,0.6214285785714286,0.6880952380952382,0.40071427761904754,0.3278571392857143,0.3304761828571428,0.49976189499999996,1.5666666795238093,1.357142870952381,1.316666680952381,1.8500000214285715
2008,6,42.725,278.1690476190476,0.8785714447619047,0.3307142780476191,1.63333335,277.45238095238096,278.16190476190474,276.1738095238095,277.48333333333335,0.33095238571428565,0.0,0.19285714523809525,0.6214285785714286,0.35190475571428576,0.40071427761904754,0.3278571392857143,0.3304761828571428,1.6452381128571432,1.5666666795238093,1.357142870952381,1.316666680952381
2008,7,43.608,281.7452380952381,0.5071428628571428,0.46404761285714285,2.019047645238095,278.1690476190476,277.45238095238096,278.16190476190474,276.1738095238095,0.8785714447619047,0.33095238571428565,0.0,0.19285714523809525,0.3307142780476191,0.35190475571428576,0.40071427761904754,0.3278571392857143,1.63333335,1.6452381128571432,1.5666666795238093,1.357142870952381
2008,8,38.92,283.51666666666665,0.019047619047619032,0.5559523695238096,2.1357143095238094,281.7452380952381,278.1690476190476,277.45238095238096,278.16190476190474,0.5071428628571428,0.8785714447619047,0.33095238571428565,0.0,0.46404761285714285,0.3307142780476191,0.35190475571428576,0.40071427761904754,2.019047645238095,1.63333335,1.6452381128571432,1.5666666795238093
2008,9,40.271,285.4428571428571,0.8523809614285714,0.657142850952381,2.845238114285715,283.51666666666665,281.7452380952381,278.1690476190476,277.45238095238096,0.019047619047619032,0.5071428628571428,0.8785714447619047,0.33095238571428565,0.5559523695238096,0.46404761285714285,0.3307142780476191,0.35190475571428576,2.1357143095238094,2.019047645238095,1.63333335,1.6452381128571432
2008,10,44.346000000000004,277.93095238095236,0.4071428595238095,0.3338095185714285,1.8238095476190477,285.4428571428571,283.51666666666665,281.7452380952381,278.1690476190476,0.8523809614285714,0.019047619047619032,0.5071428628571428,0.8785714447619047,0.657142850952381,0.5559523695238096,0.46404761285714285,0.3307142780476191,2.845238114285715,2.1357143095238094,2.019047645238095,1.63333335
2008,11,42.193,283.88095238095246,0.5642857142857143,0.5766666588095238,2.7023809761904762,277.93095238095236,285.4428571428571,283.51666666666665,281.7452380952381,0.4071428595238095,0.8523809614285714,0.019047619047619032,0.5071428628571428,0.3338095185714285,0.657142850952381,0.5559523695238096,0.46404761285714285,1.8238095476190477,2.845238114285715,2.1357143095238094,2.019047645238095
2008,12,35.274,282.06666666666666,2.7714285833333334,0.4783333276190476,2.5547619223809526,283.88095238095246,277.93095238095236,285.4428571428571,283.51666666666665,0.5642857142857143,0.4071428595238095,0.8523809614285714,0.019047619047619032,0.5766666588095238,0.3338095185714285,0.657142850952381,0.5559523695238096,2.7023809761904762,1.8238095476190477,2.845238114285715,2.1357143095238094
2008,13,42.159,287.0285714285714,0.48333334047619053,0.7278571316666667,3.4952381595238093,282.06666666666666,283.88095238095246,277.93095238095236,285.4428571428571,2.7714285833333334,0.5642857142857143,0.4071428595238095,0.8523809614285714,0.4783333276190476,0.5766666588095238,0.3338095185714285,0.657142850952381,2.5547619223809526,2.7023809761904762,1.8238095476190477,2.845238114285715
2008,14,45.129999999999995,285.12142857142857,0.6761904795238096,0.6309523685714286,3.0738095452380954,287.0285714285714,282.06666666666666,283.88095238095246,277.93095238095236,0.48333334047619053,2.7714285833333334,0.5642857142857143,0.4071428595238095,0.7278571316666667,0.4783333276190476,0.5766666588095238,0.3338095185714285,3.4952381595238093,2.5547619223809526,2.7023809761904762,1.8238095476190477
2008,15,44.249,283.6357142857143,1.452380976190476,0.48190475714285713,2.7738095499999997,285.12142857142857,287.0285714285714,282.06666666666666,283.88095238095246,0.6761904795238096,0.48333334047619053,2.7714285833333334,0.5642857142857143,0.6309523685714286,0.7278571316666667,0.4783333276190476,0.5766666588095238,3.0738095452380954,3.4952381595238093,2.5547619223809526,2.7023809761904762
2008,16,53.567,290.75476190476195,1.6166666714285716,1.0616666507142858,4.921428633333334,283.6357142857143,285.12142857142857,287.0285714285714,282.06666666666666,1.452380976190476,0.6761904795238096,0.48333334047619053,2.7714285833333334,0.48190475714285713,0.6309523685714286,0.7278571316666667,0.4783333276190476,2.7738095499999997,3.0738095452380954,3.4952381595238093,2.5547619223809526
2008,17,70.934,289.1690476190476,0.007142857142857134,0.9519047373809525,4.454761942857144,290.75476190476195,283.6357142857143,285.12142857142857,287.0285714285714,1.6166666714285716,1.452380976190476,0.6761904795238096,0.48333334047619053,1.0616666507142858,0.48190475714285713,0.6309523685714286,0.7278571316666667,4.921428633333334,2.7738095499999997,3.0738095452380954,3.4952381595238093
2008,18,71.995,289.8047619047619,0.9476190547619048,0.9754761730952382,4.633333388095238,289.1690476190476,290.75476190476195,283.6357142857143,285.12142857142857,0.007142857142857134,1.6166666714285716,1.452380976190476,0.6761904795238096,0.9519047373809525,1.0616666507142858,0.48190475714285713,0.6309523685714286,4.454761942857144,4.921428633333334,2.7738095499999997,3.0738095452380954
2008,19,82.681,291.66190476190474,1.4690476319047618,0.961428565952381,4.545238130952381,289.8047619047619,289.1690476190476,290.75476190476195,283.6357142857143,0.9476190547619048,0.007142857142857134,1.6166666714285716,1.452380976190476,0.9754761730952382,0.9519047373809525,1.0616666507142858,0.48190475714285713,4.633333388095238,4.454761942857144,4.921428633333334,2.7738095499999997
2008,20,65.11,290.3,4.445238121428572,0.8221428435714286,4.316666707142857,291.66190476190474,289.8047619047619,289.1690476190476,290.75476190476195,1.4690476319047618,0.9476190547619048,0.007142857142857134,1.6166666714285716,0.961428565952381,0.9754761730952382,0.9519047373809525,1.0616666507142858,4.545238130952381,4.633333388095238,4.454761942857144,4.921428633333334
2008,21,99.897,295.5404761904761,0.266666669047619,1.286666645,5.9166667166666675,290.3,291.66190476190474,289.8047619047619,289.1690476190476,4.445238121428572,1.4690476319047618,0.9476190547619048,0.007142857142857134,0.8221428435714286,0.961428565952381,0.9754761730952382,0.9519047373809525,4.316666707142857,4.545238130952381,4.633333388095238,4.454761942857144
2008,22,83.712,296.1047619047619,1.7571428833333333,1.1954761649999999,5.464285778571429,295.5404761904761,290.3,291.66190476190474,289.8047619047619,0.266666669047619,4.445238121428572,1.4690476319047618,0.9476190547619048,1.286666645,0.8221428435714286,0.961428565952381,0.9754761730952382,5.9166667166666675,4.316666707142857,4.545238130952381,4.633333388095238
2008,23,95.103,295.93095238095236,2.580952381904762,1.1842856923809524,5.119047661904761,296.1047619047619,295.5404761904761,290.3,291.66190476190474,1.7571428833333333,0.266666669047619,4.445238121428572,1.4690476319047618,1.1954761649999999,1.286666645,0.8221428435714286,0.961428565952381,5.464285778571429,5.9166667166666675,4.316666707142857,4.545238130952381
2008,24,115.561,297.12380952380954,0.0,1.5742856857142857,6.252381023809524,295.93095238095236,296.1047619047619,295.5404761904761,290.3,2.580952381904762,1.7571428833333333,0.266666669047619,4.445238121428572,1.1842856923809524,1.1954761649999999,1.286666645,0.8221428435714286,5.119047661904761,5.464285778571429,5.9166667166666675,4.316666707142857
2008,25,135.509,301.40000000000003,0.14047619238095235,1.7797618704761904,6.095238138095238,297.12380952380954,295.93095238095236,296.1047619047619,295.5404761904761,0.0,2.580952381904762,1.7571428833333333,0.266666669047619,1.5742856857142857,1.1842856923809524,1.1954761649999999,1.286666645,6.252381023809524,5.119047661904761,5.464285778571429,5.9166667166666675
2008,26,146.815,302.1166666666666,0.07142857142857138,1.988095211904762,6.488095302380953,301.40000000000003,297.12380952380954,295.93095238095236,296.1047619047619,0.14047619238095235,0.0,2.580952381904762,1.7571428833333333,1.7797618704761904,1.5742856857142857,1.1842856923809524,1.1954761649999999,6.095238138095238,6.252381023809524,5.119047661904761,5.464285778571429
2008,27,146.339,303.6047619047619,0.1547619057142857,2.028095207142857,6.1809524809523815,302.1166666666666,301.40000000000003,297.12380952380954,295.93095238095236,0.07142857142857138,0.14047619238095235,0.0,2.580952381904762,1.988095211904762,1.7797618704761904,1.5742856857142857,1.1842856923809524,6.488095302380953,6.095238138095238,6.252381023809524,5.119047661904761
2008,28,147.393,302.3095238095238,0.34047619285714287,1.8990475857142854,6.4404762714285715,303.6047619047619,302.1166666666666,301.40000000000003,297.12380952380954,0.1547619057142857,0.07142857142857138,0.14047619238095235,0.0,2.028095207142857,1.988095211904762,1.7797618704761904,1.5742856857142857,6.1809524809523815,6.488095302380953,6.095238138095238,6.252381023809524
2008,29,158.6244,304.8119047619047,0.05952381047619045,2.2707142428571427,6.238095302380952,302.3095238095238,303.6047619047619,302.1166666666666,301.40000000000003,0.34047619285714287,0.1547619057142857,0.07142857142857138,0.14047619238095235,1.8990475857142854,2.028095207142857,1.988095211904762,1.7797618704761904,6.4404762714285715,6.1809524809523815,6.488095302380953,6.095238138095238
2008,30,159.176,305.2547619047619,0.83809525,2.1769047166666664,6.516666738095238,304.8119047619047,302.3095238095238,303.6047619047619,302.1166666666666,0.05952381047619045,0.34047619285714287,0.1547619057142857,0.07142857142857138,2.2707142428571427,1.8990475857142854,2.028095207142857,1.988095211904762,6.238095302380952,6.4404762714285715,6.1809524809523815,6.488095302380953
2008,31,165.14,305.247619047619,0.12142857142857137,2.498809488095238,6.654761997619047,305.2547619047619,304.8119047619047,302.3095238095238,303.6047619047619,0.83809525,0.05952381047619045,0.34047619285714287,0.1547619057142857,2.1769047166666664,2.2707142428571427,1.8990475857142854,2.028095207142857,6.516666738095238,6.238095302380952,6.4404762714285715,6.1809524809523815
2008,32,144.193,300.754761904762,2.6952381033333332,1.3219047383333333,4.766666699999999,305.247619047619,305.2547619047619,304.8119047619047,302.3095238095238,0.12142857142857137,0.83809525,0.05952381047619045,0.34047619285714287,2.498809488095238,2.1769047166666664,2.2707142428571427,1.8990475857142854,6.654761997619047,6.516666738095238,6.238095302380952,6.4404762714285715
2008,33,109.251,295.9166666666667,9.08333353809524,1.0623809251428573,4.183333395238095,300.754761904762,305.247619047619,305.2547619047619,304.8119047619047,2.6952381033333332,0.12142857142857137,0.83809525,0.05952381047619045,1.3219047383333333,2.498809488095238,2.1769047166666664,2.2707142428571427,4.766666699999999,6.654761997619047,6.516666738095238,6.238095302380952
2008,34,101.985,300.43333333333334,0.3571428614285714,1.4476190135714286,5.290476247619048,295.9166666666667,300.754761904762,305.247619047619,305.2547619047619,9.08333353809524,2.6952381033333332,0.12142857142857137,0.83809525,1.0623809251428573,1.3219047383333333,2.498809488095238,2.1769047166666664,4.183333395238095,4.766666699999999,6.654761997619047,6.516666738095238
2008,35,127.381,301.1571428571428,0.20476190476190467,1.5799999738095238,5.33571435,300.43333333333334,295.9166666666667,300.754761904762,305.247619047619,0.3571428614285714,9.08333353809524,2.6952381033333332,0.12142857142857137,1.4476190135714286,1.0623809251428573,1.3219047383333333,2.498809488095238,5.290476247619048,4.183333395238095,4.766666699999999,6.654761997619047
2008,36,106.152,293.5904761904762,0.4452381,0.8492857038095237,3.885714326190476,301.1571428571428,300.43333333333334,295.9166666666667,300.754761904762,0.20476190476190467,0.3571428614285714,9.08333353809524,2.6952381033333332,1.5799999738095238,1.4476190135714286,1.0623809251428573,1.3219047383333333,5.33571435,5.290476247619048,4.183333395238095,4.766666699999999
2008,37,77.74000000000001,291.89285714285717,5.423809550952381,0.7519047421428571,3.4619048071428566,293.5904761904762,301.1571428571428,300.43333333333334,295.9166666666667,0.4452381,0.20476190476190467,0.3571428614285714,9.08333353809524,0.8492857038095237,1.5799999738095238,1.4476190135714286,1.0623809251428573,3.885714326190476,5.33571435,5.290476247619048,4.183333395238095
2008,38,84.772,295.64285714285717,0.16666666761904755,1.1976190295238096,3.9285714595238095,291.89285714285717,293.5904761904762,301.1571428571428,300.43333333333334,5.423809550952381,0.4452381,0.20476190476190467,0.3571428614285714,0.7519047421428571,0.8492857038095237,1.5799999738095238,1.4476190135714286,3.4619048071428566,3.885714326190476,5.33571435,5.290476247619048
2008,39,99.986,296.8,0.007142857142857134,1.3966666333333333,3.9880952785714285,295.64285714285717,291.89285714285717,293.5904761904762,301.1571428571428,0.16666666761904755,5.423809550952381,0.4452381,0.20476190476190467,1.1976190295238096,0.7519047421428571,0.8492857038095237,1.5799999738095238,3.9285714595238095,3.4619048071428566,3.885714326190476,5.33571435
2008,40,93.862,294.8690476190476,0.8071428661904761,1.184285692142857,3.3833333642857144,296.8,295.64285714285717,291.89285714285717,293.5904761904762,0.007142857142857134,0.16666666761904755,5.423809550952381,0.4452381,1.3966666333333333,1.1976190295238096,0.7519047421428571,0.8492857038095237,3.9880952785714285,3.9285714595238095,3.4619048071428566,3.885714326190476
2008,41,68.114,290.07380952380953,1.669047626190476,0.768809510047619,2.7023809738095235,294.8690476190476,296.8,295.64285714285717,291.89285714285717,0.8071428661904761,0.007142857142857134,0.16666666761904755,5.423809550952381,1.184285692142857,1.3966666333333333,1.1976190295238096,0.7519047421428571,3.3833333642857144,3.9880952785714285,3.9285714595238095,3.4619048071428566
2008,42,48.682,289.95,0.09999999999999994,0.879523792142857,2.733333352380953,290.07380952380953,294.8690476190476,296.8,295.64285714285717,1.669047626190476,0.8071428661904761,0.007142857142857134,0.16666666761904755,0.768809510047619,1.184285692142857,1.3966666333333333,1.1976190295238096,2.7023809738095235,3.3833333642857144,3.9880952785714285,3.9285714595238095
2008,43,49.378,285.8595238095238,0.8214285761904763,0.6261904657142857,2.552380973809524,289.95,290.07380952380953,294.8690476190476,296.8,0.09999999999999994,1.669047626190476,0.8071428661904761,0.007142857142857134,0.879523792142857,0.768809510047619,1.184285692142857,1.3966666333333333,2.733333352380953,2.7023809738095235,3.3833333642857144,3.9880952785714285
2008,44,57.31,292.9809523809524,0.0,1.280714264285714,3.0428571619047613,285.8595238095238,289.95,290.07380952380953,294.8690476190476,0.8214285761904763,0.09999999999999994,1.669047626190476,0.8071428661904761,0.6261904657142857,0.879523792142857,0.768809510047619,1.184285692142857,2.552380973809524,2.733333352380953,2.7023809738095235,3.3833333642857144
2008,45,56.442,285.40238095238095,0.13095238095238088,0.6338095173809525,2.2333333523809524,292.9809523809524,285.8595238095238,289.95,290.07380952380953,0.0,0.8214285761904763,0.09999999999999994,1.669047626190476,1.280714264285714,0.6261904657142857,0.879523792142857,0.768809510047619,3.0428571619047613,2.552380973809524,2.733333352380953,2.7023809738095235
2008,46,44.977,284.72857142857146,0.17857142857142852,0.5054761811904761,2.0476190809523813,285.40238095238095,292.9809523809524,285.8595238095238,289.95,0.13095238095238088,0.0,0.8214285761904763,0.09999999999999994,0.6338095173809525,1.280714264285714,0.6261904657142857,0.879523792142857,2.2333333523809524,3.0428571619047613,2.552380973809524,2.733333352380953
2008,47,43.617000000000004,287.05476190476196,0.0,0.8316666611904763,2.4476190723809523,284.72857142857146,285.40238095238095,292.9809523809524,285.8595238095238,0.17857142857142852,0.13095238095238088,0.0,0.8214285761904763,0.5054761811904761,0.6338095173809525,1.280714264285714,0.6261904657142857,2.0476190809523813,2.2333333523809524,3.0428571619047613,2.552380973809524
2008,48,43.168,282.9928571428571,1.1428571523809523,0.5599999879285714,1.5238095366666666,287.05476190476196,284.72857142857146,285.40238095238095,292.9809523809524,0.0,0.17857142857142852,0.13095238095238088,0.0,0.8316666611904763,0.5054761811904761,0.6338095173809525,1.280714264285714,2.4476190723809523,2.0476190809523813,2.2333333523809524,3.0428571619047613
2008,49,37.386,282.40238095238095,0.6809523828571429,0.5030952287619047,1.7571428680952381,282.9928571428571,287.05476190476196,284.72857142857146,285.40238095238095,1.1428571523809523,0.0,0.17857142857142852,0.13095238095238088,0.5599999879285714,0.8316666611904763,0.5054761811904761,0.6338095173809525,1.5238095366666666,2.4476190723809523,2.0476190809523813,2.2333333523809524
2008,50,42.176,280.2142857142858,2.683333393333333,0.3916666631904761,1.378571447142857,282.40238095238095,282.9928571428571,287.05476190476196,284.72857142857146,0.6809523828571429,1.1428571523809523,0.0,0.17857142857142852,0.5030952287619047,0.5599999879285714,0.8316666611904763,0.5054761811904761,1.7571428680952381,1.5238095366666666,2.4476190723809523,2.0476190809523813
2008,51,32.313,274.3904761904762,0.06666666666666661,0.243571424047619,0.9547619123809524,280.2142857142858,282.40238095238095,282.9928571428571,287.05476190476196,2.683333393333333,0.6809523828571429,1.1428571523809523,0.0,0.3916666631904761,0.5030952287619047,0.5599999879285714,0.8316666611904763,1.378571447142857,1.7571428680952381,1.5238095366666666,2.4476190723809523
2008,52,45.201,276.3666666666666,0.24047619333333328,0.27166666261904754,1.230952389047619,274.3904761904762,280.2142857142858,282.40238095238095,282.9928571428571,0.06666666666666661,2.683333393333333,0.6809523828571429,1.1428571523809523,0.243571424047619,0.3916666631904761,0.5030952287619047,0.5599999879285714,0.9547619123809524,1.378571447142857,1.7571428680952381,1.5238095366666666
2009,1,37.507,281.8952380952381,0.1452380952380952,0.5366666584285714,1.8928571547619049,276.3666666666666,274.3904761904762,280.2142857142858,282.40238095238095,0.24047619333333328,0.06666666666666661,2.683333393333333,0.6809523828571429,0.27166666261904754,0.243571424047619,0.3916666631904761,0.5030952287619047,1.230952389047619,0.9547619123809524,1.378571447142857,1.7571428680952381
2009,2,36.579,280.90238095238095,0.6142857142857143,0.4619047561904761,1.8857143023809524,281.8952380952381,276.3666666666666,274.3904761904762,280.2142857142858,0.1452380952380952,0.24047619333333328,0.06666666666666661,2.683333393333333,0.5366666584285714,0.27166666261904754,0.243571424047619,0.3916666631904761,1.8928571547619049,1.230952389047619,0.9547619123809524,1.378571447142857
2009,3,42.66,281.8880952380953,1.1023809619047618,0.5330952292857143,1.8547619266666668,280.90238095238095,281.8952380952381,276.3666666666666,274.3904761904762,0.6142857142857143,0.1452380952380952,0.24047619333333328,0.06666666666666661,0.4619047561904761,0.5366666584285714,0.27166666261904754,0.243571424047619,1.8857143023809524,1.8928571547619049,1.230952389047619,0.9547619123809524
2009,4,42.527,285.57619047619045,0.26666666666666666,0.7311904640476192,2.3523809790476187,281.8880952380953,280.90238095238095,281.8952380952381,276.3666666666666,1.1023809619047618,0.6142857142857143,0.1452380952380952,0.24047619333333328,0.5330952292857143,0.4619047561904761,0.5366666584285714,0.27166666261904754,1.8547619266666668,1.8857143023809524,1.8928571547619049,1.230952389047619
2009,5,40.25,277.6047619047619,0.5619047666666666,0.43190475238095233,1.7166666814285714,285.57619047619045,281.8880952380953,280.90238095238095,281.8952380952381,0.26666666666666666,1.1023809619047618,0.6142857142857143,0.1452380952380952,0.7311904640476192,0.5330952292857143,0.4619047561904761,0.5366666584285714,2.3523809790476187,1.8547619266666668,1.8857143023809524,1.8928571547619049
2009,6,40.435,285.6404761904762,0.02142857142857142,0.7028571290476191,2.5547619214285717,277.6047619047619,285.57619047619045,281.8880952380953,280.90238095238095,0.5619047666666666,0.26666666666666666,1.1023809619047618,0.6142857142857143,0.43190475238095233,0.7311904640476192,0.5330952292857143,0.4619047561904761,1.7166666814285714,2.3523809790476187,1.8547619266666668,1.8857143023809524
2009,7,41.886,277.9428571428571,0.5285714309523809,0.2940476150952381,1.4761904885714285,285.6404761904762,277.6047619047619,285.57619047619045,281.8880952380953,0.02142857142857142,0.5619047666666666,0.26666666666666666,1.1023809619047618,0.7028571290476191,0.43190475238095233,0.7311904640476192,0.5330952292857143,2.5547619214285717,1.7166666814285714,2.3523809790476187,1.8547619266666668
2009,8,42.282,283.10238095238094,0.14047619238095235,0.5985714216666667,2.4404762071428574,277.9428571428571,285.6404761904762,277.6047619047619,285.57619047619045,0.5285714309523809,0.02142857142857142,0.5619047666666666,0.26666666666666666,0.2940476150952381,0.7028571290476191,0.43190475238095233,0.7311904640476192,1.4761904885714285,2.5547619214285717,1.7166666814285714,2.3523809790476187
2009,9,40.216,286.62857142857143,0.019047619047619032,0.7359523704761904,2.795238123809524,283.10238095238094,277.9428571428571,285.6404761904762,277.6047619047619,0.14047619238095235,0.5285714309523809,0.02142857142857142,0.5619047666666666,0.5985714216666667,0.2940476150952381,0.7028571290476191,0.43190475238095233,2.4404762071428574,1.4761904885714285,2.5547619214285717,1.7166666814285714
2009,10,49.423,287.9690476190476,0.12142857238095234,0.9276190299999999,3.776190516666667,286.62857142857143,283.10238095238094,277.9428571428571,285.6404761904762,0.019047619047619032,0.14047619238095235,0.5285714309523809,0.02142857142857142,0.7359523704761904,0.5985714216666667,0.2940476150952381,0.7028571290476191,2.795238123809524,2.4404762071428574,1.4761904885714285,2.5547619214285717
2009,11,40.698,283.3404761904762,0.12142857142857137,0.5990476121428571,2.566666688095238,287.9690476190476,286.62857142857143,283.10238095238094,277.9428571428571,0.12142857238095234,0.019047619047619032,0.14047619238095235,0.5285714309523809,0.9276190299999999,0.7359523704761904,0.5985714216666667,0.2940476150952381,3.776190516666667,2.795238123809524,2.4404762071428574,1.4761904885714285
2009,12,49.658,291.68571428571425,0.8071428857142857,1.0604761695238094,3.8928571785714285,283.3404761904762,287.9690476190476,286.62857142857143,283.10238095238094,0.12142857142857137,0.12142857238095234,0.019047619047619032,0.14047619238095235,0.5990476121428571,0.9276190299999999,0.7359523704761904,0.5985714216666667,2.566666688095238,3.776190516666667,2.795238123809524,2.4404762071428574
2009,13,57.2864,280.5761904761905,4.292857166666667,0.4147618968333333,2.4904762095238095,291.68571428571425,283.3404761904762,287.9690476190476,286.62857142857143,0.8071428857142857,0.12142857142857137,0.12142857238095234,0.019047619047619032,1.0604761695238094,0.5990476121428571,0.9276190299999999,0.7359523704761904,3.8928571785714285,2.566666688095238,3.776190516666667,2.795238123809524
2009,14,39.81768,279.0595238095238,3.2190476523809526,0.3192857097619047,2.202380973809524,280.5761904761905,291.68571428571425,283.3404761904762,287.9690476190476,4.292857166666667,0.8071428857142857,0.12142857142857137,0.12142857238095234,0.4147618968333333,1.0604761695238094,0.5990476121428571,0.9276190299999999,2.4904762095238095,3.8928571785714285,2.566666688095238,3.776190516666667
2009,15,40.727000000000004,286.0,0.49047619047619045,0.671666655,3.5023809761904765,279.0595238095238,280.5761904761905,291.68571428571425,283.3404761904762,3.2190476523809526,4.292857166666667,0.8071428857142857,0.12142857142857137,0.3192857097619047,0.4147618968333333,1.0604761695238094,0.5990476121428571,2.202380973809524,2.4904762095238095,3.8928571785714285,2.566666688095238
2009,16,41.31,285.59285714285716,12.004762073809523,0.5607142792380951,3.1309524047619046,286.0,279.0595238095238,280.5761904761905,291.68571428571425,0.49047619047619045,3.2190476523809526,4.292857166666667,0.8071428857142857,0.671666655,0.3192857097619047,0.4147618968333333,1.0604761695238094,3.5023809761904765,2.202380973809524,2.4904762095238095,3.8928571785714285
2009,17,44.53,290.68809523809523,1.9857142857142858,0.9326190354761904,4.530952426190475,285.59285714285716,286.0,279.0595238095238,280.5761904761905,12.004762073809523,0.49047619047619045,3.2190476523809526,4.292857166666667,0.5607142792380951,0.671666655,0.3192857097619047,0.4147618968333333,3.1309524047619046,3.5023809761904765,2.202380973809524,2.4904762095238095
2009,18,41.94,288.53333333333336,1.835714336666667,0.587142845,3.4952381142857143,290.68809523809523,285.59285714285716,286.0,279.0595238095238,1.9857142857142858,12.004762073809523,0.49047619047619045,3.2190476523809526,0.9326190354761904,0.5607142792380951,0.671666655,0.3192857097619047,4.530952426190475,3.1309524047619046,3.5023809761904765,2.202380973809524
2009,19,60.49,291.8333333333333,1.114285738095238,0.9504761685714286,4.604761978571428,288.53333333333336,290.68809523809523,285.59285714285716,286.0,1.835714336666667,1.9857142857142858,12.004762073809523,0.49047619047619045,0.587142845,0.9326190354761904,0.5607142792380951,0.671666655,3.4952381142857143,4.530952426190475,3.1309524047619046,3.5023809761904765
2009,20,69.95,294.4404761904762,0.5309523842857143,1.1147618854761905,5.204761961904762,291.8333333333333,288.53333333333336,290.68809523809523,285.59285714285716,1.114285738095238,1.835714336666667,1.9857142857142858,12.004762073809523,0.9504761685714286,0.587142845,0.9326190354761904,0.5607142792380951,4.604761978571428,3.4952381142857143,4.530952426190475,3.1309524047619046
2009,21,95.99,295.05,3.6999999999999997,1.093809508095238,4.580952421428571,294.4404761904762,291.8333333333333,288.53333333333336,290.68809523809523,0.5309523842857143,1.114285738095238,1.835714336666667,1.9857142857142858,1.1147618854761905,0.9504761685714286,0.587142845,0.9326190354761904,5.204761961904762,4.604761978571428,3.4952381142857143,4.530952426190475
2009,22,65.74000000000001,293.14761904761906,5.259523864285714,0.8904761688095238,4.209523852380953,295.05,294.4404761904762,291.8333333333333,288.53333333333336,3.6999999999999997,0.5309523842857143,1.114285738095238,1.835714336666667,1.093809508095238,1.1147618854761905,0.9504761685714286,0.587142845,4.580952421428571,5.204761961904762,4.604761978571428,3.4952381142857143
2009,23,57.699999999999996,292.69761904761907,5.1238095476190475,0.7685714110952381,4.138095276190477,293.14761904761906,295.05,294.4404761904762,291.8333333333333,5.259523864285714,3.6999999999999997,0.5309523842857143,1.114285738095238,0.8904761688095238,1.093809508095238,1.1147618854761905,0.9504761685714286,4.209523852380953,4.580952421428571,5.204761961904762,4.604761978571428
2009,24,67.13,294.1,4.164285785714285,0.7578571257142857,4.302381011904762,292.69761904761907,293.14761904761906,295.05,294.4404761904762,5.1238095476190475,5.259523864285714,3.6999999999999997,0.5309523842857143,0.7685714110952381,0.8904761688095238,1.093809508095238,1.1147618854761905,4.138095276190477,4.209523852380953,4.580952421428571,5.204761961904762
2009,25,64.53,296.0857142857143,0.8928571523809524,1.021190454047619,5.002380995238095,294.1,292.69761904761907,293.14761904761906,295.05,4.164285785714285,5.1238095476190475,5.259523864285714,3.6999999999999997,0.7578571257142857,0.7685714110952381,0.8904761688095238,1.093809508095238,4.302381011904762,4.138095276190477,4.209523852380953,4.580952421428571
2009,26,78.67,300.3119047619048,3.4285714390476194,1.358333305238095,5.535714364285714,296.0857142857143,294.1,292.69761904761907,293.14761904761906,0.8928571523809524,4.164285785714285,5.1238095476190475,5.259523864285714,1.021190454047619,0.7578571257142857,0.7685714110952381,0.8904761688095238,5.002380995238095,4.302381011904762,4.138095276190477,4.209523852380953
2009,27,89.58,299.1428571428571,3.021428607142857,1.2364285538095239,5.1547619904761905,300.3119047619048,296.0857142857143,294.1,292.69761904761907,3.4285714390476194,0.8928571523809524,4.164285785714285,5.1238095476190475,1.358333305238095,1.021190454047619,0.7578571257142857,0.7685714110952381,5.535714364285714,5.002380995238095,4.302381011904762,4.138095276190477
2009,28,110.87,301.77142857142854,1.419047630952381,1.6938094928571428,5.895238130952381,299.1428571428571,300.3119047619048,296.0857142857143,294.1,3.021428607142857,3.4285714390476194,0.8928571523809524,4.164285785714285,1.2364285538095239,1.358333305238095,1.021190454047619,0.7578571257142857,5.1547619904761905,5.535714364285714,5.002380995238095,4.302381011904762
2009,29,127.28999999999999,301.09047619047624,0.4380952428571428,1.609999969047619,5.973809588095238,301.77142857142854,299.1428571428571,300.3119047619048,296.0857142857143,1.419047630952381,3.021428607142857,3.4285714390476194,0.8928571523809524,1.6938094928571428,1.2364285538095239,1.358333305238095,1.021190454047619,5.895238130952381,5.1547619904761905,5.535714364285714,5.002380995238095
2009,30,125.08,300.2857142857143,2.5523810019047617,1.428333318809524,5.400000054761905,301.09047619047624,301.77142857142854,299.1428571428571,300.3119047619048,0.4380952428571428,1.419047630952381,3.021428607142857,3.4285714390476194,1.609999969047619,1.6938094928571428,1.2364285538095239,1.358333305238095,5.973809588095238,5.895238130952381,5.1547619904761905,5.535714364285714
2009,31,75.48,297.77142857142854,3.130952448571429,1.0502380761904762,5.021428628571428,300.2857142857143,301.09047619047624,301.77142857142854,299.1428571428571,2.5523810019047617,0.4380952428571428,1.419047630952381,3.021428607142857,1.428333318809524,1.609999969047619,1.6938094928571428,1.2364285538095239,5.400000054761905,5.973809588095238,5.895238130952381,5.1547619904761905
2009,32,110.78,301.747619047619,0.9642857304761906,1.9321428404761904,6.097619119047619,297.77142857142854,300.2857142857143,301.09047619047624,301.77142857142854,3.130952448571429,2.5523810019047617,0.4380952428571428,1.419047630952381,1.0502380761904762,1.428333318809524,1.609999969047619,1.6938094928571428,5.021428628571428,5.400000054761905,5.973809588095238,5.895238130952381
2009,33,124.44000000000001,300.20238095238096,0.4238095247619047,1.6433333023809524,5.404761954761905,301.747619047619,297.77142857142854,300.2857142857143,301.09047619047624,0.9642857304761906,3.130952448571429,2.5523810019047617,0.4380952428571428,1.9321428404761904,1.0502380761904762,1.428333318809524,1.609999969047619,6.097619119047619,5.021428628571428,5.400000054761905,5.973809588095238
2009,34,110.91,300.37857142857143,0.9000000095238095,1.5849999659523812,5.209523838095238,300.20238095238096,301.747619047619,297.77142857142854,300.2857142857143,0.4238095247619047,0.9642857304761906,3.130952448571429,2.5523810019047617,1.6433333023809524,1.9321428404761904,1.0502380761904762,1.428333318809524,5.404761954761905,6.097619119047619,5.021428628571428,5.400000054761905
2009,35,124.75999999999999,298.6595238095238,0.35714285999999995,1.2178571152380953,4.545238152380953,300.37857142857143,300.20238095238096,301.747619047619,297.77142857142854,0.9000000095238095,0.4238095247619047,0.9642857304761906,3.130952448571429,1.5849999659523812,1.6433333023809524,1.9321428404761904,1.0502380761904762,5.209523838095238,5.404761954761905,6.097619119047619,5.021428628571428
2009,36,126.92,300.3,0.2428571438095238,1.6747618714285712,4.807142926190476,298.6595238095238,300.37857142857143,300.20238095238096,301.747619047619,0.35714285999999995,0.9000000095238095,0.4238095247619047,0.9642857304761906,1.2178571152380953,1.5849999659523812,1.6433333023809524,1.9321428404761904,4.545238152380953,5.209523838095238,5.404761954761905,6.097619119047619
2009,37,101.83,297.54523809523806,1.480952389047619,1.2342856933333335,4.309523857142858,300.3,298.6595238095238,300.37857142857143,300.20238095238096,0.2428571438095238,0.35714285999999995,0.9000000095238095,0.4238095247619047,1.6747618714285712,1.2178571152380953,1.5849999659523812,1.6433333023809524,4.807142926190476,4.545238152380953,5.209523838095238,5.404761954761905
2009,38,107.48,296.15000000000003,0.0,1.0595237961904762,3.6952381309523807,297.54523809523806,300.3,298.6595238095238,300.37857142857143,1.480952389047619,0.2428571438095238,0.35714285999999995,0.9000000095238095,1.2342856933333335,1.6747618714285712,1.2178571152380953,1.5849999659523812,4.309523857142858,4.807142926190476,4.545238152380953,5.209523838095238
2009,39,64.38,288.8071428571429,2.350000019047619,0.7280952276190477,2.9166667166666667,296.15000000000003,297.54523809523806,300.3,298.6595238095238,0.0,1.480952389047619,0.2428571438095238,0.35714285999999995,1.0595237961904762,1.2342856933333335,1.6747618714285712,1.2178571152380953,3.6952381309523807,4.309523857142858,4.807142926190476,4.545238152380953
2009,40,83.59,289.9619047619048,0.038095238095238064,0.9252380754761905,3.526190504761905,288.8071428571429,296.15000000000003,297.54523809523806,300.3,2.350000019047619,0.0,1.480952389047619,0.2428571438095238,0.7280952276190477,1.0595237961904762,1.2342856933333335,1.6747618714285712,2.9166667166666667,3.6952381309523807,4.309523857142858,4.807142926190476
2009,41,54.61,283.6142857142857,0.9500000076190475,0.4499999946666666,1.942857157142857,289.9619047619048,288.8071428571429,296.15000000000003,297.54523809523806,0.038095238095238064,2.350000019047619,0.0,1.480952389047619,0.9252380754761905,0.7280952276190477,1.0595237961904762,1.2342856933333335,3.526190504761905,2.9166667166666667,3.6952381309523807,4.309523857142858
2009,42,47.06,290.2857142857143,0.0,0.8404761792857144,2.840476216666666,283.6142857142857,289.9619047619048,288.8071428571429,296.15000000000003,0.9500000076190475,0.038095238095238064,2.350000019047619,0.0,0.4499999946666666,0.9252380754761905,0.7280952276190477,1.0595237961904762,1.942857157142857,3.526190504761905,2.9166667166666667,3.6952381309523807
2009,43,46.25,283.7833333333333,3.154761973333333,0.510238087095238,1.9880952504761904,290.2857142857143,283.6142857142857,289.9619047619048,288.8071428571429,0.0,0.9500000076190475,0.038095238095238064,2.350000019047619,0.8404761792857144,0.4499999946666666,0.9252380754761905,0.7280952276190477,2.840476216666666,1.942857157142857,3.526190504761905,2.9166667166666667
2009,44,38.519999999999996,279.33571428571423,7.285714333333334,0.34476190176190474,1.4928571499999999,283.7833333333333,290.2857142857143,283.6142857142857,289.9619047619048,3.154761973333333,0.0,0.9500000076190475,0.038095238095238064,0.510238087095238,0.8404761792857144,0.4499999946666666,0.9252380754761905,1.9880952504761904,2.840476216666666,1.942857157142857,3.526190504761905
2009,45,35.28,291.0047619047619,0.0,1.0061904592857143,2.8476190619047617,279.33571428571423,283.7833333333333,290.2857142857143,283.6142857142857,7.285714333333334,3.154761973333333,0.0,0.9500000076190475,0.34476190176190474,0.510238087095238,0.8404761792857144,0.4499999946666666,1.4928571499999999,1.9880952504761904,2.840476216666666,1.942857157142857
2009,46,28.0,285.6595238095238,3.5952381452380955,0.595476184690476,1.8071428795238094,291.0047619047619,279.33571428571423,283.7833333333333,290.2857142857143,0.0,7.285714333333334,3.154761973333333,0.0,1.0061904592857143,0.34476190176190474,0.510238087095238,0.8404761792857144,2.8476190619047617,1.4928571499999999,1.9880952504761904,2.840476216666666
2009,47,49.417,283.7690476190476,0.31666667,0.6149999909523809,1.7738095523809525,285.6595238095238,291.0047619047619,279.33571428571423,283.7833333333333,3.5952381452380955,0.0,7.285714333333334,3.154761973333333,0.595476184690476,1.0061904592857143,0.34476190176190474,0.510238087095238,1.8071428795238094,2.8476190619047617,1.4928571499999999,1.9880952504761904
2009,48,39.21,283.3261904761905,0.0,0.592857135952381,1.8523809652380951,283.7690476190476,285.6595238095238,291.0047619047619,279.33571428571423,0.31666667,3.5952381452380955,0.0,7.285714333333334,0.6149999909523809,0.595476184690476,1.0061904592857143,0.34476190176190474,1.7738095523809525,1.8071428795238094,2.8476190619047617,1.4928571499999999
2009,49,28.427,274.2214285714286,1.323809530952381,0.28857142333333335,1.107142876190476,283.3261904761905,283.7690476190476,285.6595238095238,291.0047619047619,0.0,0.31666667,3.5952381452380955,0.0,0.592857135952381,0.6149999909523809,0.595476184690476,1.0061904592857143,1.8523809652380951,1.7738095523809525,1.8071428795238094,2.8476190619047617
2009,50,38.71,272.19761904761907,0.3238095257142857,0.2549999952142856,1.1142857238095238,274.2214285714286,283.3261904761905,283.7690476190476,285.6595238095238,1.323809530952381,0.0,0.31666667,3.5952381452380955,0.28857142333333335,0.592857135952381,0.6149999909523809,0.595476184690476,1.107142876190476,1.8523809652380951,1.7738095523809525,1.8071428795238094
2009,51,41.879999999999995,281.3285714285714,0.0,0.5245238011904761,1.752380966666667,272.19761904761907,274.2214285714286,283.3261904761905,283.7690476190476,0.3238095257142857,1.323809530952381,0.0,0.31666667,0.2549999952142856,0.28857142333333335,0.592857135952381,0.6149999909523809,1.1142857238095238,1.107142876190476,1.8523809652380951,1.7738095523809525
2009,52,35.79,274.3,1.7023809761904765,0.2688095200952381,0.9761904785714286,281.3285714285714,272.19761904761907,274.2214285714286,283.3261904761905,0.0,0.3238095257142857,1.323809530952381,0.0,0.5245238011904761,0.2549999952142856,0.28857142333333335,0.592857135952381,1.752380966666667,1.1142857238095238,1.107142876190476,1.8523809652380951
2010,1,38.14,277.92380952380955,0.8595238238095239,0.3819047561904762,1.2761904880952382,276.52380952380946,274.3,281.3285714285714,272.19761904761907,0.03333333333333333,1.7023809761904765,0.0,0.3238095257142857,0.2940476135714285,0.2688095200952381,0.5245238011904761,0.2549999952142856,1.007142867142857,0.9761904785714286,1.752380966666667,1.1142857238095238
2010,2,41.18,285.18809523809523,0.0,0.745238085,1.9309523952380954,277.92380952380955,276.52380952380946,274.3,281.3285714285714,0.8595238238095239,0.03333333333333333,1.7023809761904765,0.0,0.3819047561904762,0.2940476135714285,0.2688095200952381,0.5245238011904761,1.2761904880952382,1.007142867142857,0.9761904785714286,1.752380966666667
2010,3,39.78,280.13333333333327,0.0,0.4761904661904761,1.709523819047619,285.18809523809523,277.92380952380955,276.52380952380946,274.3,0.0,0.8595238238095239,0.03333333333333333,1.7023809761904765,0.745238085,0.3819047561904762,0.2940476135714285,0.2688095200952381,1.9309523952380954,1.2761904880952382,1.007142867142857,0.9761904785714286
2010,4,39.19,279.08809523809526,0.14761904857142852,0.38714285452380953,1.2928571595238096,280.13333333333327,285.18809523809523,277.92380952380955,276.52380952380946,0.0,0.0,0.8595238238095239,0.03333333333333333,0.4761904661904761,0.745238085,0.3819047561904762,0.2940476135714285,1.709523819047619,1.9309523952380954,1.2761904880952382,1.007142867142857
2010,5,41.1,279.4809523809524,0.8642857285714284,0.41738094771428574,1.5000000142857142,279.08809523809526,280.13333333333327,285.18809523809523,277.92380952380955,0.14761904857142852,0.0,0.0,0.8595238238095239,0.38714285452380953,0.4761904661904761,0.745238085,0.3819047561904762,1.2928571595238096,1.709523819047619,1.9309523952380954,1.2761904880952382
2010,6,40.42,275.9952380952381,0.9261904785714284,0.26857142628571423,1.2714285814285715,279.4809523809524,279.08809523809526,280.13333333333327,285.18809523809523,0.8642857285714284,0.14761904857142852,0.0,0.0,0.41738094771428574,0.38714285452380953,0.4761904661904761,0.745238085,1.5000000142857142,1.2928571595238096,1.709523819047619,1.9309523952380954
2010,7,36.25,274.3,1.6214285857142858,0.17714285499999996,1.0238095285714286,275.9952380952381,279.4809523809524,279.08809523809526,280.13333333333327,0.9261904785714284,0.8642857285714284,0.14761904857142852,0.0,0.26857142628571423,0.41738094771428574,0.38714285452380953,0.4761904661904761,1.2714285814285715,1.5000000142857142,1.2928571595238096,1.709523819047619
2010,8,43.25,278.9547619047619,0.9809523833333333,0.373333329047619,1.7261905000000002,274.3,275.9952380952381,279.4809523809524,279.08809523809526,1.6214285857142858,0.9261904785714284,0.8642857285714284,0.14761904857142852,0.17714285499999996,0.26857142628571423,0.41738094771428574,0.38714285452380953,1.0238095285714286,1.2714285814285715,1.5000000142857142,1.2928571595238096
2010,9,42.63,283.7666666666667,0.045238095238095195,0.49880951690476194,2.1738095547619047,278.9547619047619,274.3,275.9952380952381,279.4809523809524,0.9809523833333333,1.6214285857142858,0.9261904785714284,0.8642857285714284,0.373333329047619,0.17714285499999996,0.26857142628571423,0.41738094771428574,1.7261905000000002,1.0238095285714286,1.2714285814285715,1.5000000142857142
2010,10,36.1,281.947619047619,1.711904789047619,0.42523808990476186,2.259523830952381,283.7666666666667,278.9547619047619,274.3,275.9952380952381,0.045238095238095195,0.9809523833333333,1.6214285857142858,0.9261904785714284,0.49880951690476194,0.373333329047619,0.17714285499999996,0.26857142628571423,2.1738095547619047,1.7261905000000002,1.0238095285714286,1.2714285814285715
2010,11,40.39,284.0047619047619,3.550000030952381,0.6004761826190476,2.5166666857142856,281.947619047619,283.7666666666667,278.9547619047619,274.3,1.711904789047619,0.045238095238095195,0.9809523833333333,1.6214285857142858,0.42523808990476186,0.49880951690476194,0.373333329047619,0.17714285499999996,2.259523830952381,2.1738095547619047,1.7261905000000002,1.0238095285714286
2010,12,35.99,283.29523809523806,5.183333340476191,0.5138095152380953,2.7119047976190473,284.0047619047619,281.947619047619,283.7666666666667,278.9547619047619,3.550000030952381,1.711904789047619,0.045238095238095195,0.9809523833333333,0.6004761826190476,0.42523808990476186,0.49880951690476194,0.373333329047619,2.5166666857142856,2.259523830952381,2.1738095547619047,1.7261905000000002
2010,13,39.32,287.80238095238093,0.0,0.89166665,4.2071428738095245,283.29523809523806,284.0047619047619,281.947619047619,283.7666666666667,5.183333340476191,3.550000030952381,1.711904789047619,0.045238095238095195,0.5138095152380953,0.6004761826190476,0.42523808990476186,0.49880951690476194,2.7119047976190473,2.5166666857142856,2.259523830952381,2.1738095547619047
2010,14,44.69,287.4690476190476,0.87857145,0.7864285607142857,3.5666667071428573,287.80238095238093,283.29523809523806,284.0047619047619,281.947619047619,0.0,5.183333340476191,3.550000030952381,1.711904789047619,0.89166665,0.5138095152380953,0.6004761826190476,0.42523808990476186,4.2071428738095245,2.7119047976190473,2.5166666857142856,2.259523830952381
2010,15,68.19,290.0785714285715,0.06904761904761901,0.8409523642857143,4.06190480952381,287.4690476190476,287.80238095238093,283.29523809523806,284.0047619047619,0.87857145,0.0,5.183333340476191,3.550000030952381,0.7864285607142857,0.89166665,0.5138095152380953,0.6004761826190476,3.5666667071428573,4.2071428738095245,2.7119047976190473,2.5166666857142856
2010,16,42.730000000000004,286.98571428571427,10.161904864285715,0.5295238035714286,3.1190476428571423,290.0785714285715,287.4690476190476,287.80238095238093,283.29523809523806,0.06904761904761901,0.87857145,0.0,5.183333340476191,0.8409523642857143,0.7864285607142857,0.89166665,0.5138095152380953,4.06190480952381,3.5666667071428573,4.2071428738095245,2.7119047976190473
2010,17,44.010000000000005,286.06904761904764,1.0333333357142858,0.6716666564285715,3.697619064285714,286.98571428571427,290.0785714285715,287.4690476190476,287.80238095238093,10.161904864285715,0.06904761904761901,0.87857145,0.0,0.5295238035714286,0.8409523642857143,0.7864285607142857,0.89166665,3.1190476428571423,4.06190480952381,3.5666667071428573,4.2071428738095245
2010,18,67.27,288.6690476190476,0.30952381190476186,0.765952364047619,4.342857195238095,286.06904761904764,286.98571428571427,290.0785714285715,287.4690476190476,1.0333333357142858,10.161904864285715,0.06904761904761901,0.87857145,0.6716666564285715,0.5295238035714286,0.8409523642857143,0.7864285607142857,3.697619064285714,3.1190476428571423,4.06190480952381,3.5666667071428573
2010,19,48.58,284.61904761904765,5.773809547619046,0.3914285660238095,2.8690476380952386,288.6690476190476,286.06904761904764,286.98571428571427,290.0785714285715,0.30952381190476186,1.0333333357142858,10.161904864285715,0.06904761904761901,0.765952364047619,0.6716666564285715,0.5295238035714286,0.8409523642857143,4.342857195238095,3.697619064285714,3.1190476428571423,4.06190480952381
2010,20,64.92,294.9285714285714,0.0,1.1011904557142858,5.480952461904763,284.61904761904765,288.6690476190476,286.06904761904764,286.98571428571427,5.773809547619046,0.30952381190476186,1.0333333357142858,10.161904864285715,0.3914285660238095,0.765952364047619,0.6716666564285715,0.5295238035714286,2.8690476380952386,4.342857195238095,3.697619064285714,3.1190476428571423
2010,21,105.89,297.247619047619,0.4476190547619047,1.427619024285714,6.366666747619047,294.9285714285714,284.61904761904765,288.6690476190476,286.06904761904764,0.0,5.773809547619046,0.30952381190476186,1.0333333357142858,1.1011904557142858,0.3914285660238095,0.765952364047619,0.6716666564285715,5.480952461904763,2.8690476380952386,4.342857195238095,3.697619064285714
2010,22,116.4,299.7857142857143,0.0,1.6702380761904763,5.692857185714285,297.247619047619,294.9285714285714,284.61904761904765,288.6690476190476,0.4476190547619047,0.0,5.773809547619046,0.30952381190476186,1.427619024285714,1.1011904557142858,0.3914285660238095,0.765952364047619,6.366666747619047,5.480952461904763,2.8690476380952386,4.342857195238095
2010,23,108.95,294.80238095238093,8.530952478571429,0.9371428435714285,4.523809588095237,299.7857142857143,297.247619047619,294.9285714285714,284.61904761904765,0.0,0.4476190547619047,0.0,5.773809547619046,1.6702380761904763,1.427619024285714,1.1011904557142858,0.3914285660238095,5.692857185714285,6.366666747619047,5.480952461904763,2.8690476380952386
2010,24,91.64,298.7357142857143,0.03809523809523808,1.5690475942857145,5.976190526190476,294.80238095238093,299.7857142857143,297.247619047619,294.9285714285714,8.530952478571429,0.0,0.4476190547619047,0.0,0.9371428435714285,1.6702380761904763,1.427619024285714,1.1011904557142858,4.523809588095237,5.692857185714285,6.366666747619047,5.480952461904763
2010,25,122.8,302.35714285714283,0.6952381095238095,1.978809497619048,6.723809597619048,298.7357142857143,294.80238095238093,299.7857142857143,297.247619047619,0.03809523809523808,8.530952478571429,0.0,0.4476190547619047,1.5690475942857145,0.9371428435714285,1.6702380761904763,1.427619024285714,5.976190526190476,4.523809588095237,5.692857185714285,6.366666747619047
2010,26,112.32,302.2523809523809,2.2476190976190478,1.9004761614285715,6.6452381761904755,302.35714285714283,298.7357142857143,294.80238095238093,299.7857142857143,0.6952381095238095,0.03809523809523808,8.530952478571429,0.0,1.978809497619048,1.5690475942857145,0.9371428435714285,1.6702380761904763,6.723809597619048,5.976190526190476,4.523809588095237,5.692857185714285
2010,27,84.74,298.1714285714286,2.1261904952380952,1.3169047309523811,5.4761905071428565,302.2523809523809,302.35714285714283,298.7357142857143,294.80238095238093,2.2476190976190478,0.6952381095238095,0.03809523809523808,8.530952478571429,1.9004761614285715,1.978809497619048,1.5690475942857145,0.9371428435714285,6.6452381761904755,6.723809597619048,5.976190526190476,4.523809588095237
2010,28,125.86,305.6809523809524,0.54761905,2.563095204761905,7.028571485714285,298.1714285714286,302.2523809523809,302.35714285714283,298.7357142857143,2.1261904952380952,2.2476190976190478,0.6952381095238095,0.03809523809523808,1.3169047309523811,1.9004761614285715,1.978809497619048,1.5690475942857145,5.4761905071428565,6.6452381761904755,6.723809597619048,5.976190526190476
2010,29,113.21,301.7571428571429,1.0357142880952381,1.642380916666667,5.78333339047619,305.6809523809524,298.1714285714286,302.2523809523809,302.35714285714283,0.54761905,2.1261904952380952,2.2476190976190478,0.6952381095238095,2.563095204761905,1.3169047309523811,1.9004761614285715,1.978809497619048,7.028571485714285,5.4761905071428565,6.6452381761904755,6.723809597619048
2010,30,107.44,303.43571428571425,0.7976190542857142,1.726666630952381,5.700000071428572,301.7571428571429,305.6809523809524,298.1714285714286,302.2523809523809,1.0357142880952381,0.54761905,2.1261904952380952,2.2476190976190478,1.642380916666667,2.563095204761905,1.3169047309523811,1.9004761614285715,5.78333339047619,7.028571485714285,5.4761905071428565,6.6452381761904755
2010,31,118.74,301.7238095238095,1.730952393809524,1.4695237904761906,4.923809595238095,303.43571428571425,301.7571428571429,305.6809523809524,298.1714285714286,0.7976190542857142,1.0357142880952381,0.54761905,2.1261904952380952,1.726666630952381,1.642380916666667,2.563095204761905,1.3169047309523811,5.700000071428572,5.78333339047619,7.028571485714285,5.4761905071428565
2010,32,115.67,301.37619047619046,1.9857143333333334,1.724285669047619,5.752380995238094,301.7238095238095,303.43571428571425,301.7571428571429,305.6809523809524,1.730952393809524,0.7976190542857142,1.0357142880952381,0.54761905,1.4695237904761906,1.726666630952381,1.642380916666667,2.563095204761905,4.923809595238095,5.700000071428572,5.78333339047619,7.028571485714285
2010,33,125.18,302.56190476190477,0.9214285714285714,1.915714261904762,5.819047683333333,301.37619047619046,301.7238095238095,303.43571428571425,301.7571428571429,1.9857143333333334,1.730952393809524,0.7976190542857142,1.0357142880952381,1.724285669047619,1.4695237904761906,1.726666630952381,1.642380916666667,5.752380995238094,4.923809595238095,5.700000071428572,5.78333339047619
2010,34,128.56,302.78333333333336,0.20238095952380952,2.006666636904762,5.888095302380953,302.56190476190477,301.37619047619046,301.7238095238095,303.43571428571425,0.9214285714285714,1.9857143333333334,1.730952393809524,0.7976190542857142,1.915714261904762,1.724285669047619,1.4695237904761906,1.726666630952381,5.819047683333333,5.752380995238094,4.923809595238095,5.700000071428572
2010,35,128.84,299.70238095238096,0.0,1.788095216904762,5.7500000642857145,302.78333333333336,302.56190476190477,301.37619047619046,301.7238095238095,0.20238095952380952,0.9214285714285714,1.9857143333333334,1.730952393809524,2.006666636904762,1.915714261904762,1.724285669047619,1.4695237904761906,5.888095302380953,5.819047683333333,5.752380995238094,4.923809595238095
2010,36,129.89,298.67142857142863,0.040476191428571416,1.708333304761905,5.366666745238096,299.70238095238096,302.78333333333336,302.56190476190477,301.37619047619046,0.0,0.20238095952380952,0.9214285714285714,1.9857143333333334,1.788095216904762,2.006666636904762,1.915714261904762,1.724285669047619,5.7500000642857145,5.888095302380953,5.819047683333333,5.752380995238094
2010,37,130.02,300.4738095238095,0.0,1.947857107142857,4.835714352380953,298.67142857142863,299.70238095238096,302.78333333333336,302.56190476190477,0.040476191428571416,0.0,0.20238095952380952,0.9214285714285714,1.708333304761905,1.788095216904762,2.006666636904762,1.915714261904762,5.366666745238096,5.7500000642857145,5.888095302380953,5.819047683333333
2010,38,117.82000000000001,297.9380952380952,0.35238095904761907,1.605714249047619,4.602380990476191,300.4738095238095,298.67142857142863,299.70238095238096,302.78333333333336,0.0,0.040476191428571416,0.0,0.20238095952380952,1.947857107142857,1.708333304761905,1.788095216904762,2.006666636904762,4.835714352380953,5.366666745238096,5.7500000642857145,5.888095302380953
2010,39,124.03999999999999,298.2404761904762,0.0,1.569999973095238,4.459523866666667,297.9380952380952,300.4738095238095,298.67142857142863,299.70238095238096,0.35238095904761907,0.0,0.040476191428571416,0.0,1.605714249047619,1.947857107142857,1.708333304761905,1.788095216904762,4.602380990476191,4.835714352380953,5.366666745238096,5.7500000642857145
2010,40,92.94,293.2261904761905,1.4190476404761905,1.1378571238095239,3.728571471428572,298.2404761904762,297.9380952380952,300.4738095238095,298.67142857142863,0.0,0.35238095904761907,0.0,0.040476191428571416,1.569999973095238,1.605714249047619,1.947857107142857,1.708333304761905,4.459523866666667,4.602380990476191,4.835714352380953,5.366666745238096
2010,41,68.12,291.93333333333334,1.4190476571428572,0.9978571285714287,2.850000035714286,293.2261904761905,298.2404761904762,297.9380952380952,300.4738095238095,1.4190476404761905,0.0,0.35238095904761907,0.0,1.1378571238095239,1.569999973095238,1.605714249047619,1.947857107142857,3.728571471428572,4.459523866666667,4.602380990476191,4.835714352380953
2010,42,58.93,289.7238095238095,0.26428571999999995,0.8090476042857141,2.538095269047619,291.93333333333334,293.2261904761905,298.2404761904762,297.9380952380952,1.4190476571428572,1.4190476404761905,0.0,0.35238095904761907,0.9978571285714287,1.1378571238095239,1.569999973095238,1.605714249047619,2.850000035714286,3.728571471428572,4.459523866666667,4.602380990476191
2010,43,46.65,287.76428571428573,0.1404761914285714,0.9154761716666666,3.090476209523809,289.7238095238095,291.93333333333334,293.2261904761905,298.2404761904762,0.26428571999999995,1.4190476571428572,1.4190476404761905,0.0,0.8090476042857141,0.9978571285714287,1.1378571238095239,1.569999973095238,2.538095269047619,2.850000035714286,3.728571471428572,4.459523866666667
2010,44,51.18,291.7190476190476,0.0,1.0585714080952382,2.728571447619048,287.76428571428573,289.7238095238095,291.93333333333334,293.2261904761905,0.1404761914285714,0.26428571999999995,1.4190476571428572,1.4190476404761905,0.9154761716666666,0.8090476042857141,0.9978571285714287,1.1378571238095239,3.090476209523809,2.538095269047619,2.850000035714286,3.728571471428572
2010,45,44.31,281.0785714285714,0.6166666690476189,0.46595237095238096,1.6142857261904764,291.7190476190476,287.76428571428573,289.7238095238095,291.93333333333334,0.0,0.1404761914285714,0.26428571999999995,1.4190476571428572,1.0585714080952382,0.9154761716666666,0.8090476042857141,0.9978571285714287,2.728571447619048,3.090476209523809,2.538095269047619,2.850000035714286
2010,46,44.77,284.26666666666665,0.3214285761904761,0.6352380907142857,2.283333354761905,281.0785714285714,291.7190476190476,287.76428571428573,289.7238095238095,0.6166666690476189,0.0,0.1404761914285714,0.26428571999999995,0.46595237095238096,1.0585714080952382,0.9154761716666666,0.8090476042857141,1.6142857261904764,2.728571447619048,3.090476209523809,2.538095269047619
2010,47,38.58,280.60714285714283,0.0,0.5233333269047619,1.9904762214285714,284.26666666666665,281.0785714285714,291.7190476190476,287.76428571428573,0.3214285761904761,0.6166666690476189,0.0,0.1404761914285714,0.6352380907142857,0.46595237095238096,1.0585714080952382,0.9154761716666666,2.283333354761905,1.6142857261904764,2.728571447619048,3.090476209523809
2010,48,38.699,281.64523809523814,0.0,0.5142857048571429,1.6952381104761904,280.60714285714283,284.26666666666665,281.0785714285714,291.7190476190476,0.0,0.3214285761904761,0.6166666690476189,0.0,0.5233333269047619,0.6352380907142857,0.46595237095238096,1.0585714080952382,1.9904762214285714,2.283333354761905,1.6142857261904764,2.728571447619048
2010,49,34.93,283.7666666666667,0.0,0.5811904647619047,1.9785714523809526,281.64523809523814,280.60714285714283,284.26666666666665,281.0785714285714,0.0,0.0,0.3214285761904761,0.6166666690476189,0.5142857048571429,0.5233333269047619,0.6352380907142857,0.46595237095238096,1.6952381104761904,1.9904762214285714,2.283333354761905,1.6142857261904764
2010,50,42.01,282.1119047619048,0.21904762238095232,0.5645238027619047,1.730952393809524,283.7666666666667,281.64523809523814,280.60714285714283,284.26666666666665,0.0,0.0,0.0,0.3214285761904761,0.5811904647619047,0.5142857048571429,0.5233333269047619,0.6352380907142857,1.9785714523809526,1.6952381104761904,1.9904762214285714,2.283333354761905
2010,51,40.0,282.1452380952381,0.0,0.43047618428571427,1.2833333471428572,282.1119047619048,283.7666666666667,281.64523809523814,280.60714285714283,0.21904762238095232,0.0,0.0,0.0,0.5645238027619047,0.5811904647619047,0.5142857048571429,0.5233333269047619,1.730952393809524,1.9785714523809526,1.6952381104761904,1.9904762214285714
2010,52,27.73,276.7261904761904,1.3023809833333333,0.37833332995238084,1.3547619166666667,282.1452380952381,282.1119047619048,283.7666666666667,281.64523809523814,0.0,0.21904762238095232,0.0,0.0,0.43047618428571427,0.5645238027619047,0.5811904647619047,0.5142857048571429,1.2833333471428572,1.730952393809524,1.9785714523809526,1.6952381104761904
2011,1,42.93,280.90714285714284,0.6690476333333334,0.4242857066666666,1.488095269047619,276.7261904761904,282.1452380952381,282.1119047619048,283.7666666666667,1.3023809833333333,0.0,0.21904762238095232,0.0,0.37833332995238084,0.43047618428571427,0.5645238027619047,0.5811904647619047,1.3547619166666667,1.2833333471428572,1.730952393809524,1.9785714523809526
2011,2,37.89,278.8357142857143,1.0190476190476192,0.39690475683333326,1.4500000209523811,280.90714285714284,276.7261904761904,282.1452380952381,282.1119047619048,0.6690476333333334,1.3023809833333333,0.0,0.21904762238095232,0.4242857066666666,0.37833332995238084,0.43047618428571427,0.5645238027619047,1.488095269047619,1.3547619166666667,1.2833333471428572,1.730952393809524
2011,3,37.31,280.80952380952385,0.49523809761904763,0.4342857104761904,1.8809524019047619,278.8357142857143,280.90714285714284,276.7261904761904,282.1452380952381,1.0190476190476192,0.6690476333333334,1.3023809833333333,0.0,0.39690475683333326,0.4242857066666666,0.37833332995238084,0.43047618428571427,1.4500000209523811,1.488095269047619,1.3547619166666667,1.2833333471428572
2011,4,44.51,283.5047619047619,0.3452380952380952,0.6371428447619049,2.1095238404761902,280.80952380952385,278.8357142857143,280.90714285714284,276.7261904761904,0.49523809761904763,1.0190476190476192,0.6690476333333334,1.3023809833333333,0.4342857104761904,0.39690475683333326,0.4242857066666666,0.37833332995238084,1.8809524019047619,1.4500000209523811,1.488095269047619,1.3547619166666667
2011,5,45.12,271.3309523809524,2.0285714304761906,0.1478571390714285,0.8452381028571426,283.5047619047619,280.80952380952385,278.8357142857143,280.90714285714284,0.3452380952380952,0.49523809761904763,1.0190476190476192,0.6690476333333334,0.6371428447619049,0.4342857104761904,0.39690475683333326,0.4242857066666666,2.1095238404761902,1.8809524019047619,1.4500000209523811,1.488095269047619
2011,6,41.68,277.74285714285713,2.1333333699999995,0.38095237433333334,1.7714285761904767,271.3309523809524,283.5047619047619,280.80952380952385,278.8357142857143,2.0285714304761906,0.3452380952380952,0.49523809761904763,1.0190476190476192,0.1478571390714285,0.6371428447619049,0.4342857104761904,0.39690475683333326,0.8452381028571426,2.1095238404761902,1.8809524019047619,1.4500000209523811
2011,7,43.64,286.3857142857143,0.31190476714285714,0.7930952269047621,3.12857145952381,277.74285714285713,271.3309523809524,283.5047619047619,280.80952380952385,2.1333333699999995,2.0285714304761906,0.3452380952380952,0.49523809761904763,0.38095237433333334,0.1478571390714285,0.6371428447619049,0.4342857104761904,1.7714285761904767,0.8452381028571426,2.1095238404761902,1.8809524019047619
2011,8,43.36,281.6690476190476,0.2666666666666666,0.5059523709523809,2.133333361904762,286.3857142857143,277.74285714285713,271.3309523809524,283.5047619047619,0.31190476714285714,2.1333333699999995,2.0285714304761906,0.3452380952380952,0.7930952269047621,0.38095237433333334,0.1478571390714285,0.6371428447619049,3.12857145952381,1.7714285761904767,0.8452381028571426,2.1095238404761902
2011,9,44.62,286.29047619047617,0.13333333428571428,0.7716666533333334,2.8952381166666665,281.6690476190476,286.3857142857143,277.74285714285713,271.3309523809524,0.2666666666666666,0.31190476714285714,2.1333333699999995,2.0285714304761906,0.5059523709523809,0.7930952269047621,0.38095237433333334,0.1478571390714285,2.133333361904762,3.12857145952381,1.7714285761904767,0.8452381028571426
2011,10,44.1,284.8857142857143,0.3238095261904761,0.623571418095238,2.757142897619048,286.29047619047617,281.6690476190476,286.3857142857143,277.74285714285713,0.13333333428571428,0.2666666666666666,0.31190476714285714,2.1333333699999995,0.7716666533333334,0.5059523709523809,0.7930952269047621,0.38095237433333334,2.8952381166666665,2.133333361904762,3.12857145952381,1.7714285761904767
2011,11,47.42,290.37142857142857,0.6095238119047619,0.9645237971428572,3.8261905452380947,284.8857142857143,286.29047619047617,281.6690476190476,286.3857142857143,0.3238095261904761,0.13333333428571428,0.2666666666666666,0.31190476714285714,0.623571418095238,0.7716666533333334,0.5059523709523809,0.7930952269047621,2.757142897619048,2.8952381166666665,2.133333361904762,3.12857145952381
2011,12,54.88,286.7095238095239,0.09523809619047617,0.7897618857142857,3.726190502380952,290.37142857142857,284.8857142857143,286.29047619047617,281.6690476190476,0.6095238119047619,0.3238095261904761,0.13333333428571428,0.2666666666666666,0.9645237971428572,0.623571418095238,0.7716666533333334,0.5059523709523809,3.8261905452380947,2.757142897619048,2.8952381166666665,2.133333361904762
2011,13,49.46,288.05,1.5476190666666667,0.8173809442857142,3.9500000619047615,286.7095238095239,290.37142857142857,284.8857142857143,286.29047619047617,0.09523809619047617,0.6095238119047619,0.3238095261904761,0.13333333428571428,0.7897618857142857,0.9645237971428572,0.623571418095238,0.7716666533333334,3.726190502380952,3.8261905452380947,2.757142897619048,2.8952381166666665
2011,14,54.46,288.19761904761907,0.2214285714285714,0.8292856995238095,4.111904819047619,288.05,286.7095238095239,290.37142857142857,284.8857142857143,1.5476190666666667,0.09523809619047617,0.6095238119047619,0.3238095261904761,0.8173809442857142,0.7897618857142857,0.9645237971428572,0.623571418095238,3.9500000619047615,3.726190502380952,3.8261905452380947,2.757142897619048
2011,15,65.0,287.6904761904762,1.121428576190476,0.7707142738095237,3.821428616666667,288.19761904761907,288.05,286.7095238095239,290.37142857142857,0.2214285714285714,1.5476190666666667,0.09523809619047617,0.6095238119047619,0.8292856995238095,0.8173809442857142,0.7897618857142857,0.9645237971428572,4.111904819047619,3.9500000619047615,3.726190502380952,3.8261905452380947
2011,16,66.45,288.23333333333335,3.204761928095238,0.7033333223809524,3.5500000380952383,287.6904761904762,288.19761904761907,288.05,286.7095238095239,1.121428576190476,0.2214285714285714,1.5476190666666667,0.09523809619047617,0.7707142738095237,0.8292856995238095,0.8173809442857142,0.7897618857142857,3.821428616666667,4.111904819047619,3.9500000619047615,3.726190502380952
2011,17,60.86,284.95238095238096,0.6214285771428572,0.6388095114285715,3.6142857309523806,288.23333333333335,287.6904761904762,288.19761904761907,288.05,3.204761928095238,1.121428576190476,0.2214285714285714,1.5476190666666667,0.7033333223809524,0.7707142738095237,0.8292856995238095,0.8173809442857142,3.5500000380952383,3.821428616666667,4.111904819047619,3.9500000619047615
2011,18,92.27000000000001,291.39285714285717,0.09047619047619042,1.1333333109523809,4.909523869047619,284.95238095238096,288.23333333333335,287.6904761904762,288.19761904761907,0.6214285771428572,3.204761928095238,1.121428576190476,0.2214285714285714,0.6388095114285715,0.7033333223809524,0.7707142738095237,0.8292856995238095,3.6142857309523806,3.5500000380952383,3.821428616666667,4.111904819047619
2011,19,75.98,288.0428571428572,8.183333459523809,0.6745238000000001,3.8809524023809523,291.39285714285717,284.95238095238096,288.23333333333335,287.6904761904762,0.09047619047619042,0.6214285771428572,3.204761928095238,1.121428576190476,1.1333333109523809,0.6388095114285715,0.7033333223809524,0.7707142738095237,4.909523869047619,3.6142857309523806,3.5500000380952383,3.821428616666667
2011,20,50.63,289.5357142857143,6.269047673809524,0.6569047545238095,3.9428571738095233,288.0428571428572,291.39285714285717,284.95238095238096,288.23333333333335,8.183333459523809,0.09047619047619042,0.6214285771428572,3.204761928095238,0.6745238000000001,1.1333333109523809,0.6388095114285715,0.7033333223809524,3.8809524023809523,4.909523869047619,3.6142857309523806,3.5500000380952383
2011,21,67.23,293.90238095238095,0.9119047738095238,0.9602380838095238,4.750000014285714,289.5357142857143,288.0428571428572,291.39285714285717,284.95238095238096,6.269047673809524,8.183333459523809,0.09047619047619042,0.6214285771428572,0.6569047545238095,0.6745238000000001,1.1333333109523809,0.6388095114285715,3.9428571738095233,3.8809524023809523,4.909523869047619,3.6142857309523806
2011,22,106.86,298.9809523809524,0.0,1.740476161904762,6.9214286595238095,293.90238095238095,289.5357142857143,288.0428571428572,291.39285714285717,0.9119047738095238,6.269047673809524,8.183333459523809,0.09047619047619042,0.9602380838095238,0.6569047545238095,0.6745238000000001,1.1333333109523809,4.750000014285714,3.9428571738095233,3.8809524023809523,4.909523869047619
2011,23,115.01,299.9452380952381,0.24761904761904763,1.7433332976190477,6.7404762571428565,298.9809523809524,293.90238095238095,289.5357142857143,288.0428571428572,0.0,0.9119047738095238,6.269047673809524,8.183333459523809,1.740476161904762,0.9602380838095238,0.6569047545238095,0.6745238000000001,6.9214286595238095,4.750000014285714,3.9428571738095233,3.8809524023809523
2011,24,130.64,299.3095238095238,1.0904762142857143,1.7028571166666666,6.200000078571429,299.9452380952381,298.9809523809524,293.90238095238095,289.5357142857143,0.24761904761904763,0.0,0.9119047738095238,6.269047673809524,1.7433332976190477,1.740476161904762,0.9602380838095238,0.6569047545238095,6.7404762571428565,6.9214286595238095,4.750000014285714,3.9428571738095233
2011,25,102.35,299.5452380952381,4.971428619047619,1.6576190271428572,5.926190519047618,299.3095238095238,299.9452380952381,298.9809523809524,293.90238095238095,1.0904762142857143,0.24761904761904763,0.0,0.9119047738095238,1.7028571166666666,1.7433332976190477,1.740476161904762,0.9602380838095238,6.200000078571429,6.7404762571428565,6.9214286595238095,4.750000014285714
2011,26,126.86,304.07619047619045,0.7619047666666668,2.2028571047619043,7.18095245,299.5452380952381,299.3095238095238,299.9452380952381,298.9809523809524,4.971428619047619,1.0904762142857143,0.24761904761904763,0.0,1.6576190271428572,1.7028571166666666,1.7433332976190477,1.740476161904762,5.926190519047618,6.200000078571429,6.7404762571428565,6.9214286595238095
2011,27,102.33,303.20238095238096,6.540476230952382,1.7785713857142857,5.652380995238094,304.07619047619045,299.5452380952381,299.3095238095238,299.9452380952381,0.7619047666666668,4.971428619047619,1.0904762142857143,0.24761904761904763,2.2028571047619043,1.6576190271428572,1.7028571166666666,1.7433332976190477,7.18095245,5.926190519047618,6.200000078571429,6.7404762571428565
2011,28,62.18,303.04285714285714,5.404761993333334,1.555238060952381,5.604761940476191,303.20238095238096,304.07619047619045,299.5452380952381,299.3095238095238,6.540476230952382,0.7619047666666668,4.971428619047619,1.0904762142857143,1.7785713857142857,2.2028571047619043,1.6576190271428572,1.7028571166666666,5.652380995238094,7.18095245,5.926190519047618,6.200000078571429
2011,29,114.89,304.9071428571429,2.1761904857142853,2.16642855,6.509523888095238,303.04285714285714,303.20238095238096,304.07619047619045,299.5452380952381,5.404761993333334,6.540476230952382,0.7619047666666668,4.971428619047619,1.555238060952381,1.7785713857142857,2.2028571047619043,1.6576190271428572,5.604761940476191,5.652380995238094,7.18095245,5.926190519047618
2011,30,121.57,303.83571428571435,1.428571445238095,1.903571395238095,6.135714371428571,304.9071428571429,303.04285714285714,303.20238095238096,304.07619047619045,2.1761904857142853,5.404761993333334,6.540476230952382,0.7619047666666668,2.16642855,1.555238060952381,1.7785713857142857,2.2028571047619043,6.509523888095238,5.604761940476191,5.652380995238094,7.18095245
2011,31,124.02000000000001,302.81428571428575,0.6166666733333334,1.799047580952381,5.723809588095239,303.83571428571435,304.9071428571429,303.04285714285714,303.20238095238096,1.428571445238095,2.1761904857142853,5.404761993333334,6.540476230952382,1.903571395238095,2.16642855,1.555238060952381,1.7785713857142857,6.135714371428571,6.509523888095238,5.604761940476191,5.652380995238094
2011,32,145.0,303.4309523809524,0.04999999999999997,2.1409523619047617,6.1976190976190475,302.81428571428575,303.83571428571435,304.9071428571429,303.04285714285714,0.6166666733333334,1.428571445238095,2.1761904857142853,5.404761993333334,1.799047580952381,1.903571395238095,2.16642855,1.555238060952381,5.723809588095239,6.135714371428571,6.509523888095238,5.604761940476191
2011,33,135.07,303.78809523809525,0.5952381047619048,2.0540475666666667,5.733333376190476,303.4309523809524,302.81428571428575,303.83571428571435,304.9071428571429,0.04999999999999997,0.6166666733333334,1.428571445238095,2.1761904857142853,2.1409523619047617,1.799047580952381,1.903571395238095,2.16642855,6.1976190976190475,5.723809588095239,6.135714371428571,6.509523888095238
2011,34,144.21,305.0119047619048,0.5166666676190476,2.2790475833333335,5.885714364285715,303.78809523809525,303.4309523809524,302.81428571428575,303.83571428571435,0.5952381047619048,0.04999999999999997,0.6166666733333334,1.428571445238095,2.0540475666666667,2.1409523619047617,1.799047580952381,1.903571395238095,5.733333376190476,6.1976190976190475,5.723809588095239,6.135714371428571
2011,35,143.19,301.56666666666666,0.20714286190476186,1.7676190071428568,5.3857143714285725,305.0119047619048,303.78809523809525,303.4309523809524,302.81428571428575,0.5166666676190476,0.5952381047619048,0.04999999999999997,0.6166666733333334,2.2790475833333335,2.0540475666666667,2.1409523619047617,1.799047580952381,5.885714364285715,5.733333376190476,6.1976190976190475,5.723809588095239
2011,36,106.01,296.0428571428572,1.6190476642857146,1.1545237823809524,3.9000000357142857,301.56666666666666,305.0119047619048,303.78809523809525,303.4309523809524,0.20714286190476186,0.5166666676190476,0.5952381047619048,0.04999999999999997,1.7676190071428568,2.2790475833333335,2.0540475666666667,2.1409523619047617,5.3857143714285725,5.885714364285715,5.733333376190476,6.1976190976190475
2011,37,91.38,294.71904761904767,4.485714383333333,1.0033333114285716,3.6642857404761906,296.0428571428572,301.56666666666666,305.0119047619048,303.78809523809525,1.6190476642857146,0.20714286190476186,0.5166666676190476,0.5952381047619048,1.1545237823809524,1.7676190071428568,2.2790475833333335,2.0540475666666667,3.9000000357142857,5.3857143714285725,5.885714364285715,5.733333376190476
2011,38,99.35,297.2357142857143,0.09047619047619043,1.4414285383333334,4.364285780952381,294.71904761904767,296.0428571428572,301.56666666666666,305.0119047619048,4.485714383333333,1.6190476642857146,0.20714286190476186,0.5166666676190476,1.0033333114285716,1.1545237823809524,1.7676190071428568,2.2790475833333335,3.6642857404761906,3.9000000357142857,5.3857143714285725,5.885714364285715
2011,39,105.57,298.8285714285715,0.06904761904761901,1.6704761642857144,4.445238176190476,297.2357142857143,294.71904761904767,296.0428571428572,301.56666666666666,0.09047619047619043,4.485714383333333,1.6190476642857146,0.20714286190476186,1.4414285383333334,1.0033333114285716,1.1545237823809524,1.7676190071428568,4.364285780952381,3.6642857404761906,3.9000000357142857,5.3857143714285725
2011,40,92.6,291.3285714285714,1.9976190723809528,1.0007142647619047,3.5500000333333332,298.8285714285715,297.2357142857143,294.71904761904767,296.0428571428572,0.06904761904761901,0.09047619047619043,4.485714383333333,1.6190476642857146,1.6704761642857144,1.4414285383333334,1.0033333114285716,1.1545237823809524,4.445238176190476,4.364285780952381,3.6642857404761906,3.9000000357142857
2011,41,78.91,293.23809523809524,0.06428571428571425,1.155238065,3.464285747619048,291.3285714285714,298.8285714285715,297.2357142857143,294.71904761904767,1.9976190723809528,0.06904761904761901,0.09047619047619043,4.485714383333333,1.0007142647619047,1.6704761642857144,1.4414285383333334,1.0033333114285716,3.5500000333333332,4.445238176190476,4.364285780952381,3.6642857404761906
2011,42,56.69,290.0,0.2595238114285714,0.9007142711904761,2.800000014285714,293.23809523809524,291.3285714285714,298.8285714285715,297.2357142857143,0.06428571428571425,1.9976190723809528,0.06904761904761901,0.09047619047619043,1.155238065,1.0007142647619047,1.6704761642857144,1.4414285383333334,3.464285747619048,3.5500000333333332,4.445238176190476,4.364285780952381
2011,43,41.49,284.7261904761905,3.5380953357142855,0.669285701452381,2.328571442857143,290.0,293.23809523809524,291.3285714285714,298.8285714285715,0.2595238114285714,0.06428571428571425,1.9976190723809528,0.06904761904761901,0.9007142711904761,1.155238065,1.0007142647619047,1.6704761642857144,2.800000014285714,3.464285747619048,3.5500000333333332,4.445238176190476
2011,44,40.519999999999996,284.86190476190484,2.211904761904762,0.6152380862857143,2.2761905,284.7261904761905,290.0,293.23809523809524,291.3285714285714,3.5380953357142855,0.2595238114285714,0.06428571428571425,1.9976190723809528,0.669285701452381,0.9007142711904761,1.155238065,1.0007142647619047,2.328571442857143,2.800000014285714,3.464285747619048,3.5500000333333332
2011,45,53.940000000000005,282.76666666666665,0.07380952380952376,0.5480952266666665,2.1166667,284.86190476190484,284.7261904761905,290.0,293.23809523809524,2.211904761904762,3.5380953357142855,0.2595238114285714,0.06428571428571425,0.6152380862857143,0.669285701452381,0.9007142711904761,1.155238065,2.2761905,2.328571442857143,2.800000014285714,3.464285747619048
2011,46,41.480000000000004,283.45714285714286,0.030952380952380915,0.5659523735714286,2.0714286000000004,282.76666666666665,284.86190476190484,284.7261904761905,290.0,0.07380952380952376,2.211904761904762,3.5380953357142855,0.2595238114285714,0.5480952266666665,0.6152380862857143,0.669285701452381,0.9007142711904761,2.1166667,2.2761905,2.328571442857143,2.800000014285714
2011,47,38.45,285.81666666666666,0.14285714285714282,0.7540476104761904,2.3857143119047617,283.45714285714286,282.76666666666665,284.86190476190484,284.7261904761905,0.030952380952380915,0.07380952380952376,2.211904761904762,3.5380953357142855,0.5659523735714286,0.5480952266666665,0.6152380862857143,0.669285701452381,2.0714286000000004,2.1166667,2.2761905,2.328571442857143
2011,48,44.82,281.33333333333337,2.8595238976190474,0.48833333028571424,1.6238095333333333,285.81666666666666,283.45714285714286,282.76666666666665,284.86190476190484,0.14285714285714282,0.030952380952380915,0.07380952380952376,2.211904761904762,0.7540476104761904,0.5659523735714286,0.5480952266666665,0.6152380862857143,2.3857143119047617,2.0714286000000004,2.1166667,2.2761905
2011,49,41.99,276.4071428571429,0.2380952452380952,0.3073809472380952,1.0785714461904763,281.33333333333337,285.81666666666666,283.45714285714286,282.76666666666665,2.8595238976190474,0.14285714285714282,0.030952380952380915,0.07380952380952376,0.48833333028571424,0.7540476104761904,0.5659523735714286,0.5480952266666665,1.6238095333333333,2.3857143119047617,2.0714286000000004,2.1166667
2011,50,37.98,281.59999999999997,0.0833333333333333,0.4807142783333333,1.2785714361904763,276.4071428571429,281.33333333333337,285.81666666666666,283.45714285714286,0.2380952452380952,2.8595238976190474,0.14285714285714282,0.030952380952380915,0.3073809472380952,0.48833333028571424,0.7540476104761904,0.5659523735714286,1.0785714461904763,1.6238095333333333,2.3857143119047617,2.0714286000000004
2011,51,35.25,277.87857142857143,3.0976190638095242,0.3161904708095238,1.1214285861904763,281.59999999999997,276.4071428571429,281.33333333333337,285.81666666666666,0.0833333333333333,0.2380952452380952,2.8595238976190474,0.14285714285714282,0.4807142783333333,0.3073809472380952,0.48833333028571424,0.7540476104761904,1.2785714361904763,1.0785714461904763,1.6238095333333333,2.3857143119047617
2011,52,31.876,283.15714285714284,0.4357142857142857,0.5497618957142857,2.021428595238095,277.87857142857143,281.59999999999997,276.4071428571429,281.33333333333337,3.0976190638095242,0.0833333333333333,0.2380952452380952,2.8595238976190474,0.3161904708095238,0.4807142783333333,0.3073809472380952,0.48833333028571424,1.1214285861904763,1.2785714361904763,1.0785714461904763,1.6238095333333333
2012,1,34.268,284.3095238095238,0.6761904833333333,0.6388095135714286,2.0071428714285715,283.15714285714284,277.87857142857143,281.59999999999997,276.4071428571429,0.4357142857142857,3.0976190638095242,0.0833333333333333,0.2380952452380952,0.5497618957142857,0.3161904708095238,0.4807142783333333,0.3073809472380952,2.021428595238095,1.1214285861904763,1.2785714361904763,1.0785714461904763
2012,2,38.29,282.22142857142853,0.8785714385714286,0.5311904676190476,2.026190495238095,284.3095238095238,283.15714285714284,277.87857142857143,281.59999999999997,0.6761904833333333,0.4357142857142857,3.0976190638095242,0.0833333333333333,0.6388095135714286,0.5497618957142857,0.3161904708095238,0.4807142783333333,2.0071428714285715,2.021428595238095,1.1214285861904763,1.2785714361904763
2012,3,42.96,282.81190476190477,0.1619047619047619,0.5557142792857143,2.1785714514285712,282.22142857142853,284.3095238095238,283.15714285714284,277.87857142857143,0.8785714385714286,0.6761904833333333,0.4357142857142857,3.0976190638095242,0.5311904676190476,0.6388095135714286,0.5497618957142857,0.3161904708095238,2.026190495238095,2.0071428714285715,2.021428595238095,1.1214285861904763
2012,4,36.06,283.1380952380952,0.2738095238095238,0.5764285602380952,2.202380983333333,282.81190476190477,282.22142857142853,284.3095238095238,283.15714285714284,0.1619047619047619,0.8785714385714286,0.6761904833333333,0.4357142857142857,0.5557142792857143,0.5311904676190476,0.6388095135714286,0.5497618957142857,2.1785714514285712,2.026190495238095,2.0071428714285715,2.021428595238095
2012,5,43.339999999999996,279.48809523809524,4.285714348571429,0.42142856738095236,1.602380969047619,283.1380952380952,282.81190476190477,282.22142857142853,284.3095238095238,0.2738095238095238,0.1619047619047619,0.8785714385714286,0.6761904833333333,0.5764285602380952,0.5557142792857143,0.5311904676190476,0.6388095135714286,2.202380983333333,2.1785714514285712,2.026190495238095,2.0071428714285715
2012,6,38.12,276.5595238095238,1.1238095357142857,0.22095237728571424,1.0904762023809522,279.48809523809524,283.1380952380952,282.81190476190477,282.22142857142853,4.285714348571429,0.2738095238095238,0.1619047619047619,0.8785714385714286,0.42142856738095236,0.5764285602380952,0.5557142792857143,0.5311904676190476,1.602380969047619,2.202380983333333,2.1785714514285712,2.026190495238095
2012,7,36.47,278.68571428571425,0.11428571619047617,0.2888095180952381,1.4047619238095237,276.5595238095238,279.48809523809524,283.1380952380952,282.81190476190477,1.1238095357142857,4.285714348571429,0.2738095238095238,0.1619047619047619,0.22095237728571424,0.42142856738095236,0.5764285602380952,0.5557142792857143,1.0904762023809522,1.602380969047619,2.202380983333333,2.1785714514285712
2012,8,43.51,279.07619047619045,1.597619076190476,0.3438095204761904,1.9309524047619047,278.68571428571425,276.5595238095238,279.48809523809524,283.1380952380952,0.11428571619047617,1.1238095357142857,4.285714348571429,0.2738095238095238,0.2888095180952381,0.22095237728571424,0.42142856738095236,0.5764285602380952,1.4047619238095237,1.0904762023809522,1.602380969047619,2.202380983333333
2012,9,38.24,281.0642857142857,0.2190476214285714,0.47738094428571426,2.3428571642857148,279.07619047619045,278.68571428571425,276.5595238095238,279.48809523809524,1.597619076190476,0.11428571619047617,1.1238095357142857,4.285714348571429,0.3438095204761904,0.2888095180952381,0.22095237728571424,0.42142856738095236,1.9309524047619047,1.4047619238095237,1.0904762023809522,1.602380969047619
2012,10,41.97,285.8809523809524,0.0,0.702857131904762,3.0357143095238097,281.0642857142857,279.07619047619045,278.68571428571425,276.5595238095238,0.2190476214285714,1.597619076190476,0.11428571619047617,1.1238095357142857,0.47738094428571426,0.3438095204761904,0.2888095180952381,0.22095237728571424,2.3428571642857148,1.9309524047619047,1.4047619238095237,1.0904762023809522
2012,11,43.89,291.6333333333333,0.0,1.1469047364285714,4.514285792857144,285.8809523809524,281.0642857142857,279.07619047619045,278.68571428571425,0.0,0.2190476214285714,1.597619076190476,0.11428571619047617,0.702857131904762,0.47738094428571426,0.3438095204761904,0.2888095180952381,3.0357143095238097,2.3428571642857148,1.9309524047619047,1.4047619238095237
2012,12,56.18,289.4190476190476,0.0,0.9683333183333334,3.7404762261904767,291.6333333333333,285.8809523809524,281.0642857142857,279.07619047619045,0.0,0.0,0.2190476214285714,1.597619076190476,1.1469047364285714,0.702857131904762,0.47738094428571426,0.3438095204761904,4.514285792857144,3.0357143095238097,2.3428571642857148,1.9309524047619047
2012,13,59.44,294.34761904761905,0.0,1.340476145238095,4.9095238738095235,289.4190476190476,291.6333333333333,285.8809523809524,281.0642857142857,0.0,0.0,0.0,0.2190476214285714,0.9683333183333334,1.1469047364285714,0.702857131904762,0.47738094428571426,3.7404762261904767,4.514285792857144,3.0357143095238097,2.3428571642857148
2012,14,51.62,288.3857142857143,2.1071428595238095,0.7785714205714286,3.5595238723809524,294.34761904761905,289.4190476190476,291.6333333333333,285.8809523809524,0.0,0.0,0.0,0.0,1.340476145238095,0.9683333183333334,1.1469047364285714,0.702857131904762,4.9095238738095235,3.7404762261904767,4.514285792857144,3.0357143095238097
2012,15,62.339999999999996,290.97142857142853,2.378571454761905,0.9661904552380953,3.8714286166666665,288.3857142857143,294.34761904761905,289.4190476190476,291.6333333333333,2.1071428595238095,0.0,0.0,0.0,0.7785714205714286,1.340476145238095,0.9683333183333334,1.1469047364285714,3.5595238723809524,4.9095238738095235,3.7404762261904767,4.514285792857144
2012,16,67.6,291.95,0.06904761904761901,1.001428558095238,4.126190495238095,290.97142857142853,288.3857142857143,294.34761904761905,289.4190476190476,2.378571454761905,2.1071428595238095,0.0,0.0,0.9661904552380953,0.7785714205714286,1.340476145238095,0.9683333183333334,3.8714286166666665,3.5595238723809524,4.9095238738095235,3.7404762261904767
2012,17,92.61,295.6119047619048,0.4238095342857143,1.4028571128571425,5.073809602380952,291.95,290.97142857142853,288.3857142857143,294.34761904761905,0.06904761904761901,2.378571454761905,2.1071428595238095,0.0,1.001428558095238,0.9661904552380953,0.7785714205714286,1.340476145238095,4.126190495238095,3.8714286166666665,3.5595238723809524,4.9095238738095235
2012,18,108.91,295.56666666666666,1.2952380976190476,1.3590475945238094,5.283333361904762,295.6119047619048,291.95,290.97142857142853,288.3857142857143,0.4238095342857143,0.06904761904761901,2.378571454761905,2.1071428595238095,1.4028571128571425,1.001428558095238,0.9661904552380953,0.7785714205714286,5.073809602380952,4.126190495238095,3.8714286166666665,3.5595238723809524
2012,19,61.05,290.2214285714286,3.3095238476190474,0.768809513095238,3.8571428809523804,295.56666666666666,295.6119047619048,291.95,290.97142857142853,1.2952380976190476,0.4238095342857143,0.06904761904761901,2.378571454761905,1.3590475945238094,1.4028571128571425,1.001428558095238,0.9661904552380953,5.283333361904762,5.073809602380952,4.126190495238095,3.8714286166666665
2012,20,90.61,295.7309523809524,1.3809524119047623,1.3540476002380952,5.483333407142857,290.2214285714286,295.56666666666666,295.6119047619048,291.95,3.3095238476190474,1.2952380976190476,0.4238095342857143,0.06904761904761901,0.768809513095238,1.3590475945238094,1.4028571128571425,1.001428558095238,3.8571428809523804,5.283333361904762,5.073809602380952,4.126190495238095
2012,21,90.32,296.12380952380954,2.042857219047619,1.358333303809524,6.03095245952381,295.7309523809524,290.2214285714286,295.56666666666666,295.6119047619048,1.3809524119047623,3.3095238476190474,1.2952380976190476,0.4238095342857143,1.3540476002380952,0.768809513095238,1.3590475945238094,1.4028571128571425,5.483333407142857,3.8571428809523804,5.283333361904762,5.073809602380952
2012,22,109.35000000000001,298.0761904761905,0.3214285761904761,1.5335713976190475,5.823809573809524,296.12380952380954,295.7309523809524,290.2214285714286,295.56666666666666,2.042857219047619,1.3809524119047623,3.3095238476190474,1.2952380976190476,1.358333303809524,1.3540476002380952,0.768809513095238,1.3590475945238094,6.03095245952381,5.483333407142857,3.8571428809523804,5.283333361904762
2012,23,124.11,301.39523809523814,1.3809524047619048,1.8052380476190477,6.954761964285713,298.0761904761905,296.12380952380954,295.7309523809524,290.2214285714286,0.3214285761904761,2.042857219047619,1.3809524119047623,3.3095238476190474,1.5335713976190475,1.358333303809524,1.3540476002380952,0.768809513095238,5.823809573809524,6.03095245952381,5.483333407142857,3.8571428809523804
2012,24,125.62,301.1928571428571,0.0833333333333333,2.003809492857143,6.83095240952381,301.39523809523814,298.0761904761905,296.12380952380954,295.7309523809524,1.3809524047619048,0.3214285761904761,2.042857219047619,1.3809524119047623,1.8052380476190477,1.5335713976190475,1.358333303809524,1.3540476002380952,6.954761964285713,5.823809573809524,6.03095245952381,5.483333407142857
2012,25,153.59,304.4809523809524,0.0,2.5647618476190472,7.861904933333334,301.1928571428571,301.39523809523814,298.0761904761905,296.12380952380954,0.0833333333333333,1.3809524047619048,0.3214285761904761,2.042857219047619,2.003809492857143,1.8052380476190477,1.5335713976190475,1.358333303809524,6.83095240952381,6.954761964285713,5.823809573809524,6.03095245952381
2012,26,145.18,306.9309523809524,0.33095238285714285,2.9452380500000004,7.426190569047619,304.4809523809524,301.1928571428571,301.39523809523814,298.0761904761905,0.0,0.0833333333333333,1.3809524047619048,0.3214285761904761,2.5647618476190472,2.003809492857143,1.8052380476190477,1.5335713976190475,7.861904933333334,6.83095240952381,6.954761964285713,5.823809573809524
2012,27,119.98,303.36904761904765,4.990476247142857,1.9507142514285716,6.09047624047619,306.9309523809524,304.4809523809524,301.1928571428571,301.39523809523814,0.33095238285714285,0.0,0.0833333333333333,1.3809524047619048,2.9452380500000004,2.5647618476190472,2.003809492857143,1.8052380476190477,7.426190569047619,7.861904933333334,6.83095240952381,6.954761964285713
2012,28,100.6,302.93333333333334,0.4071428642857142,1.811666630714286,6.366666716666667,303.36904761904765,306.9309523809524,304.4809523809524,301.1928571428571,4.990476247142857,0.33095238285714285,0.0,0.0833333333333333,1.9507142514285716,2.9452380500000004,2.5647618476190472,2.003809492857143,6.09047624047619,7.426190569047619,7.861904933333334,6.83095240952381
2012,29,129.38,305.1452380952381,1.0333333485714287,2.354047595238095,6.802381040476191,302.93333333333334,303.36904761904765,306.9309523809524,304.4809523809524,0.4071428642857142,4.990476247142857,0.33095238285714285,0.0,1.811666630714286,1.9507142514285716,2.9452380500000004,2.5647618476190472,6.366666716666667,6.09047624047619,7.426190569047619,7.861904933333334
2012,30,121.42,304.5452380952381,2.2690476304761904,2.128333307142857,6.171428657142857,305.1452380952381,302.93333333333334,303.36904761904765,306.9309523809524,1.0333333485714287,0.4071428642857142,4.990476247142857,0.33095238285714285,2.354047595238095,1.811666630714286,1.9507142514285716,2.9452380500000004,6.802381040476191,6.366666716666667,6.09047624047619,7.426190569047619
2012,31,114.06,302.8952380952381,1.4880952566666668,1.835238080952381,5.8595238738095246,304.5452380952381,305.1452380952381,302.93333333333334,303.36904761904765,2.2690476304761904,1.0333333485714287,0.4071428642857142,4.990476247142857,2.128333307142857,2.354047595238095,1.811666630714286,1.9507142514285716,6.171428657142857,6.802381040476191,6.366666716666667,6.09047624047619
2012,32,136.32,303.98095238095243,0.12857142952380948,2.255714257142857,6.2476190761904755,302.8952380952381,304.5452380952381,305.1452380952381,302.93333333333334,1.4880952566666668,2.2690476304761904,1.0333333485714287,0.4071428642857142,1.835238080952381,2.128333307142857,2.354047595238095,1.811666630714286,5.8595238738095246,6.171428657142857,6.802381040476191,6.366666716666667
2012,33,138.0,301.68095238095236,0.0,1.781428530952381,5.559523866666667,303.98095238095243,302.8952380952381,304.5452380952381,305.1452380952381,0.12857142952380948,1.4880952566666668,2.2690476304761904,1.0333333485714287,2.255714257142857,1.835238080952381,2.128333307142857,2.354047595238095,6.2476190761904755,5.8595238738095246,6.171428657142857,6.802381040476191
2012,34,122.53,300.97857142857146,0.5380952414285715,1.7085714023809524,5.040476226190477,301.68095238095236,303.98095238095243,302.8952380952381,304.5452380952381,0.0,0.12857142952380948,1.4880952566666668,2.2690476304761904,1.781428530952381,2.255714257142857,1.835238080952381,2.128333307142857,5.559523866666667,6.2476190761904755,5.8595238738095246,6.171428657142857
2012,35,138.33,304.6047619047619,0.3523809557142857,2.3628571166666665,5.880952438095238,300.97857142857146,301.68095238095236,303.98095238095243,302.8952380952381,0.5380952414285715,0.0,0.12857142952380948,1.4880952566666668,1.7085714023809524,1.781428530952381,2.255714257142857,1.835238080952381,5.040476226190477,5.559523866666667,6.2476190761904755,5.8595238738095246
2012,36,125.74,300.56428571428575,0.13571428571428568,1.9014285547619048,5.121428607142858,304.6047619047619,300.97857142857146,301.68095238095236,303.98095238095243,0.3523809557142857,0.5380952414285715,0.0,0.12857142952380948,2.3628571166666665,1.7085714023809524,1.781428530952381,2.255714257142857,5.880952438095238,5.040476226190477,5.559523866666667,6.2476190761904755
2012,37,103.68,297.46904761904767,5.471428626190477,1.4835714085714287,4.378571464285714,300.56428571428575,304.6047619047619,300.97857142857146,301.68095238095236,0.13571428571428568,0.3523809557142857,0.5380952414285715,0.0,1.9014285547619048,2.3628571166666665,1.7085714023809524,1.781428530952381,5.121428607142858,5.880952438095238,5.040476226190477,5.559523866666667
2012,38,112.78,297.85714285714283,0.04047619047619045,1.5630952119047619,4.4285714928571425,297.46904761904767,300.56428571428575,304.6047619047619,300.97857142857146,5.471428626190477,0.13571428571428568,0.3523809557142857,0.5380952414285715,1.4835714085714287,1.9014285547619048,2.3628571166666665,1.7085714023809524,4.378571464285714,5.121428607142858,5.880952438095238,5.040476226190477
2012,39,80.84,294.2690476190476,2.2500000023809523,0.9814285588095237,3.2142857404761904,297.85714285714283,297.46904761904767,300.56428571428575,304.6047619047619,0.04047619047619045,5.471428626190477,0.13571428571428568,0.3523809557142857,1.5630952119047619,1.4835714085714287,1.9014285547619048,2.3628571166666665,4.4285714928571425,4.378571464285714,5.121428607142858,5.880952438095238
2012,40,68.86,289.0023809523809,0.5619047685714286,0.8230952204761905,2.980952414285715,294.2690476190476,297.85714285714283,297.46904761904767,300.56428571428575,2.2500000023809523,0.04047619047619045,5.471428626190477,0.13571428571428568,0.9814285588095237,1.5630952119047619,1.4835714085714287,1.9014285547619048,3.2142857404761904,4.4285714928571425,4.378571464285714,5.121428607142858
2012,41,55.81,292.3904761904762,0.052380952380952354,0.99666665,3.2547619238095233,289.0023809523809,294.2690476190476,297.85714285714283,297.46904761904767,0.5619047685714286,2.2500000023809523,0.04047619047619045,5.471428626190477,0.8230952204761905,0.9814285588095237,1.5630952119047619,1.4835714085714287,2.980952414285715,3.2142857404761904,4.4285714928571425,4.378571464285714
2012,42,57.91,293.73571428571427,0.02380952380952378,1.2757142652380955,3.830952402380952,292.3904761904762,289.0023809523809,294.2690476190476,297.85714285714283,0.052380952380952354,0.5619047685714286,2.2500000023809523,0.04047619047619045,0.99666665,0.8230952204761905,0.9814285588095237,1.5630952119047619,3.2547619238095233,2.980952414285715,3.2142857404761904,4.4285714928571425
2012,43,49.87,285.7047619047619,3.0166666747619053,0.6419047510476189,2.2071428747619044,293.73571428571427,292.3904761904762,289.0023809523809,294.2690476190476,0.02380952380952378,0.052380952380952354,0.5619047685714286,2.2500000023809523,1.2757142652380955,0.99666665,0.8230952204761905,0.9814285588095237,3.830952402380952,3.2547619238095233,2.980952414285715,3.2142857404761904
2012,44,41.0,292.8071428571429,0.3452380976190476,1.1195237833333334,2.6238095476190475,285.7047619047619,293.73571428571427,292.3904761904762,289.0023809523809,3.0166666747619053,0.02380952380952378,0.052380952380952354,0.5619047685714286,0.6419047510476189,1.2757142652380955,0.99666665,0.8230952204761905,2.2071428747619044,3.830952402380952,3.2547619238095233,2.980952414285715
2012,45,46.099999999999994,289.99285714285713,0.6047619047619047,0.9576190419047618,2.4095238333333335,292.8071428571429,285.7047619047619,293.73571428571427,292.3904761904762,0.3452380976190476,3.0166666747619053,0.02380952380952378,0.052380952380952354,1.1195237833333334,0.6419047510476189,1.2757142652380955,0.99666665,2.6238095476190475,2.2071428747619044,3.830952402380952,3.2547619238095233
2012,46,44.76,287.20476190476194,0.0,0.770476178095238,2.180952402380952,289.99285714285713,292.8071428571429,285.7047619047619,293.73571428571427,0.6047619047619047,0.3452380976190476,3.0166666747619053,0.02380952380952378,0.9576190419047618,1.1195237833333334,0.6419047510476189,1.2757142652380955,2.4095238333333335,2.6238095476190475,2.2071428747619044,3.830952402380952
2012,47,41.59,290.6809523809524,0.0,1.0409523683333333,2.654761928571429,287.20476190476194,289.99285714285713,292.8071428571429,285.7047619047619,0.0,0.6047619047619047,0.3452380976190476,3.0166666747619053,0.770476178095238,0.9576190419047618,1.1195237833333334,0.6419047510476189,2.180952402380952,2.4095238333333335,2.6238095476190475,2.2071428747619044
2012,48,44.69,289.2690476190476,0.0,0.9821428364285713,2.464285738095238,290.6809523809524,287.20476190476194,289.99285714285713,292.8071428571429,0.0,0.0,0.6047619047619047,0.3452380976190476,1.0409523683333333,0.770476178095238,0.9576190419047618,1.1195237833333334,2.654761928571429,2.180952402380952,2.4095238333333335,2.6238095476190475
2012,49,44.93,284.81666666666666,0.1357142857142857,0.6595237969047619,1.859523838095238,289.2690476190476,290.6809523809524,287.20476190476194,289.99285714285713,0.0,0.0,0.0,0.6047619047619047,0.9821428364285713,1.0409523683333333,0.770476178095238,0.9576190419047618,2.464285738095238,2.654761928571429,2.180952402380952,2.4095238333333335
2012,50,40.8,282.40714285714284,0.13571428904761904,0.5759523740476191,1.8142857428571428,284.81666666666666,289.2690476190476,290.6809523809524,287.20476190476194,0.1357142857142857,0.0,0.0,0.0,0.6595237969047619,0.9821428364285713,1.0409523683333333,0.770476178095238,1.859523838095238,2.464285738095238,2.654761928571429,2.180952402380952
2012,51,38.22,281.83809523809526,1.009523826190476,0.5821428446190476,2.045238111904762,282.40714285714284,284.81666666666666,289.2690476190476,290.6809523809524,0.13571428904761904,0.1357142857142857,0.0,0.0,0.5759523740476191,0.6595237969047619,0.9821428364285713,1.0409523683333333,1.8142857428571428,1.859523838095238,2.464285738095238,2.654761928571429
2012,52,37.32,276.6714285714286,0.578571439047619,0.30738094676190475,0.9976190547619046,281.83809523809526,282.40714285714284,284.81666666666666,289.2690476190476,1.009523826190476,0.13571428904761904,0.1357142857142857,0.0,0.5821428446190476,0.5759523740476191,0.6595237969047619,0.9821428364285713,2.045238111904762,1.8142857428571428,1.859523838095238,2.464285738095238
2013,1,39.49,276.8404761904762,0.03571428571428569,0.3488095173809524,1.2238095333333332,276.6714285714286,281.83809523809526,282.40714285714284,284.81666666666666,0.578571439047619,1.009523826190476,0.13571428904761904,0.1357142857142857,0.30738094676190475,0.5821428446190476,0.5759523740476191,0.6595237969047619,0.9976190547619046,2.045238111904762,1.8142857428571428,1.859523838095238
2013,2,44.97,280.0547619047619,0.0,0.5764285605238095,1.845238119047619,276.8404761904762,276.6714285714286,281.83809523809526,282.40714285714284,0.03571428571428569,0.578571439047619,1.009523826190476,0.13571428904761904,0.3488095173809524,0.30738094676190475,0.5821428446190476,0.5759523740476191,1.2238095333333332,0.9976190547619046,2.045238111904762,1.8142857428571428
2013,3,43.87,280.1928571428571,0.37380952619047614,0.5233333259047619,1.7357142952380953,280.0547619047619,276.8404761904762,276.6714285714286,281.83809523809526,0.0,0.03571428571428569,0.578571439047619,1.009523826190476,0.5764285605238095,0.3488095173809524,0.30738094676190475,0.5821428446190476,1.845238119047619,1.2238095333333332,0.9976190547619046,2.045238111904762
2013,4,48.12,288.9547619047619,0.30000000285714284,0.9245237907142858,2.5380952619047616,280.1928571428571,280.0547619047619,276.8404761904762,276.6714285714286,0.37380952619047614,0.0,0.03571428571428569,0.578571439047619,0.5233333259047619,0.5764285605238095,0.3488095173809524,0.30738094676190475,1.7357142952380953,1.845238119047619,1.2238095333333332,0.9976190547619046
2013,5,42.7,281.80952380952385,1.0000000047619049,0.5121428526190476,2.033333347619047,288.9547619047619,280.1928571428571,280.0547619047619,276.8404761904762,0.30000000285714284,0.37380952619047614,0.0,0.03571428571428569,0.9245237907142858,0.5233333259047619,0.5764285605238095,0.3488095173809524,2.5380952619047616,1.7357142952380953,1.845238119047619,1.2238095333333332
2013,6,47.04,282.90476190476187,0.6952380976190476,0.5697618954761905,1.9857143095238092,281.80952380952385,288.9547619047619,280.1928571428571,280.0547619047619,1.0000000047619049,0.30000000285714284,0.37380952619047614,0.0,0.5121428526190476,0.9245237907142858,0.5233333259047619,0.5764285605238095,2.033333347619047,2.5380952619047616,1.7357142952380953,1.845238119047619
2013,7,41.96,280.01428571428573,0.3261904785714285,0.4402380892857143,1.9595238261904762,282.90476190476187,281.80952380952385,288.9547619047619,280.1928571428571,0.6952380976190476,1.0000000047619049,0.30000000285714284,0.37380952619047614,0.5697618954761905,0.5121428526190476,0.9245237907142858,0.5233333259047619,1.9857143095238092,2.033333347619047,2.5380952619047616,1.7357142952380953
2013,8,41.82,278.01190476190476,1.5142857190476189,0.3366666573809523,1.5714285976190476,280.01428571428573,282.90476190476187,281.80952380952385,288.9547619047619,0.3261904785714285,0.6952380976190476,1.0000000047619049,0.30000000285714284,0.4402380892857143,0.5697618954761905,0.5121428526190476,0.9245237907142858,1.9595238261904762,1.9857143095238092,2.033333347619047,2.5380952619047616
2013,9,41.06,280.6357142857143,1.8404761976190478,0.42642856285714287,2.095238111904762,278.01190476190476,280.01428571428573,282.90476190476187,281.80952380952385,1.5142857190476189,0.3261904785714285,0.6952380976190476,1.0000000047619049,0.3366666573809523,0.4402380892857143,0.5697618954761905,0.5121428526190476,1.5714285976190476,1.9595238261904762,1.9857143095238092,2.033333347619047
2013,10,43.4,284.4404761904762,3.209523843809524,0.6209523730952381,2.4714285785714285,280.6357142857143,278.01190476190476,280.01428571428573,282.90476190476187,1.8404761976190478,1.5142857190476189,0.3261904785714285,0.6952380976190476,0.42642856285714287,0.3366666573809523,0.4402380892857143,0.5697618954761905,2.095238111904762,1.5714285976190476,1.9595238261904762,1.9857143095238092
2013,11,41.99,288.2761904761905,0.5761904833333332,0.8397618923809524,3.521428607142857,284.4404761904762,280.6357142857143,278.01190476190476,280.01428571428573,3.209523843809524,1.8404761976190478,1.5142857190476189,0.3261904785714285,0.6209523730952381,0.42642856285714287,0.3366666573809523,0.4402380892857143,2.4714285785714285,2.095238111904762,1.5714285976190476,1.9595238261904762
2013,12,42.68,280.84999999999997,2.7309523857142857,0.49952380302380955,2.5452381104761903,288.2761904761905,284.4404761904762,280.6357142857143,278.01190476190476,0.5761904833333332,3.209523843809524,1.8404761976190478,1.5142857190476189,0.8397618923809524,0.6209523730952381,0.42642856285714287,0.3366666573809523,3.521428607142857,2.4714285785714285,2.095238111904762,1.5714285976190476
2013,13,42.089999999999996,287.2261904761905,0.5142857190476191,0.7404761752380953,3.1714286000000005,280.84999999999997,288.2761904761905,284.4404761904762,280.6357142857143,2.7309523857142857,0.5761904833333332,3.209523843809524,1.8404761976190478,0.49952380302380955,0.8397618923809524,0.6209523730952381,0.42642856285714287,2.5452381104761903,3.521428607142857,2.4714285785714285,2.095238111904762
2013,14,46.089999999999996,288.06666666666666,0.5809523857142856,0.7533333197619049,3.369047657142857,287.2261904761905,280.84999999999997,288.2761904761905,284.4404761904762,0.5142857190476191,2.7309523857142857,0.5761904833333332,3.209523843809524,0.7404761752380953,0.49952380302380955,0.8397618923809524,0.6209523730952381,3.1714286000000005,2.5452381104761903,3.521428607142857,2.4714285785714285
2013,15,42.8,284.7809523809524,2.347619085714286,0.5990476126190476,3.238095283333333,288.06666666666666,287.2261904761905,280.84999999999997,288.2761904761905,0.5809523857142856,0.5142857190476191,2.7309523857142857,0.5761904833333332,0.7533333197619049,0.7404761752380953,0.49952380302380955,0.8397618923809524,3.369047657142857,3.1714286000000005,2.5452381104761903,3.521428607142857
2013,16,38.96,281.25952380952384,4.58809525142857,0.4028571361190476,2.4095238342857144,284.7809523809524,288.06666666666666,287.2261904761905,280.84999999999997,2.347619085714286,0.5809523857142856,0.5142857190476191,2.7309523857142857,0.5990476126190476,0.7533333197619049,0.7404761752380953,0.49952380302380955,3.238095283333333,3.369047657142857,3.1714286000000005,2.5452381104761903
2013,17,45.83,287.2547619047619,2.119047647619048,0.8380952355714286,3.809523854761905,281.25952380952384,284.7809523809524,288.06666666666666,287.2261904761905,4.58809525142857,2.347619085714286,0.5809523857142856,0.5142857190476191,0.4028571361190476,0.5990476126190476,0.7533333197619049,0.7404761752380953,2.4095238342857144,3.238095283333333,3.369047657142857,3.1714286000000005
2013,18,46.47,285.8285714285715,2.654761939047619,0.6773809399523808,3.47857145,287.2547619047619,281.25952380952384,284.7809523809524,288.06666666666666,2.119047647619048,4.58809525142857,2.347619085714286,0.5809523857142856,0.8380952355714286,0.4028571361190476,0.5990476126190476,0.7533333197619049,3.809523854761905,2.4095238342857144,3.238095283333333,3.369047657142857
2013,19,49.410000000000004,290.05238095238093,3.6047619661904755,0.7366666573809523,3.8428571976190473,285.8285714285715,287.2547619047619,281.25952380952384,284.7809523809524,2.654761939047619,2.119047647619048,4.58809525142857,2.347619085714286,0.6773809399523808,0.8380952355714286,0.4028571361190476,0.5990476126190476,3.47857145,3.809523854761905,2.4095238342857144,3.238095283333333
2013,20,69.92,297.1047619047619,0.5500000104761905,1.5438094964285716,5.726190547619048,290.05238095238093,285.8285714285715,287.2547619047619,281.25952380952384,3.6047619661904755,2.654761939047619,2.119047647619048,4.58809525142857,0.7366666573809523,0.6773809399523808,0.8380952355714286,0.4028571361190476,3.8428571976190473,3.47857145,3.809523854761905,2.4095238342857144
2013,21,79.97,296.2785714285714,0.6095238142857143,1.345714264761905,5.447619116666666,297.1047619047619,290.05238095238093,285.8285714285715,287.2547619047619,0.5500000104761905,3.6047619661904755,2.654761939047619,2.119047647619048,1.5438094964285716,0.7366666573809523,0.6773809399523808,0.8380952355714286,5.726190547619048,3.8428571976190473,3.47857145,3.809523854761905
2013,22,91.97,294.6595238095238,1.6738095357142857,1.320238067857143,5.68333339047619,296.2785714285714,297.1047619047619,290.05238095238093,285.8285714285715,0.6095238142857143,0.5500000104761905,3.6047619661904755,2.654761939047619,1.345714264761905,1.5438094964285716,0.7366666573809523,0.6773809399523808,5.447619116666666,5.726190547619048,3.8428571976190473,3.47857145
2013,23,101.83,298.6666666666667,0.821428580952381,1.5449999792857143,6.114285757142857,294.6595238095238,296.2785714285714,297.1047619047619,290.05238095238093,1.6738095357142857,0.6095238142857143,0.5500000104761905,3.6047619661904755,1.320238067857143,1.345714264761905,1.5438094964285716,0.7366666573809523,5.68333339047619,5.447619116666666,5.726190547619048,3.8428571976190473
2013,24,130.56,304.40238095238095,0.28809524761904753,2.5085714047619043,7.426190552380952,298.6666666666667,294.6595238095238,296.2785714285714,297.1047619047619,0.821428580952381,1.6738095357142857,0.6095238142857143,0.5500000104761905,1.5449999792857143,1.320238067857143,1.345714264761905,1.5438094964285716,6.114285757142857,5.68333339047619,5.447619116666666,5.726190547619048
2013,25,134.11,302.6857142857143,0.5071428638095238,2.1547618666666666,6.904761961904762,304.40238095238095,298.6666666666667,294.6595238095238,296.2785714285714,0.28809524761904753,0.821428580952381,1.6738095357142857,0.6095238142857143,2.5085714047619043,1.5449999792857143,1.320238067857143,1.345714264761905,7.426190552380952,6.114285757142857,5.68333339047619,5.447619116666666
2013,26,138.76,303.8666666666667,0.4000000028571428,2.3069047071428574,6.9214286142857135,302.6857142857143,304.40238095238095,298.6666666666667,294.6595238095238,0.5071428638095238,0.28809524761904753,0.821428580952381,1.6738095357142857,2.1547618666666666,2.5085714047619043,1.5449999792857143,1.320238067857143,6.904761961904762,7.426190552380952,6.114285757142857,5.68333339047619
2013,27,130.02,302.0809523809524,1.9690476295238095,1.771666626190476,5.780952438095238,303.8666666666667,302.6857142857143,304.40238095238095,298.6666666666667,0.4000000028571428,0.5071428638095238,0.28809524761904753,0.821428580952381,2.3069047071428574,2.1547618666666666,2.5085714047619043,1.5449999792857143,6.9214286142857135,6.904761961904762,7.426190552380952,6.114285757142857
2013,28,123.96,304.3761904761905,5.373809654761906,2.0419047326190474,6.245238188095239,302.0809523809524,303.8666666666667,302.6857142857143,304.40238095238095,1.9690476295238095,0.4000000028571428,0.5071428638095238,0.28809524761904753,1.771666626190476,2.3069047071428574,2.1547618666666666,2.5085714047619043,5.780952438095238,6.9214286142857135,6.904761961904762,7.426190552380952
2013,29,118.85,302.33809523809526,0.7476190509523809,1.5233333052380953,5.971428664285715,304.3761904761905,302.0809523809524,303.8666666666667,302.6857142857143,5.373809654761906,1.9690476295238095,0.4000000028571428,0.5071428638095238,2.0419047326190474,1.771666626190476,2.3069047071428574,2.1547618666666666,6.245238188095239,5.780952438095238,6.9214286142857135,6.904761961904762
2013,30,123.03,301.9738095238095,1.3738095404761907,1.8299999742857143,6.033333395238095,302.33809523809526,304.3761904761905,302.0809523809524,303.8666666666667,0.7476190509523809,5.373809654761906,1.9690476295238095,0.4000000028571428,1.5233333052380953,2.0419047326190474,1.771666626190476,2.3069047071428574,5.971428664285715,6.245238188095239,5.780952438095238,6.9214286142857135
2013,31,108.73,301.2428571428572,1.402380966190476,1.481904726190476,5.109523873809523,301.9738095238095,302.33809523809526,304.3761904761905,302.0809523809524,1.3738095404761907,0.7476190509523809,5.373809654761906,1.9690476295238095,1.8299999742857143,1.5233333052380953,2.0419047326190474,1.771666626190476,6.033333395238095,5.971428664285715,6.245238188095239,5.780952438095238
2013,32,107.93,298.3547619047619,0.9666666666666667,1.1811904514285716,4.469047683333334,301.2428571428572,301.9738095238095,302.33809523809526,304.3761904761905,1.402380966190476,1.3738095404761907,0.7476190509523809,5.373809654761906,1.481904726190476,1.8299999742857143,1.5233333052380953,2.0419047326190474,5.109523873809523,6.033333395238095,5.971428664285715,6.245238188095239
2013,33,106.71000000000001,300.5428571428572,2.1928571914285713,1.6342856871428573,4.95952384047619,298.3547619047619,301.2428571428572,301.9738095238095,302.33809523809526,0.9666666666666667,1.402380966190476,1.3738095404761907,0.7476190509523809,1.1811904514285716,1.481904726190476,1.8299999742857143,1.5233333052380953,4.469047683333334,5.109523873809523,6.033333395238095,5.971428664285715
2013,34,123.31,301.2095238095239,1.9309524185714286,1.5564285516666667,4.804761935714286,300.5428571428572,298.3547619047619,301.2428571428572,301.9738095238095,2.1928571914285713,0.9666666666666667,1.402380966190476,1.3738095404761907,1.6342856871428573,1.1811904514285716,1.481904726190476,1.8299999742857143,4.95952384047619,4.469047683333334,5.109523873809523,6.033333395238095
2013,35,130.03,301.8309523809524,1.0428571542857143,1.6647618742857144,4.778571452380952,301.2095238095239,300.5428571428572,298.3547619047619,301.2428571428572,1.9309524185714286,2.1928571914285713,0.9666666666666667,1.402380966190476,1.5564285516666667,1.6342856871428573,1.1811904514285716,1.481904726190476,4.804761935714286,4.95952384047619,4.469047683333334,5.109523873809523
2013,36,130.53,303.09285714285716,1.0690476304761904,1.8638095023809524,4.864285742857143,301.8309523809524,301.2095238095239,300.5428571428572,298.3547619047619,1.0428571542857143,1.9309524185714286,2.1928571914285713,0.9666666666666667,1.6647618742857144,1.5564285516666667,1.6342856871428573,1.1811904514285716,4.778571452380952,4.804761935714286,4.95952384047619,4.469047683333334
2013,37,51.92,292.60952380952386,30.147619340476194,0.38047618599999994,2.316666673809524,303.09285714285716,301.8309523809524,301.2095238095239,300.5428571428572,1.0690476304761904,1.0428571542857143,1.9309524185714286,2.1928571914285713,1.8638095023809524,1.6647618742857144,1.5564285516666667,1.6342856871428573,4.864285742857143,4.778571452380952,4.804761935714286,4.95952384047619
2013,38,68.63,296.252380952381,0.854761908095238,1.0297618804761905,3.8619047928571426,292.60952380952386,303.09285714285716,301.8309523809524,301.2095238095239,30.147619340476194,1.0690476304761904,1.0428571542857143,1.9309524185714286,0.38047618599999994,1.8638095023809524,1.6647618742857144,1.5564285516666667,2.316666673809524,4.864285742857143,4.778571452380952,4.804761935714286
2013,39,67.13,293.18333333333334,2.414285733333333,0.9464285554761904,3.676190519047619,296.252380952381,292.60952380952386,303.09285714285716,301.8309523809524,0.854761908095238,30.147619340476194,1.0690476304761904,1.0428571542857143,1.0297618804761905,0.38047618599999994,1.8638095023809524,1.6647618742857144,3.8619047928571426,2.316666673809524,4.864285742857143,4.778571452380952
2013,40,49.84,292.1119047619048,1.9476190723809523,0.9726190318809523,3.3357143119047614,293.18333333333334,296.252380952381,292.60952380952386,303.09285714285716,2.414285733333333,0.854761908095238,30.147619340476194,1.0690476304761904,0.9464285554761904,1.0297618804761905,0.38047618599999994,1.8638095023809524,3.676190519047619,3.8619047928571426,2.316666673809524,4.864285742857143
2013,41,54.14,291.8880952380953,0.07380952476190474,0.8980952292857142,3.002380976190476,292.1119047619048,293.18333333333334,296.252380952381,292.60952380952386,1.9476190723809523,2.414285733333333,0.854761908095238,30.147619340476194,0.9726190318809523,0.9464285554761904,1.0297618804761905,0.38047618599999994,3.3357143119047614,3.676190519047619,3.8619047928571426,2.316666673809524
2013,42,44.38,283.2190476190476,1.6166666880952383,0.42571427976190473,1.9095238357142856,291.8880952380953,292.1119047619048,293.18333333333334,296.252380952381,0.07380952476190474,1.9476190723809523,2.414285733333333,0.854761908095238,0.8980952292857142,0.9726190318809523,0.9464285554761904,1.0297618804761905,3.002380976190476,3.3357143119047614,3.676190519047619,3.8619047928571426
2013,43,44.15,289.3595238095238,0.2500000047619048,0.763095223095238,2.4190476404761907,283.2190476190476,291.8880952380953,292.1119047619048,293.18333333333334,1.6166666880952383,0.07380952476190474,1.9476190723809523,2.414285733333333,0.42571427976190473,0.8980952292857142,0.9726190318809523,0.9464285554761904,1.9095238357142856,3.002380976190476,3.3357143119047614,3.676190519047619
2013,44,44.51,286.1333333333333,0.5547619119047618,0.5992857100000001,2.1785714404761904,289.3595238095238,283.2190476190476,291.8880952380953,292.1119047619048,0.2500000047619048,1.6166666880952383,0.07380952476190474,1.9476190723809523,0.763095223095238,0.42571427976190473,0.8980952292857142,0.9726190318809523,2.4190476404761907,1.9095238357142856,3.002380976190476,3.3357143119047614
2013,45,37.09,286.31190476190477,0.0,0.6997618945238097,2.121428593809524,286.1333333333333,289.3595238095238,283.2190476190476,291.8880952380953,0.5547619119047618,0.2500000047619048,1.6166666880952383,0.07380952476190474,0.5992857100000001,0.763095223095238,0.42571427976190473,0.8980952292857142,2.1785714404761904,2.4190476404761907,1.9095238357142856,3.002380976190476
2013,46,38.04,287.59285714285716,0.06666666666666665,0.7452380816666665,2.2119047785714283,286.31190476190477,286.1333333333333,289.3595238095238,283.2190476190476,0.0,0.5547619119047618,0.2500000047619048,1.6166666880952383,0.6997618945238097,0.5992857100000001,0.763095223095238,0.42571427976190473,2.121428593809524,2.1785714404761904,2.4190476404761907,1.9095238357142856
2013,47,37.82,282.2904761904762,0.538095238095238,0.4749999926190476,1.4095238333333333,287.59285714285716,286.31190476190477,286.1333333333333,289.3595238095238,0.06666666666666665,0.0,0.5547619119047618,0.2500000047619048,0.7452380816666665,0.6997618945238097,0.5992857100000001,0.763095223095238,2.2119047785714283,2.121428593809524,2.1785714404761904,2.4190476404761907
2013,48,34.730000000000004,282.6285714285714,0.3428571447619047,0.4869047542857143,1.5666667028571428,282.2904761904762,287.59285714285716,286.31190476190477,286.1333333333333,0.538095238095238,0.06666666666666665,0.0,0.5547619119047618,0.4749999926190476,0.7452380816666665,0.6997618945238097,0.5992857100000001,1.4095238333333333,2.2119047785714283,2.121428593809524,2.1785714404761904
2013,49,37.68,272.9357142857143,1.41666667,0.2385714261904762,0.928571430952381,282.6285714285714,282.2904761904762,287.59285714285716,286.31190476190477,0.3428571447619047,0.538095238095238,0.06666666666666665,0.0,0.4869047542857143,0.4749999926190476,0.7452380816666665,0.6997618945238097,1.5666667028571428,1.4095238333333333,2.2119047785714283,2.121428593809524
2013,50,43.17,279.76428571428573,0.1809523809523809,0.4619047528571428,1.6047619095238097,272.9357142857143,282.6285714285714,282.2904761904762,287.59285714285716,1.41666667,0.3428571447619047,0.538095238095238,0.06666666666666665,0.2385714261904762,0.4869047542857143,0.4749999926190476,0.7452380816666665,0.928571430952381,1.5666667028571428,1.4095238333333333,2.2119047785714283
2013,51,38.28,283.81190476190477,0.0595238095238095,0.6049999907142857,1.8928571652380954,279.76428571428573,272.9357142857143,282.6285714285714,282.2904761904762,0.1809523809523809,1.41666667,0.3428571447619047,0.538095238095238,0.4619047528571428,0.2385714261904762,0.4869047542857143,0.4749999926190476,1.6047619095238097,0.928571430952381,1.5666667028571428,1.4095238333333333
2013,52,33.62,281.54047619047617,0.36190477,0.4757142778571428,1.6023809690476192,283.81190476190477,279.76428571428573,272.9357142857143,282.6285714285714,0.0595238095238095,0.1809523809523809,1.41666667,0.3428571447619047,0.6049999907142857,0.4619047528571428,0.2385714261904762,0.4869047542857143,1.8928571652380954,1.6047619095238097,0.928571430952381,1.5666667028571428
2014,1,37.25,276.65476190476187,1.669047629523809,0.3264285668333333,1.2404762,281.54047619047617,283.81190476190477,279.76428571428573,272.9357142857143,0.36190477,0.0595238095238095,0.1809523809523809,1.41666667,0.4757142778571428,0.6049999907142857,0.4619047528571428,0.2385714261904762,1.6023809690476192,1.8928571652380954,1.6047619095238097,0.928571430952381
2014,2,52.71,280.9333333333334,0.0,0.4780952299999999,1.745238107142857,276.65476190476187,281.54047619047617,283.81190476190477,279.76428571428573,1.669047629523809,0.36190477,0.0595238095238095,0.1809523809523809,0.3264285668333333,0.4757142778571428,0.6049999907142857,0.4619047528571428,1.2404762,1.6023809690476192,1.8928571652380954,1.6047619095238097
2014,3,34.82,283.12619047619046,0.16428571428571423,0.6452380814285714,2.373809535714286,280.9333333333334,276.65476190476187,281.54047619047617,283.81190476190477,0.0,1.669047629523809,0.36190477,0.0595238095238095,0.4780952299999999,0.3264285668333333,0.4757142778571428,0.6049999907142857,1.745238107142857,1.2404762,1.6023809690476192,1.8928571652380954
2014,4,38.33,283.61904761904765,0.6952380976190476,0.6540476116666666,2.3261904904761903,283.12619047619046,280.9333333333334,276.65476190476187,281.54047619047617,0.16428571428571423,0.0,1.669047629523809,0.36190477,0.6452380814285714,0.4780952299999999,0.3264285668333333,0.4757142778571428,2.373809535714286,1.745238107142857,1.2404762,1.6023809690476192
2014,5,37.69,273.9238095238095,3.354761942380952,0.196666664047619,0.9571428571428572,283.61904761904765,283.12619047619046,280.9333333333334,276.65476190476187,0.6952380976190476,0.16428571428571423,0.0,1.669047629523809,0.6540476116666666,0.6452380814285714,0.4780952299999999,0.3264285668333333,2.3261904904761903,2.373809535714286,1.745238107142857,1.2404762
2014,6,36.839999999999996,270.30238095238093,0.59285715,0.1407142826190476,0.7976190571428572,273.9238095238095,283.61904761904765,283.12619047619046,280.9333333333334,3.354761942380952,0.6952380976190476,0.16428571428571423,0.0,0.196666664047619,0.6540476116666666,0.6452380814285714,0.4780952299999999,0.9571428571428572,2.3261904904761903,2.373809535714286,1.745238107142857
2014,7,39.29,283.77142857142854,0.0,0.5107142803333334,2.176190490476191,270.30238095238093,273.9238095238095,283.61904761904765,283.12619047619046,0.59285715,3.354761942380952,0.6952380976190476,0.16428571428571423,0.1407142826190476,0.196666664047619,0.6540476116666666,0.6452380814285714,0.7976190571428572,0.9571428571428572,2.3261904904761903,2.373809535714286
2014,8,35.73,283.25952380952384,0.23333333571428572,0.6554761847619047,2.9642857428571427,283.77142857142854,270.30238095238093,273.9238095238095,283.61904761904765,0.0,0.59285715,3.354761942380952,0.6952380976190476,0.5107142803333334,0.1407142826190476,0.196666664047619,0.6540476116666666,2.176190490476191,0.7976190571428572,0.9571428571428572,2.3261904904761903
2014,9,36.54,280.6809523809524,0.5571428690476191,0.3964285655714285,1.866666673809524,283.25952380952384,283.77142857142854,270.30238095238093,273.9238095238095,0.23333333571428572,0.0,0.59285715,3.354761942380952,0.6554761847619047,0.5107142803333334,0.1407142826190476,0.196666664047619,2.9642857428571427,2.176190490476191,0.7976190571428572,0.9571428571428572
2014,10,36.89,285.83809523809526,4.145238119047619,0.6847618954761905,2.880952426190476,280.6809523809524,283.25952380952384,283.77142857142854,270.30238095238093,0.5571428690476191,0.23333333571428572,0.0,0.59285715,0.3964285655714285,0.6554761847619047,0.5107142803333334,0.1407142826190476,1.866666673809524,2.9642857428571427,2.176190490476191,0.7976190571428572
2014,11,32.94,285.7761904761905,0.8142857214285715,0.7309523697619048,3.202380973809524,285.83809523809526,280.6809523809524,283.25952380952384,283.77142857142854,4.145238119047619,0.5571428690476191,0.23333333571428572,0.0,0.6847618954761905,0.3964285655714285,0.6554761847619047,0.5107142803333334,2.880952426190476,1.866666673809524,2.9642857428571427,2.176190490476191
2014,12,37.06,283.30476190476196,0.23095238809523808,0.5916666558095239,2.8761905,285.7761904761905,285.83809523809526,280.6809523809524,283.25952380952384,0.8142857214285715,4.145238119047619,0.5571428690476191,0.23333333571428572,0.7309523697619048,0.6847618954761905,0.3964285655714285,0.6554761847619047,3.202380973809524,2.880952426190476,1.866666673809524,2.9642857428571427
2014,13,40.49,286.9928571428572,0.01666666666666665,0.8059523642857142,3.67380955,283.30476190476196,285.7761904761905,285.83809523809526,280.6809523809524,0.23095238809523808,0.8142857214285715,4.145238119047619,0.5571428690476191,0.5916666558095239,0.7309523697619048,0.6847618954761905,0.3964285655714285,2.8761905,3.202380973809524,2.880952426190476,1.866666673809524
2014,14,33.72,283.0,2.292857195714286,0.49357142190476194,2.7928571523809524,286.9928571428572,283.30476190476196,285.7761904761905,285.83809523809526,0.01666666666666665,0.23095238809523808,0.8142857214285715,4.145238119047619,0.8059523642857142,0.5916666558095239,0.7309523697619048,0.6847618954761905,3.67380955,2.8761905,3.202380973809524,2.880952426190476
2014,15,40.55,289.4714285714286,2.4500000309523813,0.9433333176190476,3.9738095404761897,283.0,286.9928571428572,283.30476190476196,285.7761904761905,2.292857195714286,0.01666666666666665,0.23095238809523808,0.8142857214285715,0.49357142190476194,0.8059523642857142,0.5916666558095239,0.7309523697619048,2.7928571523809524,3.67380955,2.8761905,3.202380973809524
2014,16,41.35,289.252380952381,0.6309523833333333,0.879761891190476,3.890476230952381,289.4714285714286,283.0,286.9928571428572,283.30476190476196,2.4500000309523813,2.292857195714286,0.01666666666666665,0.23095238809523808,0.9433333176190476,0.49357142190476194,0.8059523642857142,0.5916666558095239,3.9738095404761897,2.7928571523809524,3.67380955,2.8761905
2014,17,58.58,292.1357142857143,0.26428571904761905,1.0338095035714285,4.626190523809524,289.252380952381,289.4714285714286,283.0,286.9928571428572,0.6309523833333333,2.4500000309523813,2.292857195714286,0.01666666666666665,0.879761891190476,0.9433333176190476,0.49357142190476194,0.8059523642857142,3.890476230952381,3.9738095404761897,2.7928571523809524,3.67380955
2014,18,60.43,289.6928571428572,0.0,1.0540475954761905,4.964285764285715,292.1357142857143,289.252380952381,289.4714285714286,283.0,0.26428571904761905,0.6309523833333333,2.4500000309523813,2.292857195714286,1.0338095035714285,0.879761891190476,0.9433333176190476,0.49357142190476194,4.626190523809524,3.890476230952381,3.9738095404761897,2.7928571523809524
2014,19,60.06,288.59999999999997,8.635714383333333,0.8357142721428571,4.100000028571428,289.6928571428572,292.1357142857143,289.252380952381,289.4714285714286,0.0,0.26428571904761905,0.6309523833333333,2.4500000309523813,1.0540475954761905,1.0338095035714285,0.879761891190476,0.9433333176190476,4.964285764285715,4.626190523809524,3.890476230952381,3.9738095404761897
2014,20,46.41,287.24999999999994,0.4261904785714285,0.6709523723809524,3.726190507142857,288.59999999999997,289.6928571428572,292.1357142857143,289.252380952381,8.635714383333333,0.0,0.26428571904761905,0.6309523833333333,0.8357142721428571,1.0540475954761905,1.0338095035714285,0.879761891190476,4.100000028571428,4.964285764285715,4.626190523809524,3.890476230952381
2014,21,54.41,293.29047619047617,6.733333366666667,0.8199999873809524,4.330952414285715,287.24999999999994,288.59999999999997,289.6928571428572,292.1357142857143,0.4261904785714285,8.635714383333333,0.0,0.26428571904761905,0.6709523723809524,0.8357142721428571,1.0540475954761905,1.0338095035714285,3.726190507142857,4.100000028571428,4.964285764285715,4.626190523809524
2014,22,56.87,298.11428571428576,2.3952381676190475,1.3404761635714284,5.37380958095238,293.29047619047617,287.24999999999994,288.59999999999997,289.6928571428572,6.733333366666667,0.4261904785714285,8.635714383333333,0.0,0.8199999873809524,0.6709523723809524,0.8357142721428571,1.0540475954761905,4.330952414285715,3.726190507142857,4.100000028571428,4.964285764285715
2014,23,83.56,296.89761904761906,2.035714338095238,1.2023809345238095,5.378571485714286,298.11428571428576,293.29047619047617,287.24999999999994,288.59999999999997,2.3952381676190475,6.733333366666667,0.4261904785714285,8.635714383333333,1.3404761635714284,0.8199999873809524,0.6709523723809524,0.8357142721428571,5.37380958095238,4.330952414285715,3.726190507142857,4.100000028571428
2014,24,65.61,297.46666666666664,0.44047619285714285,1.3626190183333333,5.79761911904762,296.89761904761906,298.11428571428576,293.29047619047617,287.24999999999994,2.035714338095238,2.3952381676190475,6.733333366666667,0.4261904785714285,1.2023809345238095,1.3404761635714284,0.8199999873809524,0.6709523723809524,5.378571485714286,5.37380958095238,4.330952414285715,3.726190507142857
2014,25,96.6,299.59999999999997,0.47142857857142856,1.6492856857142855,6.028571478571428,297.46666666666664,296.89761904761906,298.11428571428576,293.29047619047617,0.44047619285714285,2.035714338095238,2.3952381676190475,6.733333366666667,1.3626190183333333,1.2023809345238095,1.3404761635714284,0.8199999873809524,5.79761911904762,5.378571485714286,5.37380958095238,4.330952414285715
2014,26,97.18,300.27857142857147,0.26190476190476186,1.628095207142857,5.850000042857143,299.59999999999997,297.46666666666664,296.89761904761906,298.11428571428576,0.47142857857142856,0.44047619285714285,2.035714338095238,2.3952381676190475,1.6492856857142855,1.3626190183333333,1.2023809345238095,1.3404761635714284,6.028571478571428,5.79761911904762,5.378571485714286,5.37380958095238
2014,27,109.16,301.98333333333335,0.26190476190476186,1.8392856785714284,6.1404762619047615,300.27857142857147,299.59999999999997,297.46666666666664,296.89761904761906,0.26190476190476186,0.47142857857142856,0.44047619285714285,2.035714338095238,1.628095207142857,1.6492856857142855,1.3626190183333333,1.2023809345238095,5.850000042857143,6.028571478571428,5.79761911904762,5.378571485714286
2014,28,94.13,301.8095238095238,3.55000002952381,1.5778571133333334,5.54761909047619,301.98333333333335,300.27857142857147,299.59999999999997,297.46666666666664,0.26190476190476186,0.26190476190476186,0.47142857857142856,0.44047619285714285,1.8392856785714284,1.628095207142857,1.6492856857142855,1.3626190183333333,6.1404762619047615,5.850000042857143,6.028571478571428,5.79761911904762
2014,29,90.0,300.0452380952381,1.409523823809524,1.3916666316666666,5.504761961904762,301.8095238095238,301.98333333333335,300.27857142857147,299.59999999999997,3.55000002952381,0.26190476190476186,0.26190476190476186,0.47142857857142856,1.5778571133333334,1.8392856785714284,1.628095207142857,1.6492856857142855,5.54761909047619,6.1404762619047615,5.850000042857143,6.028571478571428
2014,30,107.42,302.87142857142857,0.6500000047619048,1.9497618833333334,6.321428628571429,300.0452380952381,301.8095238095238,301.98333333333335,300.27857142857147,1.409523823809524,3.55000002952381,0.26190476190476186,0.26190476190476186,1.3916666316666666,1.5778571133333334,1.8392856785714284,1.628095207142857,5.504761961904762,5.54761909047619,6.1404762619047615,5.850000042857143
2014,31,64.55,296.87142857142857,9.71190480952381,0.939047601904762,4.285714366666667,302.87142857142857,300.0452380952381,301.8095238095238,301.98333333333335,0.6500000047619048,1.409523823809524,3.55000002952381,0.26190476190476186,1.9497618833333334,1.3916666316666666,1.5778571133333334,1.8392856785714284,6.321428628571429,5.504761961904762,5.54761909047619,6.1404762619047615
2014,32,83.59,299.247619047619,1.49761905,1.3166666354761905,4.602381011904762,296.87142857142857,302.87142857142857,300.0452380952381,301.8095238095238,9.71190480952381,0.6500000047619048,1.409523823809524,3.55000002952381,0.939047601904762,1.9497618833333334,1.3916666316666666,1.5778571133333334,4.285714366666667,6.321428628571429,5.504761961904762,5.54761909047619
2014,33,83.74,302.09285714285716,1.3309523857142858,1.6540476023809525,5.03571431904762,299.247619047619,296.87142857142857,302.87142857142857,300.0452380952381,1.49761905,9.71190480952381,0.6500000047619048,1.409523823809524,1.3166666354761905,0.939047601904762,1.9497618833333334,1.3916666316666666,4.602381011904762,4.285714366666667,6.321428628571429,5.504761961904762
2014,34,77.99,299.18571428571425,1.176190477142857,1.3307142552380953,4.35238100952381,302.09285714285716,299.247619047619,296.87142857142857,302.87142857142857,1.3309523857142858,1.49761905,9.71190480952381,0.6500000047619048,1.6540476023809525,1.3166666354761905,0.939047601904762,1.9497618833333334,5.03571431904762,4.602381011904762,4.285714366666667,6.321428628571429
2014,35,59.86,296.45714285714286,2.864285754761905,0.9495237969047619,3.8809524142857144,299.18571428571425,302.09285714285716,299.247619047619,296.87142857142857,1.176190477142857,1.3309523857142858,1.49761905,9.71190480952381,1.3307142552380953,1.6540476023809525,1.3166666354761905,0.939047601904762,4.35238100952381,5.03571431904762,4.602381011904762,4.285714366666667
2014,36,65.7,296.9714285714286,2.366666692857143,1.18071426,4.238095288095239,296.45714285714286,299.18571428571425,302.09285714285716,299.247619047619,2.864285754761905,1.176190477142857,1.3309523857142858,1.49761905,0.9495237969047619,1.3307142552380953,1.6540476023809525,1.3166666354761905,3.8809524142857144,4.35238100952381,5.03571431904762,4.602381011904762
2014,37,50.64,293.54047619047617,2.2476190785714287,0.8985714130952381,3.5476190833333328,296.9714285714286,296.45714285714286,299.18571428571425,302.09285714285716,2.366666692857143,2.864285754761905,1.176190477142857,1.3309523857142858,1.18071426,0.9495237969047619,1.3307142552380953,1.6540476023809525,4.238095288095239,3.8809524142857144,4.35238100952381,5.03571431904762
2014,38,72.43,298.89047619047625,0.6214285714285714,1.476428541904762,4.164285795238095,293.54047619047617,296.9714285714286,296.45714285714286,299.18571428571425,2.2476190785714287,2.366666692857143,2.864285754761905,1.176190477142857,0.8985714130952381,1.18071426,0.9495237969047619,1.3307142552380953,3.5476190833333328,4.238095288095239,3.8809524142857144,4.35238100952381
2014,39,70.82,298.152380952381,0.5690476247619048,1.313571401904762,3.8523809833333336,298.89047619047625,293.54047619047617,296.9714285714286,296.45714285714286,0.6214285714285714,2.2476190785714287,2.366666692857143,2.864285754761905,1.476428541904762,0.8985714130952381,1.18071426,0.9495237969047619,4.164285795238095,3.5476190833333328,4.238095288095239,3.8809524142857144
2014,40,44.13,289.9309523809524,3.11190480952381,0.676666659047619,2.8666666857142857,298.152380952381,298.89047619047625,293.54047619047617,296.9714285714286,0.5690476247619048,0.6214285714285714,2.2476190785714287,2.366666692857143,1.313571401904762,1.476428541904762,0.8985714130952381,1.18071426,3.8523809833333336,4.164285795238095,3.5476190833333328,4.238095288095239
2014,41,50.099999999999994,291.7357142857143,3.48333334047619,0.8830952226190476,2.8261904857142857,289.9309523809524,298.152380952381,298.89047619047625,293.54047619047617,3.11190480952381,0.5690476247619048,0.6214285714285714,2.2476190785714287,0.676666659047619,1.313571401904762,1.476428541904762,0.8985714130952381,2.8666666857142857,3.8523809833333336,4.164285795238095,3.5476190833333328
2014,42,39.99,293.04761904761904,0.0,1.0492856971428572,3.002380980952381,291.7357142857143,289.9309523809524,298.152380952381,298.89047619047625,3.48333334047619,3.11190480952381,0.5690476247619048,0.6214285714285714,0.8830952226190476,0.676666659047619,1.313571401904762,1.476428541904762,2.8261904857142857,2.8666666857142857,3.8523809833333336,4.164285795238095
2014,43,46.46,295.40714285714284,0.02142857142857142,1.2178571233333333,3.295238123809524,293.04761904761904,291.7357142857143,289.9309523809524,298.152380952381,0.0,3.48333334047619,3.11190480952381,0.5690476247619048,1.0492856971428572,0.8830952226190476,0.676666659047619,1.313571401904762,3.002380980952381,2.8261904857142857,2.8666666857142857,3.8523809833333336
2014,44,45.34,288.7785714285714,0.5619047690476191,0.7826190354761905,2.411904773809524,295.40714285714284,293.04761904761904,291.7357142857143,289.9309523809524,0.02142857142857142,0.0,3.48333334047619,3.11190480952381,1.2178571233333333,1.0492856971428572,0.8830952226190476,0.676666659047619,3.295238123809524,3.002380980952381,2.8261904857142857,2.8666666857142857
2014,45,36.28,289.1357142857143,0.7500000071428571,0.8688095078571427,2.5642857428571433,288.7785714285714,295.40714285714284,293.04761904761904,291.7357142857143,0.5619047690476191,0.02142857142857142,0.0,3.48333334047619,0.7826190354761905,1.2178571233333333,1.0492856971428572,0.8830952226190476,2.411904773809524,3.295238123809524,3.002380980952381,2.8261904857142857
2014,46,39.29,272.70476190476194,1.5285714523809526,0.1861904730238095,0.8904761976190477,289.1357142857143,288.7785714285714,295.40714285714284,293.04761904761904,0.7500000071428571,0.5619047690476191,0.02142857142857142,0.0,0.8688095078571427,0.7826190354761905,1.2178571233333333,1.0492856971428572,2.5642857428571433,2.411904773809524,3.295238123809524,3.002380980952381
2014,47,42.16,281.1190476190476,0.0,0.5099999876190476,1.76904765,272.70476190476194,289.1357142857143,288.7785714285714,295.40714285714284,1.5285714523809526,0.7500000071428571,0.5619047690476191,0.02142857142857142,0.1861904730238095,0.8688095078571427,0.7826190354761905,1.2178571233333333,0.8904761976190477,2.5642857428571433,2.411904773809524,3.295238123809524
2014,48,30.84,284.8761904761905,0.14285714380952377,0.7176190400000001,2.4500000166666664,281.1190476190476,272.70476190476194,289.1357142857143,288.7785714285714,0.0,1.5285714523809526,0.7500000071428571,0.5619047690476191,0.5099999876190476,0.1861904730238095,0.8688095078571427,0.7826190354761905,1.76904765,0.8904761976190477,2.5642857428571433,2.411904773809524
2014,49,31.45,284.29285714285714,0.0,0.5878571376190477,1.6857143119047622,284.8761904761905,281.1190476190476,272.70476190476194,289.1357142857143,0.14285714380952377,0.0,1.5285714523809526,0.7500000071428571,0.7176190400000001,0.5099999876190476,0.1861904730238095,0.8688095078571427,2.4500000166666664,1.76904765,0.8904761976190477,2.5642857428571433
2014,50,31.98,285.6095238095238,0.8523809690476188,0.7849999864285714,1.7595238285714287,284.29285714285714,284.8761904761905,281.1190476190476,272.70476190476194,0.0,0.14285714380952377,0.0,1.5285714523809526,0.5878571376190477,0.7176190400000001,0.5099999876190476,0.1861904730238095,1.6857143119047622,2.4500000166666664,1.76904765,0.8904761976190477
2014,51,30.12,279.8642857142857,0.7261904976190476,0.338095232142857,1.0809523861904762,285.6095238095238,284.29285714285714,284.8761904761905,281.1190476190476,0.8523809690476188,0.0,0.14285714380952377,0.0,0.7849999864285714,0.5878571376190477,0.7176190400000001,0.5099999876190476,1.7595238285714287,1.6857143119047622,2.4500000166666664,1.76904765
2014,52,27.39,274.87380952380954,2.1333333642857144,0.22166666128571424,0.9619047833333334,279.8642857142857,285.6095238095238,284.29285714285714,284.8761904761905,0.7261904976190476,0.8523809690476188,0.0,0.14285714380952377,0.338095232142857,0.7849999864285714,0.5878571376190477,0.7176190400000001,1.0809523861904762,1.7595238285714287,1.6857143119047622,2.4500000166666664
2015,1,37.99,270.752380952381,1.176190492857143,0.1635714266666666,0.6380952533333334,274.87380952380954,279.8642857142857,285.6095238095238,284.29285714285714,2.1333333642857144,0.7261904976190476,0.8523809690476188,0.0,0.22166666128571424,0.338095232142857,0.7849999864285714,0.5878571376190477,0.9619047833333334,1.0809523861904762,1.7595238285714287,1.6857143119047622
2015,2,38.98,283.6119047619048,0.24285714619047613,0.4783333254761905,1.6357143033333335,270.752380952381,274.87380952380954,279.8642857142857,285.6095238095238,1.176190492857143,2.1333333642857144,0.7261904976190476,0.8523809690476188,0.1635714266666666,0.22166666128571424,0.338095232142857,0.7849999864285714,0.6380952533333334,0.9619047833333334,1.0809523861904762,1.7595238285714287
2015,3,37.67,282.20000000000005,0.2547619071428571,0.5254761834285714,1.9309523952380951,283.6119047619048,270.752380952381,274.87380952380954,279.8642857142857,0.24285714619047613,1.176190492857143,2.1333333642857144,0.7261904976190476,0.4783333254761905,0.1635714266666666,0.22166666128571424,0.338095232142857,1.6357143033333335,0.6380952533333334,0.9619047833333334,1.0809523861904762
2015,4,40.72,280.67380952380955,1.138095238095238,0.42952380571428567,1.6166666847619047,282.20000000000005,283.6119047619048,270.752380952381,274.87380952380954,0.2547619071428571,0.24285714619047613,1.176190492857143,2.1333333642857144,0.5254761834285714,0.4783333254761905,0.1635714266666666,0.22166666128571424,1.9309523952380951,1.6357143033333335,0.6380952533333334,0.9619047833333334
2015,5,31.97,283.93095238095236,0.8904762119047619,0.5995237997619048,2.028571445238095,280.67380952380955,282.20000000000005,283.6119047619048,270.752380952381,1.138095238095238,0.2547619071428571,0.24285714619047613,1.176190492857143,0.42952380571428567,0.5254761834285714,0.4783333254761905,0.1635714266666666,1.6166666847619047,1.9309523952380951,1.6357143033333335,0.6380952533333334
2015,6,31.330000000000002,287.15000000000003,0.5333333376190476,0.8547618947619048,2.9380952857142852,283.93095238095236,280.67380952380955,282.20000000000005,283.6119047619048,0.8904762119047619,1.138095238095238,0.2547619071428571,0.24285714619047613,0.5995237997619048,0.42952380571428567,0.5254761834285714,0.4783333254761905,2.028571445238095,1.6166666847619047,1.9309523952380951,1.6357143033333335
2015,7,31.38,286.8214285714286,3.0333333642857148,0.7447618980952381,2.2904762023809524,287.15000000000003,283.93095238095236,280.67380952380955,282.20000000000005,0.5333333376190476,0.8904762119047619,1.138095238095238,0.2547619071428571,0.8547618947619048,0.5995237997619048,0.42952380571428567,0.5254761834285714,2.9380952857142852,2.028571445238095,1.6166666847619047,1.9309523952380951
2015,8,29.91,276.73333333333335,3.5452381095238095,0.308571425,1.511904792857143,286.8214285714286,287.15000000000003,283.93095238095236,280.67380952380955,3.0333333642857148,0.5333333376190476,0.8904762119047619,1.138095238095238,0.7447618980952381,0.8547618947619048,0.5995237997619048,0.42952380571428567,2.2904762023809524,2.9380952857142852,2.028571445238095,1.6166666847619047
2015,9,37.01,274.3595238095238,2.976190523809524,0.2123809496190476,1.1928571523809524,276.73333333333335,286.8214285714286,287.15000000000003,283.93095238095236,3.5452381095238095,3.0333333642857148,0.5333333376190476,0.8904762119047619,0.308571425,0.7447618980952381,0.8547618947619048,0.5995237997619048,1.511904792857143,2.2904762023809524,2.9380952857142852,2.028571445238095
2015,10,37.26,278.7761904761905,0.2761904833333333,0.34714285202380957,1.7714285880952383,274.3595238095238,276.73333333333335,286.8214285714286,287.15000000000003,2.976190523809524,3.5452381095238095,3.0333333642857148,0.5333333376190476,0.2123809496190476,0.308571425,0.7447618980952381,0.8547618947619048,1.1928571523809524,1.511904792857143,2.2904762023809524,2.9380952857142852
2015,11,40.620000000000005,289.80238095238093,0.24047619523809524,0.8919047447619047,3.2142857428571427,278.7761904761905,274.3595238095238,276.73333333333335,286.8214285714286,0.2761904833333333,2.976190523809524,3.5452381095238095,3.0333333642857148,0.34714285202380957,0.2123809496190476,0.308571425,0.7447618980952381,1.7714285880952383,1.1928571523809524,1.511904792857143,2.2904762023809524
2015,12,32.129999999999995,289.75,0.4000000047619048,0.8669047540952382,3.2428571785714286,289.80238095238093,278.7761904761905,274.3595238095238,276.73333333333335,0.24047619523809524,0.2761904833333333,2.976190523809524,3.5452381095238095,0.8919047447619047,0.34714285202380957,0.2123809496190476,0.308571425,3.2142857428571427,1.7714285880952383,1.1928571523809524,1.511904792857143
2015,13,36.22,288.7214285714286,1.0404761985714286,0.8602380788095237,3.8000000404761907,289.75,289.80238095238093,278.7761904761905,274.3595238095238,0.4000000047619048,0.24047619523809524,0.2761904833333333,2.976190523809524,0.8669047540952382,0.8919047447619047,0.34714285202380957,0.2123809496190476,3.2428571785714286,3.2142857428571427,1.7714285880952383,1.1928571523809524
2015,14,41.62,288.8357142857143,1.078571442857143,0.8983333247619046,3.550000042857143,288.7214285714286,289.75,289.80238095238093,278.7761904761905,1.0404761985714286,0.4000000047619048,0.24047619523809524,0.2761904833333333,0.8602380788095237,0.8669047540952382,0.8919047447619047,0.34714285202380957,3.8000000404761907,3.2428571785714286,3.2142857428571427,1.7714285880952383
2015,15,47.98,289.15238095238095,0.026190476190476167,0.8830952211904762,3.821428616666666,288.8357142857143,288.7214285714286,289.75,289.80238095238093,1.078571442857143,1.0404761985714286,0.4000000047619048,0.24047619523809524,0.8983333247619046,0.8602380788095237,0.8669047540952382,0.8919047447619047,3.550000042857143,3.8000000404761907,3.2428571785714286,3.2142857428571427
2015,16,41.89,285.09999999999997,9.933333411904762,0.6042857065238095,3.097619083333333,289.15238095238095,288.8357142857143,288.7214285714286,289.75,0.026190476190476167,1.078571442857143,1.0404761985714286,0.4000000047619048,0.8830952211904762,0.8983333247619046,0.8602380788095237,0.8669047540952382,3.821428616666666,3.550000042857143,3.8000000404761907,3.2428571785714286
2015,17,37.07,288.04761904761904,3.8642857666666663,0.7042857016666667,3.4285714761904758,285.09999999999997,289.15238095238095,288.8357142857143,288.7214285714286,9.933333411904762,0.026190476190476167,1.078571442857143,1.0404761985714286,0.6042857065238095,0.8830952211904762,0.8983333247619046,0.8602380788095237,3.097619083333333,3.821428616666666,3.550000042857143,3.8000000404761907
2015,18,38.99,290.99285714285713,1.7761904785714286,0.8547618935714284,3.897619092857143,288.04761904761904,285.09999999999997,289.15238095238095,288.8357142857143,3.8642857666666663,9.933333411904762,0.026190476190476167,1.078571442857143,0.7042857016666667,0.6042857065238095,0.8830952211904762,0.8983333247619046,3.4285714761904758,3.097619083333333,3.821428616666666,3.550000042857143
2015,19,34.19,284.52142857142854,15.652381,0.23071428214285708,2.4357142952380952,290.99285714285713,288.04761904761904,285.09999999999997,289.15238095238095,1.7761904785714286,3.8642857666666663,9.933333411904762,0.026190476190476167,0.8547618935714284,0.7042857016666667,0.6042857065238095,0.8830952211904762,3.897619092857143,3.4285714761904758,3.097619083333333,3.821428616666666
2015,20,36.66,289.0785714285715,1.1166666666666665,0.6319047535714285,3.8166667214285703,284.52142857142854,290.99285714285713,288.04761904761904,285.09999999999997,15.652381,1.7761904785714286,3.8642857666666663,9.933333411904762,0.23071428214285708,0.8547618935714284,0.7042857016666667,0.6042857065238095,2.4357142952380952,3.897619092857143,3.4285714761904758,3.097619083333333
2015,21,32.94,284.7428571428572,7.707142993809524,0.24261904238095233,2.7690476428571427,289.0785714285715,284.52142857142854,290.99285714285713,288.04761904761904,1.1166666666666665,15.652381,1.7761904785714286,3.8642857666666663,0.6319047535714285,0.23071428214285708,0.8547618935714284,0.7042857016666667,3.8166667214285703,2.4357142952380952,3.897619092857143,3.4285714761904758
2015,22,38.26,293.02857142857147,1.0880952476190473,0.836666652857143,4.497619111904762,284.7428571428572,289.0785714285715,284.52142857142854,290.99285714285713,7.707142993809524,1.1166666666666665,15.652381,1.7761904785714286,0.24261904238095233,0.6319047535714285,0.23071428214285708,0.8547618935714284,2.7690476428571427,3.8166667214285703,2.4357142952380952,3.897619092857143
2015,23,48.95,296.94047619047615,6.021428657142857,1.084999976904762,4.94047625952381,293.02857142857147,284.7428571428572,289.0785714285715,284.52142857142854,1.0880952476190473,7.707142993809524,1.1166666666666665,15.652381,0.836666652857143,0.24261904238095233,0.6319047535714285,0.23071428214285708,4.497619111904762,2.7690476428571427,3.8166667214285703,2.4357142952380952
2015,24,45.61,297.16190476190474,5.6880953595238095,1.0371428326190477,4.661904795238095,296.94047619047615,293.02857142857147,284.7428571428572,289.0785714285715,6.021428657142857,1.0880952476190473,7.707142993809524,1.1166666666666665,1.084999976904762,0.836666652857143,0.24261904238095233,0.6319047535714285,4.94047625952381,4.497619111904762,2.7690476428571427,3.8166667214285703
2015,25,60.83,300.8190476190476,0.39285714857142856,1.5035714071428572,6.085714342857144,297.16190476190474,296.94047619047615,293.02857142857147,284.7428571428572,5.6880953595238095,6.021428657142857,1.0880952476190473,7.707142993809524,1.0371428326190477,1.084999976904762,0.836666652857143,0.24261904238095233,4.661904795238095,4.94047625952381,4.497619111904762,2.7690476428571427
2015,26,81.59,301.70238095238096,1.1761904938095238,1.6111904540476187,5.923809595238095,300.8190476190476,297.16190476190474,296.94047619047615,293.02857142857147,0.39285714857142856,5.6880953595238095,6.021428657142857,1.0880952476190473,1.5035714071428572,1.0371428326190477,1.084999976904762,0.836666652857143,6.085714342857144,4.661904795238095,4.94047625952381,4.497619111904762
2015,27,91.0,301.5809523809524,0.9404762080952382,1.4311904504761905,5.585714335714286,301.70238095238096,300.8190476190476,297.16190476190474,296.94047619047615,1.1761904938095238,0.39285714857142856,5.6880953595238095,6.021428657142857,1.6111904540476187,1.5035714071428572,1.0371428326190477,1.084999976904762,5.923809595238095,6.085714342857144,4.661904795238095,4.94047625952381
2015,28,56.81,296.01428571428573,6.190476311904763,0.8411904664285714,4.471428614285714,301.5809523809524,301.70238095238096,300.8190476190476,297.16190476190474,0.9404762080952382,1.1761904938095238,0.39285714857142856,5.6880953595238095,1.4311904504761905,1.6111904540476187,1.5035714071428572,1.0371428326190477,5.585714335714286,5.923809595238095,6.085714342857144,4.661904795238095
2015,29,72.34,299.95714285714286,1.021428577142857,1.4164285466666666,5.54047626904762,296.01428571428573,301.5809523809524,301.70238095238096,300.8190476190476,6.190476311904763,0.9404762080952382,1.1761904938095238,0.39285714857142856,0.8411904664285714,1.4311904504761905,1.6111904540476187,1.5035714071428572,4.471428614285714,5.585714335714286,5.923809595238095,6.085714342857144
2015,30,87.49000000000001,300.6714285714286,0.5333333423809524,1.5573809242857146,5.614285778571428,299.95714285714286,296.01428571428573,301.5809523809524,301.70238095238096,1.021428577142857,6.190476311904763,0.9404762080952382,1.1761904938095238,1.4164285466666666,0.8411904664285714,1.4311904504761905,1.6111904540476187,5.54047626904762,4.471428614285714,5.585714335714286,5.923809595238095
2015,31,101.71,302.41190476190474,0.07857142857142854,1.7452380761904764,5.9666667095238095,300.6714285714286,299.95714285714286,296.01428571428573,301.5809523809524,0.5333333423809524,1.021428577142857,6.190476311904763,0.9404762080952382,1.5573809242857146,1.4164285466666666,0.8411904664285714,1.4311904504761905,5.614285778571428,5.54047626904762,4.471428614285714,5.585714335714286
2015,32,98.75,302.0380952380953,0.11904761904761901,1.7919047285714287,5.954761961904762,302.41190476190474,300.6714285714286,299.95714285714286,296.01428571428573,0.07857142857142854,0.5333333423809524,1.021428577142857,6.190476311904763,1.7452380761904764,1.5573809242857146,1.4164285466666666,0.8411904664285714,5.9666667095238095,5.614285778571428,5.54047626904762,4.471428614285714
2015,33,96.22,302.5071428571428,1.6047619142857146,1.576666626190476,5.111904811904762,302.0380952380953,302.41190476190474,300.6714285714286,299.95714285714286,0.11904761904761901,0.07857142857142854,0.5333333423809524,1.021428577142857,1.7919047285714287,1.7452380761904764,1.5573809242857146,1.4164285466666666,5.954761961904762,5.9666667095238095,5.614285778571428,5.54047626904762
2015,34,89.1,299.00952380952384,0.5452381052380951,1.2949999754761905,5.1214286571428564,302.5071428571428,302.0380952380953,302.41190476190474,300.6714285714286,1.6047619142857146,0.11904761904761901,0.07857142857142854,0.5333333423809524,1.576666626190476,1.7919047285714287,1.7452380761904764,1.5573809242857146,5.111904811904762,5.954761961904762,5.9666667095238095,5.614285778571428
2015,35,98.75,302.6809523809524,0.22857143095238097,1.9264285357142856,5.550000064285714,299.00952380952384,302.5071428571428,302.0380952380953,302.41190476190474,0.5452381052380951,1.6047619142857146,0.11904761904761901,0.07857142857142854,1.2949999754761905,1.576666626190476,1.7919047285714287,1.7452380761904764,5.1214286571428564,5.111904811904762,5.954761961904762,5.9666667095238095
2015,36,93.41,300.4119047619048,0.4333333333333333,1.596428552380952,4.8595238809523815,302.6809523809524,299.00952380952384,302.5071428571428,302.0380952380953,0.22857143095238097,0.5452381052380951,1.6047619142857146,0.11904761904761901,1.9264285357142856,1.2949999754761905,1.576666626190476,1.7919047285714287,5.550000064285714,5.1214286571428564,5.111904811904762,5.954761961904762
2015,37,94.24,299.78095238095244,0.17142857380952378,1.691666635714286,4.77857147142857,300.4119047619048,302.6809523809524,299.00952380952384,302.5071428571428,0.4333333333333333,0.22857143095238097,0.5452381052380951,1.6047619142857146,1.596428552380952,1.9264285357142856,1.2949999754761905,1.576666626190476,4.8595238809523815,5.550000064285714,5.1214286571428564,5.111904811904762
2015,38,93.03,298.0357142857143,0.0,1.5080952128571428,4.695238152380952,299.78095238095244,300.4119047619048,302.6809523809524,299.00952380952384,0.17142857380952378,0.4333333333333333,0.22857143095238097,0.5452381052380951,1.691666635714286,1.596428552380952,1.9264285357142856,1.2949999754761905,4.77857147142857,4.8595238809523815,5.550000064285714,5.1214286571428564
2015,39,94.23,300.37857142857143,0.0,1.7207142571428573,4.342857178571429,298.0357142857143,299.78095238095244,300.4119047619048,302.6809523809524,0.0,0.17142857380952378,0.4333333333333333,0.22857143095238097,1.5080952128571428,1.691666635714286,1.596428552380952,1.9264285357142856,4.695238152380952,4.77857147142857,4.8595238809523815,5.550000064285714
2015,40,76.79,295.1904761904762,1.4904762185714284,1.031666641190476,3.4047619095238097,300.37857142857143,298.0357142857143,299.78095238095244,300.4119047619048,0.0,0.0,0.17142857380952378,0.4333333333333333,1.7207142571428573,1.5080952128571428,1.691666635714286,1.596428552380952,4.342857178571429,4.695238152380952,4.77857147142857,4.8595238809523815
2015,41,59.35,295.09285714285716,0.6523809557142858,1.0619047347619048,3.188095269047619,295.1904761904762,300.37857142857143,298.0357142857143,299.78095238095244,1.4904762185714284,0.0,0.0,0.17142857380952378,1.031666641190476,1.7207142571428573,1.5080952128571428,1.691666635714286,3.4047619095238097,4.342857178571429,4.695238152380952,4.77857147142857
2015,42,66.07,295.5904761904762,0.009523809523809516,1.3695237921428571,3.4619047714285713,295.09285714285716,295.1904761904762,300.37857142857143,298.0357142857143,0.6523809557142858,1.4904762185714284,0.0,0.0,1.0619047347619048,1.031666641190476,1.7207142571428573,1.5080952128571428,3.188095269047619,3.4047619095238097,4.342857178571429,4.695238152380952
2015,43,41.16,287.4857142857143,6.273809642857143,0.5857142754761905,1.8619047785714287,295.5904761904762,295.09285714285716,295.1904761904762,300.37857142857143,0.009523809523809516,0.6523809557142858,1.4904762185714284,0.0,1.3695237921428571,1.0619047347619048,1.031666641190476,1.7207142571428573,3.4619047714285713,3.188095269047619,3.4047619095238097,4.342857178571429
2015,44,37.9,287.56428571428575,0.01666666666666665,0.7530952245238095,2.4595238285714283,287.4857142857143,295.5904761904762,295.09285714285716,295.1904761904762,6.273809642857143,0.009523809523809516,0.6523809557142858,1.4904762185714284,0.5857142754761905,1.3695237921428571,1.0619047347619048,1.031666641190476,1.8619047785714287,3.4619047714285713,3.188095269047619,3.4047619095238097
2015,45,33.78,287.64761904761906,2.4523809523809526,0.7983333164285714,2.3785714495238093,287.56428571428575,287.4857142857143,295.5904761904762,295.09285714285716,0.01666666666666665,6.273809642857143,0.009523809523809516,0.6523809557142858,0.7530952245238095,0.5857142754761905,1.3695237921428571,1.0619047347619048,2.4595238285714283,1.8619047785714287,3.4619047714285713,3.188095269047619
2015,46,31.66,286.3333333333333,1.4119048095238096,0.7426190340476192,1.9166666952380955,287.64761904761906,287.56428571428575,287.4857142857143,295.5904761904762,2.4523809523809526,0.01666666666666665,6.273809642857143,0.009523809523809516,0.7983333164285714,0.7530952245238095,0.5857142754761905,1.3695237921428571,2.3785714495238093,2.4595238285714283,1.8619047785714287,3.4619047714285713
2015,47,32.13,282.27619047619044,2.390476242857143,0.44214284857142855,1.8071428761904762,286.3333333333333,287.64761904761906,287.56428571428575,287.4857142857143,1.4119048095238096,2.4523809523809526,0.01666666666666665,6.273809642857143,0.7426190340476192,0.7983333164285714,0.7530952245238095,0.5857142754761905,1.9166666952380955,2.3785714495238093,2.4595238285714283,1.8619047785714287
2015,48,28.700000000000003,277.67619047619047,2.0690476357142855,0.3740476147142857,1.214285719047619,282.27619047619044,286.3333333333333,287.64761904761906,287.56428571428575,2.390476242857143,1.4119048095238096,2.4523809523809526,0.01666666666666665,0.44214284857142855,0.7426190340476192,0.7983333164285714,0.7530952245238095,1.8071428761904762,1.9166666952380955,2.3785714495238093,2.4595238285714283
2015,49,44.52,280.9357142857143,0.0,0.5149999930476191,1.7261905000000002,277.67619047619047,282.27619047619044,286.3333333333333,287.64761904761906,2.0690476357142855,2.390476242857143,1.4119048095238096,2.4523809523809526,0.3740476147142857,0.44214284857142855,0.7426190340476192,0.7983333164285714,1.214285719047619,1.8071428761904762,1.9166666952380955,2.3785714495238093
2015,50,30.61,284.17857142857144,0.99285715,0.6921428375714286,2.230952395238095,280.9357142857143,277.67619047619047,282.27619047619044,286.3333333333333,0.0,2.0690476357142855,2.390476242857143,1.4119048095238096,0.5149999930476191,0.3740476147142857,0.44214284857142855,0.7426190340476192,1.7261905000000002,1.214285719047619,1.8071428761904762,1.9166666952380955
2015,51,32.11,277.39761904761906,3.333333357142857,0.36880952095238095,1.3500000104761904,284.17857142857144,280.9357142857143,277.67619047619047,282.27619047619044,0.99285715,0.0,2.0690476357142855,2.390476242857143,0.6921428375714286,0.5149999930476191,0.3740476147142857,0.44214284857142855,2.230952395238095,1.7261905000000002,1.214285719047619,1.8071428761904762
2015,52,27.150000000000002,274.73333333333335,0.688095238095238,0.22261904349999997,0.8785714352380952,277.39761904761906,284.17857142857144,280.9357142857143,277.67619047619047,3.333333357142857,0.99285715,0.0,2.0690476357142855,0.36880952095238095,0.6921428375714286,0.5149999930476191,0.3740476147142857,1.3500000104761904,2.230952395238095,1.7261905000000002,1.214285719047619
2016,1,28.35,276.0714285714286,1.0119047714285714,0.2857142779047619,0.9952380952380953,275.5238095238096,274.73333333333335,277.39761904761906,284.17857142857144,0.0,0.688095238095238,3.333333357142857,0.99285715,0.2809523766666666,0.22261904349999997,0.36880952095238095,0.6921428375714286,0.9000000128571428,0.8785714352380952,1.3500000104761904,2.230952395238095
2016,2,30.06,279.29523809523806,0.0,0.4261904711904761,1.6738095309523808,276.0714285714286,275.5238095238096,274.73333333333335,277.39761904761906,1.0119047714285714,0.0,0.688095238095238,3.333333357142857,0.2857142779047619,0.2809523766666666,0.22261904349999997,0.36880952095238095,0.9952380952380953,0.9000000128571428,0.8785714352380952,1.3500000104761904
2016,3,31.0,282.7142857142857,0.16666666761904758,0.531904754047619,1.888095269047619,279.29523809523806,276.0714285714286,275.5238095238096,274.73333333333335,0.0,1.0119047714285714,0.0,0.688095238095238,0.4261904711904761,0.2857142779047619,0.2809523766666666,0.22261904349999997,1.6738095309523808,0.9952380952380953,0.9000000128571428,0.8785714352380952
2016,4,36.77,282.3309523809524,1.5761904976190477,0.5135714173809524,1.8214285780952384,282.7142857142857,279.29523809523806,276.0714285714286,275.5238095238096,0.16666666761904758,0.0,1.0119047714285714,0.0,0.531904754047619,0.4261904711904761,0.2857142779047619,0.2809523766666666,1.888095269047619,1.6738095309523808,0.9952380952380953,0.9000000128571428
2016,5,35.91,274.80238095238093,2.671428619047619,0.2719047592857143,2.1523809704761905,282.3309523809524,282.7142857142857,279.29523809523806,276.0714285714286,1.5761904976190477,0.16666666761904758,0.0,1.0119047714285714,0.5135714173809524,0.531904754047619,0.4261904711904761,0.2857142779047619,1.8214285780952384,1.888095269047619,1.6738095309523808,0.9952380952380953
2016,6,38.72,288.00714285714287,0.0,0.8116666585714286,2.7285714547619047,274.80238095238093,282.3309523809524,282.7142857142857,279.29523809523806,2.671428619047619,1.5761904976190477,0.16666666761904758,0.0,0.2719047592857143,0.5135714173809524,0.531904754047619,0.4261904711904761,2.1523809704761905,1.8214285780952384,1.888095269047619,1.6738095309523808
2016,7,38.59,289.0404761904762,0.0,0.8923809347619046,3.247619069047619,288.00714285714287,274.80238095238093,282.3309523809524,282.7142857142857,0.0,2.671428619047619,1.5761904976190477,0.16666666761904758,0.8116666585714286,0.2719047592857143,0.5135714173809524,0.531904754047619,2.7285714547619047,2.1523809704761905,1.8214285780952384,1.888095269047619
2016,8,43.08,284.90000000000003,1.5619048095238097,0.6676190414285714,1.454761911904762,289.0404761904762,288.00714285714287,274.80238095238093,282.3309523809524,0.0,0.0,2.671428619047619,1.5761904976190477,0.8923809347619046,0.8116666585714286,0.2719047592857143,0.5135714173809524,3.247619069047619,2.7285714547619047,2.1523809704761905,1.8214285780952384
2016,9,40.63,288.1666666666667,0.009523809523809516,0.8171428392857143,3.014285738095238,284.90000000000003,289.0404761904762,288.00714285714287,274.80238095238093,1.5619048095238097,0.0,0.0,2.671428619047619,0.6676190414285714,0.8923809347619046,0.8116666585714286,0.2719047592857143,1.454761911904762,3.247619069047619,2.7285714547619047,2.1523809704761905
2016,10,40.17,287.7952380952381,0.04999999999999999,0.778809514047619,3.0047619309523808,288.1666666666667,284.90000000000003,289.0404761904762,288.00714285714287,0.009523809523809516,1.5619048095238097,0.0,0.0,0.8171428392857143,0.6676190414285714,0.8923809347619046,0.8116666585714286,3.014285738095238,1.454761911904762,3.247619069047619,2.7285714547619047
2016,11,38.12,279.06666666666666,2.7000000309523813,0.40619046976190476,2.2833333466666663,287.7952380952381,288.1666666666667,284.90000000000003,289.0404761904762,0.04999999999999999,0.009523809523809516,1.5619048095238097,0.0,0.778809514047619,0.8171428392857143,0.6676190414285714,0.8923809347619046,3.0047619309523808,3.014285738095238,1.454761911904762,3.247619069047619
2016,12,34.58,282.48333333333335,8.030952502380952,0.5245238000952381,2.726190514285715,279.06666666666666,287.7952380952381,288.1666666666667,284.90000000000003,2.7000000309523813,0.04999999999999999,0.009523809523809516,1.5619048095238097,0.40619046976190476,0.778809514047619,0.8171428392857143,0.6676190414285714,2.2833333466666663,3.0047619309523808,3.014285738095238,1.454761911904762
2016,13,39.45,284.3642857142857,1.19047622,0.5547618897619048,3.030952404761905,282.48333333333335,279.06666666666666,287.7952380952381,288.1666666666667,8.030952502380952,2.7000000309523813,0.04999999999999999,0.009523809523809516,0.5245238000952381,0.40619046976190476,0.778809514047619,0.8171428392857143,2.726190514285715,2.2833333466666663,3.0047619309523808,3.014285738095238
2016,14,48.089999999999996,291.2095238095238,1.3047619523809522,0.9349999892857142,4.1738095500000005,284.3642857142857,282.48333333333335,279.06666666666666,287.7952380952381,1.19047622,8.030952502380952,2.7000000309523813,0.04999999999999999,0.5547618897619048,0.5245238000952381,0.40619046976190476,0.778809514047619,3.030952404761905,2.726190514285715,2.2833333466666663,3.0047619309523808
2016,15,44.83,285.297619047619,8.007142911904761,0.6247618973809524,2.888095281904762,291.2095238095238,284.3642857142857,282.48333333333335,279.06666666666666,1.3047619523809522,1.19047622,8.030952502380952,2.7000000309523813,0.9349999892857142,0.5547618897619048,0.5245238000952381,0.40619046976190476,4.1738095500000005,3.030952404761905,2.726190514285715,2.2833333466666663
2016,16,46.07,288.09523809523813,0.04047619047619045,0.7761904638095238,3.8690476690476197,285.297619047619,291.2095238095238,284.3642857142857,282.48333333333335,8.007142911904761,1.3047619523809522,1.19047622,8.030952502380952,0.6247618973809524,0.9349999892857142,0.5547618897619048,0.5245238000952381,2.888095281904762,4.1738095500000005,3.030952404761905,2.726190514285715
2016,17,42.29,279.59285714285716,4.683333404761904,0.28928570971428574,2.3571428809523813,288.09523809523813,285.297619047619,291.2095238095238,284.3642857142857,0.04047619047619045,8.007142911904761,1.3047619523809522,1.19047622,0.7761904638095238,0.6247618973809524,0.9349999892857142,0.5547618897619048,3.8690476690476197,2.888095281904762,4.1738095500000005,3.030952404761905
2016,18,47.46,291.2309523809524,1.5238095714285713,0.9073809388095239,4.4452381785714286,279.59285714285716,288.09523809523813,285.297619047619,291.2095238095238,4.683333404761904,0.04047619047619045,8.007142911904761,1.3047619523809522,0.28928570971428574,0.7761904638095238,0.6247618973809524,0.9349999892857142,2.3571428809523813,3.8690476690476197,2.888095281904762,4.1738095500000005
2016,19,48.33,289.0833333333333,0.7428571580952381,0.6385714219047619,3.811904797619048,291.2309523809524,279.59285714285716,288.09523809523813,285.297619047619,1.5238095714285713,4.683333404761904,0.04047619047619045,8.007142911904761,0.9073809388095239,0.28928570971428574,0.7761904638095238,0.6247618973809524,4.4452381785714286,2.3571428809523813,3.8690476690476197,2.888095281904762
2016,20,51.85,290.6928571428572,1.7714285952380953,0.8688095063095238,4.33571432857143,289.0833333333333,291.2309523809524,279.59285714285716,288.09523809523813,0.7428571580952381,1.5238095714285713,4.683333404761904,0.04047619047619045,0.6385714219047619,0.9073809388095239,0.28928570971428574,0.7761904638095238,3.811904797619048,4.4452381785714286,2.3571428809523813,3.8690476690476197
2016,21,59.4,292.22857142857146,0.8523809576190476,0.8978571216666668,4.445238154761904,290.6928571428572,289.0833333333333,291.2309523809524,279.59285714285716,1.7714285952380953,0.7428571580952381,1.5238095714285713,4.683333404761904,0.8688095063095238,0.6385714219047619,0.9073809388095239,0.28928570971428574,4.33571432857143,3.811904797619048,4.4452381785714286,2.3571428809523813
2016,22,85.55,296.7214285714286,0.7619047642857143,1.162619033809524,5.311904854761905,292.22857142857146,290.6928571428572,289.0833333333333,291.2309523809524,0.8523809576190476,1.7714285952380953,0.7428571580952381,1.5238095714285713,0.8978571216666668,0.8688095063095238,0.6385714219047619,0.9073809388095239,4.445238154761904,4.33571432857143,3.811904797619048,4.4452381785714286
2016,23,110.58,301.45,0.9166666795238095,1.6223809380952379,6.033333376190477,296.7214285714286,292.22857142857146,290.6928571428572,289.0833333333333,0.7619047642857143,0.8523809576190476,1.7714285952380953,0.7428571580952381,1.162619033809524,0.8978571216666668,0.8688095063095238,0.6385714219047619,5.311904854761905,4.445238154761904,4.33571432857143,3.811904797619048
2016,24,112.86,302.34285714285716,1.4000000238095238,1.8845237690476189,6.569047678571429,301.45,296.7214285714286,292.22857142857146,290.6928571428572,0.9166666795238095,0.7619047642857143,0.8523809576190476,1.7714285952380953,1.6223809380952379,1.162619033809524,0.8978571216666668,0.8688095063095238,6.033333376190477,5.311904854761905,4.445238154761904,4.33571432857143
2016,25,119.99,301.76666666666665,0.583333340952381,1.7740475845238095,5.990476254761905,302.34285714285716,301.45,296.7214285714286,292.22857142857146,1.4000000238095238,0.9166666795238095,0.7619047642857143,0.8523809576190476,1.8845237690476189,1.6223809380952379,1.162619033809524,0.8978571216666668,6.569047678571429,6.033333376190477,5.311904854761905,4.445238154761904
2016,26,105.19916,299.66428571428577,2.3071428595238093,1.3142856945238095,5.266666716666667,301.76666666666665,302.34285714285716,301.45,296.7214285714286,0.583333340952381,1.4000000238095238,0.9166666795238095,0.7619047642857143,1.7740475845238095,1.8845237690476189,1.6223809380952379,1.162619033809524,5.990476254761905,6.569047678571429,6.033333376190477,5.311904854761905
2016,27,114.60864000000001,304.54523809523806,0.042857142857142816,2.2573809166666665,7.123809630952381,299.66428571428577,301.76666666666665,302.34285714285716,301.45,2.3071428595238093,0.583333340952381,1.4000000238095238,0.9166666795238095,1.3142856945238095,1.7740475845238095,1.8845237690476189,1.6223809380952379,5.266666716666667,5.990476254761905,6.569047678571429,6.033333376190477
2016,28,137.29,302.6547619047619,0.06904761999999998,1.8319047214285715,6.400000057142857,304.54523809523806,299.66428571428577,301.76666666666665,302.34285714285716,0.042857142857142816,2.3071428595238093,0.583333340952381,1.4000000238095238,2.2573809166666665,1.3142856945238095,1.7740475845238095,1.8845237690476189,7.123809630952381,5.266666716666667,5.990476254761905,6.569047678571429
2016,29,122.62,304.82619047619045,0.9690476252380953,2.0649999809523814,6.114285785714286,302.6547619047619,304.54523809523806,299.66428571428577,301.76666666666665,0.06904761999999998,0.042857142857142816,2.3071428595238093,0.583333340952381,1.8319047214285715,2.2573809166666665,1.3142856945238095,1.7740475845238095,6.400000057142857,7.123809630952381,5.266666716666667,5.990476254761905
2016,30,119.98,302.9166666666667,0.22380952857142855,1.7859523523809522,5.995238173809523,304.82619047619045,302.6547619047619,304.54523809523806,299.66428571428577,0.9690476252380953,0.06904761999999998,0.042857142857142816,2.3071428595238093,2.0649999809523814,1.8319047214285715,2.2573809166666665,1.3142856945238095,6.114285785714286,6.400000057142857,7.123809630952381,5.266666716666667
2016,31,115.17,300.53333333333336,0.2904761938095238,1.4209523561904762,5.159523890476191,302.9166666666667,304.82619047619045,302.6547619047619,304.54523809523806,0.22380952857142855,0.9690476252380953,0.06904761999999998,0.042857142857142816,1.7859523523809522,2.0649999809523814,1.8319047214285715,2.2573809166666665,5.995238173809523,6.114285785714286,6.400000057142857,7.123809630952381
2016,32,120.02,302.6928571428572,0.29285714571428567,1.9107142452380954,5.6928572,300.53333333333336,302.9166666666667,304.82619047619045,302.6547619047619,0.2904761938095238,0.22380952857142855,0.9690476252380953,0.06904761999999998,1.4209523561904762,1.7859523523809522,2.0649999809523814,1.8319047214285715,5.159523890476191,5.995238173809523,6.114285785714286,6.400000057142857
2016,33,105.89,300.4619047619048,2.4714285785714285,1.527619025,5.1785714928571425,302.6928571428572,300.53333333333336,302.9166666666667,304.82619047619045,0.29285714571428567,0.2904761938095238,0.22380952857142855,0.9690476252380953,1.9107142452380954,1.4209523561904762,1.7859523523809522,2.0649999809523814,5.6928572,5.159523890476191,5.995238173809523,6.114285785714286
2016,34,97.02,297.1809523809524,1.3500000195238095,1.2490475904761904,4.309523873809524,300.4619047619048,302.6928571428572,300.53333333333336,302.9166666666667,2.4714285785714285,0.29285714571428567,0.2904761938095238,0.22380952857142855,1.527619025,1.9107142452380954,1.4209523561904762,1.7859523523809522,5.1785714928571425,5.6928572,5.159523890476191,5.995238173809523
2016,35,88.66,299.01666666666665,2.0476190738095243,1.2999999766666666,4.50238100952381,297.1809523809524,300.4619047619048,302.6928571428572,300.53333333333336,1.3500000195238095,2.4714285785714285,0.29285714571428567,0.2904761938095238,1.2490475904761904,1.527619025,1.9107142452380954,1.4209523561904762,4.309523873809524,5.1785714928571425,5.6928572,5.159523890476191
2016,36,105.33,299.102380952381,0.0,1.635476166904762,5.142857207142858,299.01666666666665,297.1809523809524,300.4619047619048,302.6928571428572,2.0476190738095243,1.3500000195238095,2.4714285785714285,0.29285714571428567,1.2999999766666666,1.2490475904761904,1.527619025,1.9107142452380954,4.50238100952381,4.309523873809524,5.1785714928571425,5.6928572
2016,37,89.73,294.4190476190476,1.054761911904762,1.1040476095238096,4.140476245238095,299.102380952381,299.01666666666665,297.1809523809524,300.4619047619048,0.0,2.0476190738095243,1.3500000195238095,2.4714285785714285,1.635476166904762,1.2999999766666666,1.2490475904761904,1.527619025,5.142857207142858,4.50238100952381,4.309523873809524,5.1785714928571425
2016,38,102.46,296.6238095238095,0.0,1.3730952138095238,4.159523876190476,294.4190476190476,299.102380952381,299.01666666666665,297.1809523809524,1.054761911904762,0.0,2.0476190738095243,1.3500000195238095,1.1040476095238096,1.635476166904762,1.2999999766666666,1.2490475904761904,4.140476245238095,5.142857207142858,4.50238100952381,4.309523873809524
2016,39,96.54,296.84761904761905,0.0,1.3349999692857144,3.738095264285714,296.6238095238095,294.4190476190476,299.102380952381,299.01666666666665,0.0,1.054761911904762,0.0,2.0476190738095243,1.3730952138095238,1.1040476095238096,1.635476166904762,1.2999999766666666,4.159523876190476,4.140476245238095,5.142857207142858,4.50238100952381
2016,40,76.01,290.5047619047619,1.0714285809523811,1.0123809295238095,3.604761928571428,296.84761904761905,296.6238095238095,294.4190476190476,299.102380952381,0.0,0.0,1.054761911904762,0.0,1.3349999692857144,1.3730952138095238,1.1040476095238096,1.635476166904762,3.738095264285714,4.159523876190476,4.140476245238095,5.142857207142858
2016,41,72.3,295.4238095238095,0.22619047619047616,1.3776190035714284,4.045238138095239,290.5047619047619,296.84761904761905,296.6238095238095,294.4190476190476,1.0714285809523811,0.0,0.0,1.054761911904762,1.0123809295238095,1.3349999692857144,1.3730952138095238,1.1040476095238096,3.604761928571428,3.738095264285714,4.159523876190476,4.140476245238095
2016,42,74.92,292.1142857142857,0.0,1.1238095161904764,3.1952381404761905,295.4238095238095,290.5047619047619,296.84761904761905,296.6238095238095,0.22619047619047616,1.0714285809523811,0.0,0.0,1.3776190035714284,1.0123809295238095,1.3349999692857144,1.3730952138095238,4.045238138095239,3.604761928571428,3.738095264285714,4.159523876190476
2016,43,62.79,295.73809523809524,0.0,1.3252380666666663,3.245238119047619,292.1142857142857,295.4238095238095,290.5047619047619,296.84761904761905,0.0,0.22619047619047616,1.0714285809523811,0.0,1.1238095161904764,1.3776190035714284,1.0123809295238095,1.3349999692857144,3.1952381404761905,4.045238138095239,3.604761928571428,3.738095264285714
2016,44,56.519999999999996,292.02142857142854,0.0,0.982380933809524,2.6857143214285712,295.73809523809524,292.1142857142857,295.4238095238095,290.5047619047619,0.0,0.0,0.22619047619047616,1.0714285809523811,1.3252380666666663,1.1238095161904764,1.3776190035714284,1.0123809295238095,3.245238119047619,3.1952381404761905,4.045238138095239,3.604761928571428
2016,45,53.22,290.59761904761905,0.0,0.9545237999999999,2.4595238333333334,292.02142857142854,295.73809523809524,292.1142857142857,295.4238095238095,0.0,0.0,0.0,0.22619047619047616,0.982380933809524,1.3252380666666663,1.1238095161904764,1.3776190035714284,2.6857143214285712,3.245238119047619,3.1952381404761905,4.045238138095239
2016,46,51.69,287.9404761904762,1.3714285714285712,0.9280952128571429,2.6761904914285712,290.59761904761905,292.02142857142854,295.73809523809524,292.1142857142857,0.0,0.0,0.0,0.0,0.9545237999999999,0.982380933809524,1.3252380666666663,1.1238095161904764,2.4595238333333334,2.6857143214285712,3.245238119047619,3.1952381404761905
2016,47,38.980000000000004,283.9047619047619,0.5452381009523809,0.6504761750000001,2.0452381104761908,287.9404761904762,290.59761904761905,292.02142857142854,295.73809523809524,1.3714285714285712,0.0,0.0,0.0,0.9280952128571429,0.9545237999999999,0.982380933809524,1.3252380666666663,2.6761904914285712,2.4595238333333334,2.6857143214285712,3.245238119047619
2016,48,34.66,277.3547619047619,0.02619047619047618,0.3907142809523809,1.3833333495238094,283.9047619047619,287.9404761904762,290.59761904761905,292.02142857142854,0.5452381009523809,1.3714285714285712,0.0,0.0,0.6504761750000001,0.9280952128571429,0.9545237999999999,0.982380933809524,2.0452381104761908,2.6761904914285712,2.4595238333333334,2.6857143214285712
2016,49,38.91,275.64523809523814,1.1833333452380952,0.3154761845238095,1.1023809547619046,277.3547619047619,283.9047619047619,287.9404761904762,290.59761904761905,0.02619047619047618,0.5452381009523809,1.3714285714285712,0.0,0.3907142809523809,0.6504761750000001,0.9280952128571429,0.9545237999999999,1.3833333495238094,2.0452381104761908,2.6761904914285712,2.4595238333333334
2016,50,43.34,275.4595238095238,2.6357143333333335,0.3316666599285714,1.1357142952380952,275.64523809523814,277.3547619047619,283.9047619047619,287.9404761904762,1.1833333452380952,0.02619047619047618,0.5452381009523809,1.3714285714285712,0.3154761845238095,0.3907142809523809,0.6504761750000001,0.9280952128571429,1.1023809547619046,1.3833333495238094,2.0452381104761908,2.6761904914285712
2016,51,38.59,282.26190476190476,0.0,0.5271428490476191,1.8119047833333335,275.4595238095238,275.64523809523814,277.3547619047619,283.9047619047619,2.6357143333333335,1.1833333452380952,0.02619047619047618,0.5452381009523809,0.3316666599285714,0.3154761845238095,0.3907142809523809,0.6504761750000001,1.1357142952380952,1.1023809547619046,1.3833333495238094,2.0452381104761908
2016,52,34.95,282.8309523809524,0.0,0.5847618921428571,1.9333333547619047,282.26190476190476,275.4595238095238,275.64523809523814,277.3547619047619,0.0,2.6357143333333335,1.1833333452380952,0.02619047619047618,0.5271428490476191,0.3316666599285714,0.3154761845238095,0.3907142809523809,1.8119047833333335,1.1357142952380952,1.1023809547619046,1.3833333495238094
2017,1,38.769999999999996,271.5690476190476,2.1238095761904763,0.24261904452380947,0.9547619176190475,282.8309523809524,282.26190476190476,275.4595238095238,275.64523809523814,0.0,0.0,2.6357143333333335,1.1833333452380952,0.5847618921428571,0.5271428490476191,0.3316666599285714,0.3154761845238095,1.9333333547619047,1.8119047833333335,1.1357142952380952,1.1023809547619046
2017,2,40.3,280.2547619047619,1.1976190476190478,0.35976189861904756,1.4714285809523808,271.5690476190476,282.8309523809524,282.26190476190476,275.4595238095238,2.1238095761904763,0.0,0.0,2.6357143333333335,0.24261904452380947,0.5847618921428571,0.5271428490476191,0.3316666599285714,0.9547619176190475,1.9333333547619047,1.8119047833333335,1.1357142952380952
2017,3,39.629999999999995,280.3214285714286,0.3452380976190475,0.4469047548333333,1.3761904900000002,280.2547619047619,271.5690476190476,282.8309523809524,282.26190476190476,1.1976190476190478,2.1238095761904763,0.0,0.0,0.35976189861904756,0.24261904452380947,0.5847618921428571,0.5271428490476191,1.4714285809523808,0.9547619176190475,1.9333333547619047,1.8119047833333335
2017,4,41.33,277.7166666666667,0.0,0.3902380887142856,1.5761904909523812,280.3214285714286,280.2547619047619,271.5690476190476,282.8309523809524,0.3452380976190475,1.1976190476190478,2.1238095761904763,0.0,0.4469047548333333,0.35976189861904756,0.24261904452380947,0.5847618921428571,1.3761904900000002,1.4714285809523808,0.9547619176190475,1.9333333547619047
2017,5,41.67,281.99285714285713,0.08095238095238093,0.5661904694285714,2.0500000161904763,277.7166666666667,280.3214285714286,280.2547619047619,271.5690476190476,0.0,0.3452380976190475,1.1976190476190478,2.1238095761904763,0.3902380887142856,0.4469047548333333,0.35976189861904756,0.24261904452380947,1.5761904909523812,1.3761904900000002,1.4714285809523808,0.9547619176190475
2017,6,43.09,288.5714285714286,0.0,0.8809523661904762,3.3047619166666666,281.99285714285713,277.7166666666667,280.3214285714286,280.2547619047619,0.08095238095238093,0.0,0.3452380976190475,1.1976190476190478,0.5661904694285714,0.3902380887142856,0.4469047548333333,0.35976189861904756,2.0500000161904763,1.5761904909523812,1.3761904900000002,1.4714285809523808
2017,7,43.51,288.34523809523813,0.0,0.9102380752380953,3.023809552380952,288.5714285714286,281.99285714285713,277.7166666666667,280.3214285714286,0.0,0.08095238095238093,0.0,0.3452380976190475,0.8809523661904762,0.5661904694285714,0.3902380887142856,0.4469047548333333,3.3047619166666666,2.0500000161904763,1.5761904909523812,1.3761904900000002
2017,8,43.2,280.2785714285714,1.14285715,0.5247618947619047,2.285714307142857,288.34523809523813,288.5714285714286,281.99285714285713,277.7166666666667,0.0,0.0,0.08095238095238093,0.0,0.9102380752380953,0.8809523661904762,0.5661904694285714,0.3902380887142856,3.023809552380952,3.3047619166666666,2.0500000161904763,1.5761904909523812
2017,9,48.790000000000006,284.8952380952381,0.0,0.7449999854761904,3.1571429,280.2785714285714,288.34523809523813,288.5714285714286,281.99285714285713,1.14285715,0.0,0.0,0.08095238095238093,0.5247618947619047,0.9102380752380953,0.8809523661904762,0.5661904694285714,2.285714307142857,3.023809552380952,3.3047619166666666,2.0500000161904763
2017,10,45.89,286.2571428571428,0.0,0.737142839047619,3.3928571714285716,284.8952380952381,280.2785714285714,288.34523809523813,288.5714285714286,0.0,1.14285715,0.0,0.0,0.7449999854761904,0.5247618947619047,0.9102380752380953,0.8809523661904762,3.1571429,2.285714307142857,3.023809552380952,3.3047619166666666
2017,11,51.35,294.4095238095238,0.0,1.329047602380952,4.557142909523809,286.2571428571428,284.8952380952381,280.2785714285714,288.34523809523813,0.0,0.0,1.14285715,0.0,0.737142839047619,0.7449999854761904,0.5247618947619047,0.9102380752380953,3.3928571714285716,3.1571429,2.285714307142857,3.023809552380952
2017,12,53.97,289.3285714285714,1.9357142880952383,0.8233333150000001,3.4690476309523812,294.4095238095238,286.2571428571428,284.8952380952381,280.2785714285714,0.0,0.0,0.0,1.14285715,1.329047602380952,0.737142839047619,0.7449999854761904,0.5247618947619047,4.557142909523809,3.3928571714285716,3.1571429,2.285714307142857
2017,13,37.29,283.6333333333334,3.8476191047619044,0.4230952290952381,2.4404762119047616,289.3285714285714,294.4095238095238,286.2571428571428,284.8952380952381,1.9357142880952383,0.0,0.0,0.0,0.8233333150000001,1.329047602380952,0.737142839047619,0.7449999854761904,3.4690476309523812,4.557142909523809,3.3928571714285716,3.1571429
2017,14,41.45,287.74047619047616,4.604761976190476,0.8014285597619047,3.9023809785714287,283.6333333333334,289.3285714285714,294.4095238095238,286.2571428571428,3.8476191047619044,1.9357142880952383,0.0,0.0,0.4230952290952381,0.8233333150000001,1.329047602380952,0.737142839047619,2.4404762119047616,3.4690476309523812,4.557142909523809,3.3928571714285716
2017,15,61.35,292.9952380952381,0.0,1.149047596190476,4.480952409523809,287.74047619047616,283.6333333333334,289.3285714285714,294.4095238095238,4.604761976190476,3.8476191047619044,1.9357142880952383,0.0,0.8014285597619047,0.4230952290952381,0.8233333150000001,1.329047602380952,3.9023809785714287,2.4404762119047616,3.4690476309523812,4.557142909523809
2017,16,58.28,291.06904761904764,1.154761920952381,0.9604761695238095,4.1476190809523805,292.9952380952381,287.74047619047616,283.6333333333334,289.3285714285714,0.0,4.604761976190476,3.8476191047619044,1.9357142880952383,1.149047596190476,0.8014285597619047,0.4230952290952381,0.8233333150000001,4.480952409523809,3.9023809785714287,2.4404762119047616,3.4690476309523812
2017,17,50.86,283.9547619047619,4.778571435714286,0.5221428512142857,3.1071428833333328,291.06904761904764,292.9952380952381,287.74047619047616,283.6333333333334,1.154761920952381,0.0,4.604761976190476,3.8476191047619044,0.9604761695238095,1.149047596190476,0.8014285597619047,0.4230952290952381,4.1476190809523805,4.480952409523809,3.9023809785714287,2.4404762119047616
2017,18,59.68,292.47857142857146,0.9119047714285715,1.0685714102380952,4.454761957142858,283.9547619047619,291.06904761904764,292.9952380952381,287.74047619047616,4.778571435714286,1.154761920952381,0.0,4.604761976190476,0.5221428512142857,0.9604761695238095,1.149047596190476,0.8014285597619047,3.1071428833333328,4.1476190809523805,4.480952409523809,3.9023809785714287
2017,19,56.72,291.98095238095243,5.492857166666667,0.8590476033333334,4.445238111904762,292.47857142857146,283.9547619047619,291.06904761904764,292.9952380952381,0.9119047714285715,4.778571435714286,1.154761920952381,0.0,1.0685714102380952,0.5221428512142857,0.9604761695238095,1.149047596190476,4.454761957142858,3.1071428833333328,4.1476190809523805,4.480952409523809
2017,20,55.84,287.4357142857143,8.928571473809525,0.6959523720476191,3.840476216666666,291.98095238095243,292.47857142857146,283.9547619047619,291.06904761904764,5.492857166666667,0.9119047714285715,4.778571435714286,1.154761920952381,0.8590476033333334,1.0685714102380952,0.5221428512142857,0.9604761695238095,4.445238111904762,4.454761957142858,3.1071428833333328,4.1476190809523805
2017,21,57.15,292.4285714285715,3.8952381590476186,0.8969047490476191,4.7857143309523815,287.4357142857143,291.98095238095243,292.47857142857146,283.9547619047619,8.928571473809525,5.492857166666667,0.9119047714285715,4.778571435714286,0.6959523720476191,0.8590476033333334,1.0685714102380952,0.5221428512142857,3.840476216666666,4.445238111904762,4.454761957142858,3.1071428833333328
2017,22,77.4,296.0452380952381,1.0238095619047618,1.104047598809524,4.9619048333333335,292.4285714285715,287.4357142857143,291.98095238095243,292.47857142857146,3.8952381590476186,8.928571473809525,5.492857166666667,0.9119047714285715,0.8969047490476191,0.6959523720476191,0.8590476033333334,1.0685714102380952,4.7857143309523815,3.840476216666666,4.445238111904762,4.454761957142858
2017,23,109.75,299.7690476190476,0.709523819047619,1.534523790714286,5.947619169047619,296.0452380952381,292.4285714285715,287.4357142857143,291.98095238095243,1.0238095619047618,3.8952381590476186,8.928571473809525,5.492857166666667,1.104047598809524,0.8969047490476191,0.6959523720476191,0.8590476033333334,4.9619048333333335,4.7857143309523815,3.840476216666666,4.445238111904762
2017,24,131.86,301.2142857142857,0.007142857142857134,1.855238076190476,6.726190504761906,299.7690476190476,296.0452380952381,292.4285714285715,287.4357142857143,0.709523819047619,1.0238095619047618,3.8952381590476186,8.928571473809525,1.534523790714286,1.104047598809524,0.8969047490476191,0.6959523720476191,5.947619169047619,4.9619048333333335,4.7857143309523815,3.840476216666666
2017,25,122.12,298.98809523809524,0.5500000023809525,1.595714271904762,5.730952469047619,301.2142857142857,299.7690476190476,296.0452380952381,292.4285714285715,0.007142857142857134,0.709523819047619,1.0238095619047618,3.8952381590476186,1.855238076190476,1.534523790714286,1.104047598809524,0.8969047490476191,6.726190504761906,5.947619169047619,4.9619048333333335,4.7857143309523815
2017,26,124.82,300.67857142857144,0.4619047666666667,1.7499999745238093,5.952381026190476,298.98809523809524,301.2142857142857,299.7690476190476,296.0452380952381,0.5500000023809525,0.007142857142857134,0.709523819047619,1.0238095619047618,1.595714271904762,1.855238076190476,1.534523790714286,1.104047598809524,5.730952469047619,6.726190504761906,5.947619169047619,4.9619048333333335
2017,27,132.01,303.8285714285714,0.0,2.160476173809524,6.254761961904762,300.67857142857144,298.98809523809524,301.2142857142857,299.7690476190476,0.4619047666666667,0.5500000023809525,0.007142857142857134,0.709523819047619,1.7499999745238093,1.595714271904762,1.855238076190476,1.534523790714286,5.952381026190476,5.730952469047619,6.726190504761906,5.947619169047619
2017,28,130.37,300.8071428571429,0.6595238152380952,1.4785713969047618,5.202381023809524,303.8285714285714,300.67857142857144,298.98809523809524,301.2142857142857,0.0,0.4619047666666667,0.5500000023809525,0.007142857142857134,2.160476173809524,1.7499999745238093,1.595714271904762,1.855238076190476,6.254761961904762,5.952381026190476,5.730952469047619,6.726190504761906
2017,29,133.23,304.1785714285714,0.27142857619047617,1.9242856880952381,5.792857214285714,300.8071428571429,303.8285714285714,300.67857142857144,298.98809523809524,0.6595238152380952,0.0,0.4619047666666667,0.5500000023809525,1.4785713969047618,2.160476173809524,1.7499999745238093,1.595714271904762,5.202381023809524,6.254761961904762,5.952381026190476,5.730952469047619
2017,30,117.35,300.73571428571427,3.128571514761905,1.3445237876190472,4.769047645238095,304.1785714285714,300.8071428571429,303.8285714285714,300.67857142857144,0.27142857619047617,0.6595238152380952,0.0,0.4619047666666667,1.9242856880952381,1.4785713969047618,2.160476173809524,1.7499999745238093,5.792857214285714,5.202381023809524,6.254761961904762,5.952381026190476
2017,31,112.74,298.71190476190475,1.5119047842857143,1.2009523571428569,4.852380997619047,300.73571428571427,304.1785714285714,300.8071428571429,303.8285714285714,3.128571514761905,0.27142857619047617,0.6595238152380952,0.0,1.3445237876190472,1.9242856880952381,1.4785713969047618,2.160476173809524,4.769047645238095,5.792857214285714,5.202381023809524,6.254761961904762
2017,32,67.49,295.6214285714286,5.380952398571428,0.7547618933333333,3.7452381238095236,298.71190476190475,300.73571428571427,304.1785714285714,300.8071428571429,1.5119047842857143,3.128571514761905,0.27142857619047617,0.6595238152380952,1.2009523571428569,1.3445237876190472,1.9242856880952381,1.4785713969047618,4.852380997619047,4.769047645238095,5.792857214285714,5.202381023809524
2017,33,105.0,300.37857142857143,0.5357142976190477,1.6426190261904763,5.0523810071428565,295.6214285714286,298.71190476190475,300.73571428571427,304.1785714285714,5.380952398571428,1.5119047842857143,3.128571514761905,0.27142857619047617,0.7547618933333333,1.2009523571428569,1.3445237876190472,1.9242856880952381,3.7452381238095236,4.852380997619047,4.769047645238095,5.792857214285714
2017,34,123.72,300.91904761904766,0.08571428571428569,1.685238054761905,5.05952385952381,300.37857142857143,295.6214285714286,298.71190476190475,300.73571428571427,0.5357142976190477,5.380952398571428,1.5119047842857143,3.128571514761905,1.6426190261904763,0.7547618933333333,1.2009523571428569,1.3445237876190472,5.0523810071428565,3.7452381238095236,4.852380997619047,4.769047645238095
2017,35,127.1,302.7095238095238,0.026190476190476167,1.9352380642857143,5.397619104761905,300.91904761904766,300.37857142857143,295.6214285714286,298.71190476190475,0.08571428571428569,0.5357142976190477,5.380952398571428,1.5119047842857143,1.685238054761905,1.6426190261904763,0.7547618933333333,1.2009523571428569,5.05952385952381,5.0523810071428565,3.7452381238095236,4.852380997619047
2017,36,124.82000000000001,299.754761904762,0.0,1.631904732142857,4.585714345238095,302.7095238095238,300.91904761904766,300.37857142857143,295.6214285714286,0.026190476190476167,0.08571428571428569,0.5357142976190477,5.380952398571428,1.9352380642857143,1.685238054761905,1.6426190261904763,0.7547618933333333,5.397619104761905,5.05952385952381,5.0523810071428565,3.7452381238095236
2017,37,122.48,298.45238095238096,0.521428580952381,1.4307142602380951,4.202381007142857,299.754761904762,302.7095238095238,300.91904761904766,300.37857142857143,0.0,0.026190476190476167,0.08571428571428569,0.5357142976190477,1.631904732142857,1.9352380642857143,1.685238054761905,1.6426190261904763,4.585714345238095,5.397619104761905,5.05952385952381,5.0523810071428565
2017,38,110.71,294.0642857142857,4.123809531904762,1.1542856927857141,4.266666692857143,298.45238095238096,299.754761904762,302.7095238095238,300.91904761904766,0.521428580952381,0.0,0.026190476190476167,0.08571428571428569,1.4307142602380951,1.631904732142857,1.9352380642857143,1.685238054761905,4.202381007142857,4.585714345238095,5.397619104761905,5.05952385952381
2017,39,68.92,287.52380952380946,5.904761948571429,0.44285713961904766,2.3095238238095237,294.0642857142857,298.45238095238096,299.754761904762,302.7095238095238,4.123809531904762,0.521428580952381,0.0,0.026190476190476167,1.1542856927857141,1.4307142602380951,1.631904732142857,1.9352380642857143,4.266666692857143,4.202381007142857,4.585714345238095,5.397619104761905
2017,40,58.480000000000004,288.8999999999999,3.4714286190476185,0.6171428461904762,2.6976190690476187,287.52380952380946,294.0642857142857,298.45238095238096,299.754761904762,5.904761948571429,4.123809531904762,0.521428580952381,0.0,0.44285713961904766,1.1542856927857141,1.4307142602380951,1.631904732142857,2.3095238238095237,4.266666692857143,4.202381007142857,4.585714345238095
2017,41,41.07,288.2857142857143,1.026190476190476,0.7857142668333333,2.7857143285714288,288.8999999999999,287.52380952380946,294.0642857142857,298.45238095238096,3.4714286190476185,5.904761948571429,4.123809531904762,0.521428580952381,0.6171428461904762,0.44285713961904766,1.1542856927857141,1.4307142602380951,2.6976190690476187,2.3095238238095237,4.266666692857143,4.202381007142857
2017,42,59.47,293.67857142857144,0.0,1.2966666397619049,3.8809524023809523,288.2857142857143,288.8999999999999,287.52380952380946,294.0642857142857,1.026190476190476,3.4714286190476185,5.904761948571429,4.123809531904762,0.7857142668333333,0.6171428461904762,0.44285713961904766,1.1542856927857141,2.7857143285714288,2.6976190690476187,2.3095238238095237,4.266666692857143
2017,43,55.53,288.11904761904765,0.7071428619047619,0.8116666514285713,2.6666666904761906,293.67857142857144,288.2857142857143,288.8999999999999,287.52380952380946,0.0,1.026190476190476,3.4714286190476185,5.904761948571429,1.2966666397619049,0.7857142668333333,0.6171428461904762,0.44285713961904766,3.8809524023809523,2.7857143285714288,2.6976190690476187,2.3095238238095237
2017,44,46.51,285.3547619047619,0.02619047619047618,0.5959523676190477,2.1738095428571427,288.11904761904765,293.67857142857144,288.2857142857143,288.8999999999999,0.7071428619047619,0.0,1.026190476190476,3.4714286190476185,0.8116666514285713,1.2966666397619049,0.7857142668333333,0.6171428461904762,2.6666666904761906,3.8809524023809523,2.7857143285714288,2.6976190690476187
2017,45,37.18,282.1880952380952,0.5738095285714285,0.43261904452380945,1.4023809695238096,285.3547619047619,288.11904761904765,293.67857142857144,288.2857142857143,0.02619047619047618,0.7071428619047619,0.0,1.026190476190476,0.5959523676190477,0.8116666514285713,1.2966666397619049,0.7857142668333333,2.1738095428571427,2.6666666904761906,3.8809524023809523,2.7857143285714288
2017,46,49.34,289.0404761904762,0.44285714523809516,0.9083333114285713,2.7142857333333335,282.1880952380952,285.3547619047619,288.11904761904765,293.67857142857144,0.5738095285714285,0.02619047619047618,0.7071428619047619,0.0,0.43261904452380945,0.5959523676190477,0.8116666514285713,1.2966666397619049,1.4023809695238096,2.1738095428571427,2.6666666904761906,3.8809524023809523
2017,47,46.0,290.83095238095234,0.09047619142857138,1.031666646904762,2.8214285952380957,289.0404761904762,282.1880952380952,285.3547619047619,288.11904761904765,0.44285714523809516,0.5738095285714285,0.02619047619047618,0.7071428619047619,0.9083333114285713,0.43261904452380945,0.5959523676190477,0.8116666514285713,2.7142857333333335,1.4023809695238096,2.1738095428571427,2.6666666904761906
2017,48,43.12,288.81666666666666,0.007142857142857134,0.8580952104761904,2.626190502380952,290.83095238095234,289.0404761904762,282.1880952380952,285.3547619047619,0.09047619142857138,0.44285714523809516,0.5738095285714285,0.02619047619047618,1.031666646904762,0.9083333114285713,0.43261904452380945,0.5959523676190477,2.8214285952380957,2.7142857333333335,1.4023809695238096,2.1738095428571427
2017,49,39.97,282.02142857142854,0.023809523809523798,0.6130952292857144,2.1738095476190473,288.81666666666666,290.83095238095234,289.0404761904762,282.1880952380952,0.007142857142857134,0.09047619142857138,0.44285714523809516,0.5738095285714285,0.8580952104761904,1.031666646904762,0.9083333114285713,0.43261904452380945,2.626190502380952,2.8214285952380957,2.7142857333333335,1.4023809695238096
2017,50,43.730000000000004,284.1857142857143,0.7190476261904761,0.7159523707142857,2.1047619285714285,282.02142857142854,288.81666666666666,290.83095238095234,289.0404761904762,0.023809523809523798,0.007142857142857134,0.09047619142857138,0.44285714523809516,0.6130952292857144,0.8580952104761904,1.031666646904762,0.9083333114285713,2.1738095476190473,2.626190502380952,2.8214285952380957,2.7142857333333335
2017,51,35.75,279.8071428571429,1.0404761985714284,0.45619046976190475,1.4333333499999998,284.1857142857143,282.02142857142854,288.81666666666666,290.83095238095234,0.7190476261904761,0.023809523809523798,0.007142857142857134,0.09047619142857138,0.7159523707142857,0.6130952292857144,0.8580952104761904,1.031666646904762,2.1047619285714285,2.1738095476190473,2.626190502380952,2.8214285952380957
2017,52,24.22,278.4785714285714,0.0,0.41880951523809523,1.4071428700000002,279.8071428571429,284.1857142857143,282.02142857142854,288.81666666666666,1.0404761985714284,0.7190476261904761,0.023809523809523798,0.007142857142857134,0.45619046976190475,0.7159523707142857,0.6130952292857144,0.8580952104761904,1.4333333499999998,2.1047619285714285,2.1738095476190473,2.626190502380952
2018,1,34.55,282.5904761904762,0.0,0.5857142711904761,1.592857169047619,278.4785714285714,279.8071428571429,284.1857142857143,282.02142857142854,0.0,1.0404761985714284,0.7190476261904761,0.023809523809523798,0.41880951523809523,0.45619046976190475,0.7159523707142857,0.6130952292857144,1.4071428700000002,1.4333333499999998,2.1047619285714285,2.1738095476190473
2018,2,36.18,284.402380952381,0.0,0.5904761778571429,1.8571428833333334,282.5904761904762,278.4785714285714,279.8071428571429,284.1857142857143,0.0,0.0,1.0404761985714284,0.7190476261904761,0.5857142711904761,0.41880951523809523,0.45619046976190475,0.7159523707142857,1.592857169047619,1.4071428700000002,1.4333333499999998,2.1047619285714285
2018,3,54.93,280.20476190476194,2.459523857142857,0.5499999920476191,1.8619047857142859,284.402380952381,282.5904761904762,278.4785714285714,279.8071428571429,0.0,0.0,0.0,1.0404761985714284,0.5904761778571429,0.5857142711904761,0.41880951523809523,0.45619046976190475,1.8571428833333334,1.592857169047619,1.4071428700000002,1.4333333499999998
2018,4,46.56,280.70714285714286,0.0,0.5121428504761905,2.030952411904762,280.20476190476194,284.402380952381,282.5904761904762,278.4785714285714,2.459523857142857,0.0,0.0,0.0,0.5499999920476191,0.5904761778571429,0.5857142711904761,0.41880951523809523,1.8619047857142859,1.8571428833333334,1.592857169047619,1.4071428700000002
2018,5,40.660000000000004,283.77857142857147,0.04523809523809521,0.5473809454761905,2.114285733333333,280.70714285714286,280.20476190476194,284.402380952381,282.5904761904762,0.0,2.459523857142857,0.0,0.0,0.5121428504761905,0.5499999920476191,0.5904761778571429,0.5857142711904761,2.030952411904762,1.8619047857142859,1.8571428833333334,1.592857169047619
2018,6,42.010000000000005,280.5452380952381,0.6119047666666667,0.42214285380952377,1.7952381095238097,283.77857142857147,280.70714285714286,280.20476190476194,284.402380952381,0.04523809523809521,0.0,2.459523857142857,0.0,0.5473809454761905,0.5121428504761905,0.5499999920476191,0.5904761778571429,2.114285733333333,2.030952411904762,1.8619047857142859,1.8571428833333334
2018,7,43.92,283.8071428571429,0.4166666714285714,0.6073809449285715,2.485714295238095,280.5452380952381,283.77857142857147,280.70714285714286,280.20476190476194,0.6119047666666667,0.04523809523809521,0.0,2.459523857142857,0.42214285380952377,0.5473809454761905,0.5121428504761905,0.5499999920476191,1.7952381095238097,2.114285733333333,2.030952411904762,1.8619047857142859
2018,8,37.71,270.5714285714286,2.095238164285714,0.14166666469047615,1.0166666823809523,283.8071428571429,280.5452380952381,283.77857142857147,280.70714285714286,0.4166666714285714,0.6119047666666667,0.04523809523809521,0.0,0.6073809449285715,0.42214285380952377,0.5473809454761905,0.5121428504761905,2.485714295238095,1.7952381095238097,2.114285733333333,2.030952411904762
2018,9,45.39,286.6166666666666,0.0,0.8073809369047619,3.2047619523809523,270.5714285714286,283.8071428571429,280.5452380952381,283.77857142857147,2.095238164285714,0.4166666714285714,0.6119047666666667,0.04523809523809521,0.14166666469047615,0.6073809449285715,0.42214285380952377,0.5473809454761905,1.0166666823809523,2.485714295238095,1.7952381095238097,2.114285733333333
2018,10,52.54,283.4738095238095,0.0,0.679285708809524,2.9714286119047615,286.6166666666666,270.5714285714286,283.8071428571429,280.5452380952381,0.0,2.095238164285714,0.4166666714285714,0.6119047666666667,0.8073809369047619,0.14166666469047615,0.6073809449285715,0.42214285380952377,3.2047619523809523,1.0166666823809523,2.485714295238095,1.7952381095238097
2018,11,42.05,286.58571428571423,2.604761904761905,0.7119047540476191,2.9976190642857143,283.4738095238095,286.6166666666666,270.5714285714286,283.8071428571429,0.0,0.0,2.095238164285714,0.4166666714285714,0.679285708809524,0.8073809369047619,0.14166666469047615,0.6073809449285715,2.9714286119047615,3.2047619523809523,1.0166666823809523,2.485714295238095
2018,12,41.97,287.2428571428572,0.014285714285714284,0.7559523669047619,3.3000000261904763,286.58571428571423,283.4738095238095,286.6166666666666,270.5714285714286,2.604761904761905,0.0,0.0,2.095238164285714,0.7119047540476191,0.679285708809524,0.8073809369047619,0.14166666469047615,2.9976190642857143,2.9714286119047615,3.2047619523809523,1.0166666823809523
2018,13,36.769999999999996,282.9738095238095,4.416666740476191,0.41880951690476187,2.4000000238095236,287.2428571428572,286.58571428571423,283.4738095238095,286.6166666666666,0.014285714285714284,2.604761904761905,0.0,0.0,0.7559523669047619,0.7119047540476191,0.679285708809524,0.8073809369047619,3.3000000261904763,2.9976190642857143,2.9714286119047615,3.2047619523809523
2018,14,43.03,286.5238095238095,0.6404761985714286,0.6735714233333333,3.2428571833333333,282.9738095238095,287.2428571428572,286.58571428571423,283.4738095238095,4.416666740476191,0.014285714285714284,2.604761904761905,0.0,0.41880951690476187,0.7559523669047619,0.7119047540476191,0.679285708809524,2.4000000238095236,3.3000000261904763,2.9976190642857143,2.9714286119047615
2018,15,51.08,289.05,0.35476190714285716,0.9390476066666666,4.333333390476191,286.5238095238095,282.9738095238095,287.2428571428572,286.58571428571423,0.6404761985714286,4.416666740476191,0.014285714285714284,2.604761904761905,0.6735714233333333,0.41880951690476187,0.7559523669047619,0.7119047540476191,3.2428571833333333,2.4000000238095236,3.3000000261904763,2.9976190642857143
2018,16,52.03,286.9714285714286,1.4976190809523808,0.726190463095238,3.8928571999999995,289.05,286.5238095238095,282.9738095238095,287.2428571428572,0.35476190714285716,0.6404761985714286,4.416666740476191,0.014285714285714284,0.9390476066666666,0.6735714233333333,0.41880951690476187,0.7559523669047619,4.333333390476191,3.2428571833333333,2.4000000238095236,3.3000000261904763
2018,17,51.76,290.24047619047616,1.6214285785714282,0.9252380735714286,4.159523842857143,286.9714285714286,289.05,286.5238095238095,282.9738095238095,1.4976190809523808,0.35476190714285716,0.6404761985714286,4.416666740476191,0.726190463095238,0.9390476066666666,0.6735714233333333,0.41880951690476187,3.8928571999999995,4.333333390476191,3.2428571833333333,2.4000000238095236
2018,18,54.5,289.4547619047619,7.152381004761904,0.8328571215238095,4.014285766666666,290.24047619047616,286.9714285714286,289.05,286.5238095238095,1.6214285785714282,1.4976190809523808,0.35476190714285716,0.6404761985714286,0.9252380735714286,0.726190463095238,0.9390476066666666,0.6735714233333333,4.159523842857143,3.8928571999999995,4.333333390476191,3.2428571833333333
2018,19,74.59,293.8642857142857,0.7785714380952381,1.1238095045238097,4.983333385714286,289.4547619047619,290.24047619047616,286.9714285714286,289.05,7.152381004761904,1.6214285785714282,1.4976190809523808,0.35476190714285716,0.8328571215238095,0.9252380735714286,0.726190463095238,0.9390476066666666,4.014285766666666,4.159523842857143,3.8928571999999995,4.333333390476191
2018,20,56.86,291.002380952381,2.9809524166666663,0.772142842547619,4.14523815,293.8642857142857,289.4547619047619,290.24047619047616,286.9714285714286,0.7785714380952381,7.152381004761904,1.6214285785714282,1.4976190809523808,1.1238095045238097,0.8328571215238095,0.9252380735714286,0.726190463095238,4.983333385714286,4.014285766666666,4.159523842857143,3.8928571999999995
2018,21,91.04,299.05,0.0,1.6445237666666668,5.864285778571428,291.002380952381,293.8642857142857,289.4547619047619,290.24047619047616,2.9809524166666663,0.7785714380952381,7.152381004761904,1.6214285785714282,0.772142842547619,1.1238095045238097,0.8328571215238095,0.9252380735714286,4.14523815,4.983333385714286,4.014285766666666,4.159523842857143
2018,22,96.17,297.48333333333335,0.5047619128571429,1.4947618757142858,5.9023810404761905,299.05,291.002380952381,293.8642857142857,289.4547619047619,0.0,2.9809524166666663,0.7785714380952381,7.152381004761904,1.6445237666666668,0.772142842547619,1.1238095045238097,0.8328571215238095,5.864285778571428,4.14523815,4.983333385714286,4.014285766666666
2018,23,129.58,304.1595238095238,0.05476190476190474,2.444047588095238,7.223809569047621,297.48333333333335,299.05,291.002380952381,293.8642857142857,0.5047619128571429,0.0,2.9809524166666663,0.7785714380952381,1.4947618757142858,1.6445237666666668,0.772142842547619,1.1238095045238097,5.9023810404761905,5.864285778571428,4.14523815,4.983333385714286
2018,24,136.38,300.65476190476187,2.2761905238095235,1.8547618799999999,6.230952435714285,304.1595238095238,297.48333333333335,299.05,291.002380952381,0.05476190476190474,0.5047619128571429,0.0,2.9809524166666663,2.444047588095238,1.4947618757142858,1.6445237666666668,0.772142842547619,7.223809569047621,5.9023810404761905,5.864285778571428,4.14523815
2018,25,96.48,297.20000000000005,1.8904762476190478,1.1366666497619047,5.154761961904762,300.65476190476187,304.1595238095238,297.48333333333335,299.05,2.2761905238095235,0.05476190476190474,0.5047619128571429,0.0,1.8547618799999999,2.444047588095238,1.4947618757142858,1.6445237666666668,6.230952435714285,7.223809569047621,5.9023810404761905,5.864285778571428
2018,26,132.9,303.4452380952381,0.0,2.3078571092857145,6.850000080952381,297.20000000000005,300.65476190476187,304.1595238095238,297.48333333333335,1.8904762476190478,2.2761905238095235,0.05476190476190474,0.5047619128571429,1.1366666497619047,1.8547618799999999,2.444047588095238,1.4947618757142858,5.154761961904762,6.230952435714285,7.223809569047621,5.9023810404761905
2018,27,131.45,304.3547619047619,0.30714285952380943,2.097857135,6.633333354761905,303.4452380952381,297.20000000000005,300.65476190476187,304.1595238095238,0.0,1.8904762476190478,2.2761905238095235,0.05476190476190474,2.3078571092857145,1.1366666497619047,1.8547618799999999,2.444047588095238,6.850000080952381,5.154761961904762,6.230952435714285,7.223809569047621
2018,28,143.91,303.02142857142854,2.4023809523809523,1.8404761614285716,6.164285761904762,304.3547619047619,303.4452380952381,297.20000000000005,300.65476190476187,0.30714285952380943,0.0,1.8904762476190478,2.2761905238095235,2.097857135,2.3078571092857145,1.1366666497619047,1.8547618799999999,6.633333354761905,6.850000080952381,5.154761961904762,6.230952435714285
2018,29,125.97,304.7190476190476,1.01904765,2.1264285357142856,6.4404762333333325,303.02142857142854,304.3547619047619,303.4452380952381,297.20000000000005,2.4023809523809523,0.30714285952380943,0.0,1.8904762476190478,1.8404761614285716,2.097857135,2.3078571092857145,1.1366666497619047,6.164285761904762,6.633333354761905,6.850000080952381,5.154761961904762
2018,30,88.89,298.3214285714286,1.921428616666667,0.9297618909523809,4.776190533333334,304.7190476190476,303.02142857142854,304.3547619047619,303.4452380952381,1.01904765,2.4023809523809523,0.30714285952380943,0.0,2.1264285357142856,1.8404761614285716,2.097857135,2.3078571092857145,6.4404762333333325,6.164285761904762,6.633333354761905,6.850000080952381
2018,31,123.73,300.4785714285715,0.43809524523809523,1.569285679285714,5.538095316666667,298.3214285714286,304.7190476190476,303.02142857142854,304.3547619047619,1.921428616666667,1.01904765,2.4023809523809523,0.30714285952380943,0.9297618909523809,2.1264285357142856,1.8404761614285716,2.097857135,4.776190533333334,6.4404762333333325,6.164285761904762,6.633333354761905
2018,32,131.35,301.70000000000005,0.0,1.5235714038095238,5.69047624047619,300.4785714285715,298.3214285714286,304.7190476190476,303.02142857142854,0.43809524523809523,1.921428616666667,1.01904765,2.4023809523809523,1.569285679285714,0.9297618909523809,2.1264285357142856,1.8404761614285716,5.538095316666667,4.776190533333334,6.4404762333333325,6.164285761904762
2018,33,115.2,299.84999999999997,1.9500000690476187,1.3228571207142856,4.914285778571428,301.70000000000005,300.4785714285715,298.3214285714286,304.7190476190476,0.0,0.43809524523809523,1.921428616666667,1.01904765,1.5235714038095238,1.569285679285714,0.9297618909523809,2.1264285357142856,5.69047624047619,5.538095316666667,4.776190533333334,6.4404762333333325
2018,34,108.63,299.4547619047619,0.3380952404761905,1.5190475935714283,5.235714323809524,299.84999999999997,301.70000000000005,300.4785714285715,298.3214285714286,1.9500000690476187,0.0,0.43809524523809523,1.921428616666667,1.3228571207142856,1.5235714038095238,1.569285679285714,0.9297618909523809,4.914285778571428,5.69047624047619,5.538095316666667,4.776190533333334
2018,35,122.33,300.59285714285716,0.1261904771428571,1.7273809097619048,5.1976191119047614,299.4547619047619,299.84999999999997,301.70000000000005,300.4785714285715,0.3380952404761905,1.9500000690476187,0.0,0.43809524523809523,1.5190475935714283,1.3228571207142856,1.5235714038095238,1.569285679285714,5.235714323809524,4.914285778571428,5.69047624047619,5.538095316666667
2018,36,89.28999999999999,296.9857142857143,6.157142906666667,1.0959523497619046,4.0238095666666664,300.59285714285716,299.4547619047619,299.84999999999997,301.70000000000005,0.1261904771428571,0.3380952404761905,1.9500000690476187,0.0,1.7273809097619048,1.5190475935714283,1.3228571207142856,1.5235714038095238,5.1976191119047614,5.235714323809524,4.914285778571428,5.69047624047619
2018,37,112.53999999999999,303.78809523809525,0.0,2.327142821428571,5.983333404761905,296.9857142857143,300.59285714285716,299.4547619047619,299.84999999999997,6.157142906666667,0.1261904771428571,0.3380952404761905,1.9500000690476187,1.0959523497619046,1.7273809097619048,1.5190475935714283,1.3228571207142856,4.0238095666666664,5.1976191119047614,5.235714323809524,4.914285778571428
2018,38,107.86,300.4404761904762,1.1857142928571427,1.7859523428571427,4.730952430952381,303.78809523809525,296.9857142857143,300.59285714285716,299.4547619047619,0.0,6.157142906666667,0.1261904771428571,0.3380952404761905,2.327142821428571,1.0959523497619046,1.7273809097619048,1.5190475935714283,5.983333404761905,4.0238095666666664,5.1976191119047614,5.235714323809524
2018,39,105.16999999999999,292.54285714285714,0.0,1.0723809371428572,3.526190507142857,300.4404761904762,303.78809523809525,296.9857142857143,300.59285714285716,1.1857142928571427,0.0,6.157142906666667,0.1261904771428571,1.7859523428571427,2.327142821428571,1.0959523497619046,1.7273809097619048,4.730952430952381,5.983333404761905,4.0238095666666664,5.1976191119047614
2018,40,86.94,291.0809523809524,1.9214285857142859,0.8095237855476191,3.023809552380952,292.54285714285714,300.4404761904762,303.78809523809525,296.9857142857143,0.0,1.1857142928571427,0.0,6.157142906666667,1.0723809371428572,1.7859523428571427,2.327142821428571,1.0959523497619046,3.526190507142857,4.730952430952381,5.983333404761905,4.0238095666666664
2018,41,44.68,278.93333333333334,2.3309524071428576,0.2695238052619047,1.3666666757142858,291.0809523809524,292.54285714285714,300.4404761904762,303.78809523809525,1.9214285857142859,0.0,1.1857142928571427,0.0,0.8095237855476191,1.0723809371428572,1.7859523428571427,2.327142821428571,3.023809552380952,3.526190507142857,4.730952430952381,5.983333404761905
2018,42,41.07,288.65000000000003,0.0,0.8066666492857143,2.6476190690476193,278.93333333333334,291.0809523809524,292.54285714285714,300.4404761904762,2.3309524071428576,1.9214285857142859,0.0,1.1857142928571427,0.2695238052619047,0.8095237855476191,1.0723809371428572,1.7859523428571427,1.3666666757142858,3.023809552380952,3.526190507142857,4.730952430952381
2018,43,49.24,291.6166666666667,0.0,0.9247618842857142,2.976190497619047,288.65000000000003,278.93333333333334,291.0809523809524,292.54285714285714,0.0,2.3309524071428576,1.9214285857142859,0.0,0.8066666492857143,0.2695238052619047,0.8095237855476191,1.0723809371428572,2.6476190690476193,1.3666666757142858,3.023809552380952,3.526190507142857
2018,44,45.64,285.1547619047619,1.4023809761904762,0.6183333297619048,2.2666666904761907,291.6166666666667,288.65000000000003,278.93333333333334,291.0809523809524,0.0,0.0,2.3309524071428576,1.9214285857142859,0.9247618842857142,0.8066666492857143,0.2695238052619047,0.8095237855476191,2.976190497619047,2.6476190690476193,1.3666666757142858,3.023809552380952
2018,45,39.17,279.44047619047615,1.6642857428571427,0.427380948095238,1.5714285857142858,285.1547619047619,291.6166666666667,288.65000000000003,278.93333333333334,1.4023809761904762,0.0,0.0,2.3309524071428576,0.6183333297619048,0.9247618842857142,0.8066666492857143,0.2695238052619047,2.2666666904761907,2.976190497619047,2.6476190690476193,1.3666666757142858
2018,46,40.55,281.4309523809524,0.4571428619047619,0.5073809419523809,1.7214285880952385,279.44047619047615,285.1547619047619,291.6166666666667,288.65000000000003,1.6642857428571427,1.4023809761904762,0.0,0.0,0.427380948095238,0.6183333297619048,0.9247618842857142,0.8066666492857143,1.5714285857142858,2.2666666904761907,2.976190497619047,2.6476190690476193
2018,47,39.98,284.16190476190485,0.0,0.6519047516666667,1.9833333571428573,281.4309523809524,279.44047619047615,285.1547619047619,291.6166666666667,0.4571428619047619,1.6642857428571427,1.4023809761904762,0.0,0.5073809419523809,0.427380948095238,0.6183333297619048,0.9247618842857142,1.7214285880952385,1.5714285857142858,2.2666666904761907,2.976190497619047
2018,48,36.89,281.09761904761905,0.1357142866666666,0.45833332485714284,1.6095238304761903,284.16190476190485,281.4309523809524,279.44047619047615,285.1547619047619,0.0,0.4571428619047619,1.6642857428571427,1.4023809761904762,0.6519047516666667,0.5073809419523809,0.427380948095238,0.6183333297619048,1.9833333571428573,1.7214285880952385,1.5714285857142858,2.2666666904761907
2018,49,40.370000000000005,277.06190476190477,0.0,0.35333333042857146,1.1452381,281.09761904761905,284.16190476190485,281.4309523809524,279.44047619047615,0.1357142866666666,0.0,0.4571428619047619,1.6642857428571427,0.45833332485714284,0.6519047516666667,0.5073809419523809,0.427380948095238,1.6095238304761903,1.9833333571428573,1.7214285880952385,1.5714285857142858
2018,50,38.480000000000004,285.1690476190476,0.0,0.7749999930952381,2.33095240952381,277.06190476190477,281.09761904761905,284.16190476190485,281.4309523809524,0.0,0.1357142866666666,0.0,0.4571428619047619,0.35333333042857146,0.45833332485714284,0.6519047516666667,0.5073809419523809,1.1452381,1.6095238304761903,1.9833333571428573,1.7214285880952385
2018,51,40.27,283.6142857142857,0.0,0.6661904597619047,2.054761926666667,285.1690476190476,277.06190476190477,281.09761904761905,284.16190476190485,0.0,0.0,0.1357142866666666,0.0,0.7749999930952381,0.35333333042857146,0.45833332485714284,0.6519047516666667,2.33095240952381,1.1452381,1.6095238304761903,1.9833333571428573
2018,52,31.78,277.2,0.1404761914285714,0.3495238038095238,1.1095238266666667,283.6142857142857,285.1690476190476,277.06190476190477,281.09761904761905,0.0,0.0,0.0,0.1357142866666666,0.6661904597619047,0.7749999930952381,0.35333333042857146,0.45833332485714284,2.054761926666667,2.33095240952381,1.1452381,1.6095238304761903
2019,1,37.48,280.6809523809524,0.5857142857142857,0.5290476133571428,1.4690476333333333,277.2,283.6142857142857,285.1690476190476,277.06190476190477,0.1404761914285714,0.0,0.0,0.0,0.3495238038095238,0.6661904597619047,0.7749999930952381,0.35333333042857146,1.1095238266666667,2.054761926666667,2.33095240952381,1.1452381
2019,2,37.99,279.67380952380955,3.3571429047619046,0.4014285659523809,1.1952381009523807,280.6809523809524,277.2,283.6142857142857,285.1690476190476,0.5857142857142857,0.1404761914285714,0.0,0.0,0.5290476133571428,0.3495238038095238,0.6661904597619047,0.7749999930952381,1.4690476333333333,1.1095238266666667,2.054761926666667,2.33095240952381
2019,3,40.96,282.0690476190476,1.1071428714285714,0.5088095173809524,1.7833333595238094,279.67380952380955,280.6809523809524,277.2,283.6142857142857,3.3571429047619046,0.5857142857142857,0.1404761914285714,0.0,0.4014285659523809,0.5290476133571428,0.3495238038095238,0.6661904597619047,1.1952381009523807,1.4690476333333333,1.1095238266666667,2.054761926666667
2019,4,40.28,278.31428571428575,1.790476211904762,0.3740476133333333,1.619047638095238,282.0690476190476,279.67380952380955,280.6809523809524,277.2,1.1071428714285714,3.3571429047619046,0.5857142857142857,0.1404761914285714,0.5088095173809524,0.4014285659523809,0.5290476133571428,0.3495238038095238,1.7833333595238094,1.1952381009523807,1.4690476333333333,1.1095238266666667
2019,5,39.17,281.8833333333333,0.5761904833333332,0.5699999908095238,2.045238104761905,278.31428571428575,282.0690476190476,279.67380952380955,280.6809523809524,1.790476211904762,1.1071428714285714,3.3571429047619046,0.5857142857142857,0.3740476133333333,0.5088095173809524,0.4014285659523809,0.5290476133571428,1.619047638095238,1.7833333595238094,1.1952381009523807,1.4690476333333333
2019,6,40.06,275.84285714285716,0.9833333404761904,0.26833332976190477,1.3071428652380952,281.8833333333333,278.31428571428575,282.0690476190476,279.67380952380955,0.5761904833333332,1.790476211904762,1.1071428714285714,3.3571429047619046,0.5699999908095238,0.3740476133333333,0.5088095173809524,0.4014285659523809,2.045238104761905,1.619047638095238,1.7833333595238094,1.1952381009523807
2019,7,37.86,281.6166666666666,0.5285714476190476,0.4669047571428571,2.047619071428571,275.84285714285716,281.8833333333333,278.31428571428575,282.0690476190476,0.9833333404761904,0.5761904833333332,1.790476211904762,1.1071428714285714,0.26833332976190477,0.5699999908095238,0.3740476133333333,0.5088095173809524,1.3071428652380952,2.045238104761905,1.619047638095238,1.7833333595238094
2019,8,36.95,272.17380952380955,1.2,0.178095235547619,1.1214285819047618,281.6166666666666,275.84285714285716,281.8833333333333,278.31428571428575,0.5285714476190476,0.9833333404761904,0.5761904833333332,1.790476211904762,0.4669047571428571,0.26833332976190477,0.5699999908095238,0.3740476133333333,2.047619071428571,1.3071428652380952,2.045238104761905,1.619047638095238
2019,9,39.85,277.6571428571429,1.4928571928571428,0.31547618547619044,1.5952381166666667,272.17380952380955,281.6166666666666,275.84285714285716,281.8833333333333,1.2,0.5285714476190476,0.9833333404761904,0.5761904833333332,0.178095235547619,0.4669047571428571,0.26833332976190477,0.5699999908095238,1.1214285819047618,2.047619071428571,1.3071428652380952,2.045238104761905
2019,10,45.89,278.82142857142856,0.6357142880952381,0.31428570880952383,1.7023809666666667,277.6571428571429,272.17380952380955,281.6166666666666,275.84285714285716,1.4928571928571428,1.2,0.5285714476190476,0.9833333404761904,0.31547618547619044,0.178095235547619,0.4669047571428571,0.26833332976190477,1.5952381166666667,1.1214285819047618,2.047619071428571,1.3071428652380952
2019,11,37.9,280.98809523809524,4.604761911904762,0.3592857080952381,1.8357143,278.82142857142856,277.6571428571429,272.17380952380955,281.6166666666666,0.6357142880952381,1.4928571928571428,1.2,0.5285714476190476,0.31428570880952383,0.31547618547619044,0.178095235547619,0.4669047571428571,1.7023809666666667,1.5952381166666667,1.1214285819047618,2.047619071428571
2019,12,40.5,284.3285714285714,0.02380952380952378,0.5154761816666668,2.492857161904762,280.98809523809524,278.82142857142856,277.6571428571429,272.17380952380955,4.604761911904762,0.6357142880952381,1.4928571928571428,1.2,0.3592857080952381,0.31428570880952383,0.31547618547619044,0.178095235547619,1.8357143,1.7023809666666667,1.5952381166666667,1.1214285819047618
2019,13,38.25,285.6428571428571,1.9666666904761907,0.6659523616666666,2.938095285714286,284.3285714285714,280.98809523809524,278.82142857142856,277.6571428571429,0.02380952380952378,4.604761911904762,0.6357142880952381,1.4928571928571428,0.5154761816666668,0.3592857080952381,0.31428570880952383,0.31547618547619044,2.492857161904762,1.8357143,1.7023809666666667,1.5952381166666667
2019,14,43.42,288.91190476190474,0.0,0.8426190419047619,3.3190476476190476,285.6428571428571,284.3285714285714,280.98809523809524,278.82142857142856,1.9666666904761907,0.02380952380952378,4.604761911904762,0.6357142880952381,0.6659523616666666,0.5154761816666668,0.3592857080952381,0.31428570880952383,2.938095285714286,2.492857161904762,1.8357143,1.7023809666666667
2019,15,50.4,284.7142857142857,2.442857176190476,0.6419047459523809,3.064285738095238,288.91190476190474,285.6428571428571,284.3285714285714,280.98809523809524,0.0,1.9666666904761907,0.02380952380952378,4.604761911904762,0.8426190419047619,0.6659523616666666,0.5154761816666668,0.3592857080952381,3.3190476476190476,2.938095285714286,2.492857161904762,1.8357143
2019,16,50.519999999999996,291.647619047619,0.5000000214285715,0.9938094978571428,4.130952440476191,284.7142857142857,288.91190476190474,285.6428571428571,284.3285714285714,2.442857176190476,0.0,1.9666666904761907,0.02380952380952378,0.6419047459523809,0.8426190419047619,0.6659523616666666,0.5154761816666668,3.064285738095238,3.3190476476190476,2.938095285714286,2.492857161904762
2019,17,55.12,290.65714285714284,0.19761905476190475,0.8119047442857142,3.9404762476190474,291.647619047619,284.7142857142857,288.91190476190474,285.6428571428571,0.5000000214285715,2.442857176190476,0.0,1.9666666904761907,0.9938094978571428,0.6419047459523809,0.8426190419047619,0.6659523616666666,4.130952440476191,3.064285738095238,3.3190476476190476,2.938095285714286
2019,18,50.45,285.35476190476186,1.7880952690476188,0.601904748,3.1976190952380956,290.65714285714284,291.647619047619,284.7142857142857,288.91190476190474,0.19761905476190475,0.5000000214285715,2.442857176190476,0.0,0.8119047442857142,0.9938094978571428,0.6419047459523809,0.8426190419047619,3.9404762476190474,4.130952440476191,3.064285738095238,3.3190476476190476
2019,19,47.25,285.0833333333333,4.761904776190476,0.45499999590476187,2.9714285976190475,285.35476190476186,290.65714285714284,291.647619047619,284.7142857142857,1.7880952690476188,0.19761905476190475,0.5000000214285715,2.442857176190476,0.601904748,0.8119047442857142,0.9938094978571428,0.6419047459523809,3.1976190952380956,3.9404762476190474,4.130952440476191,3.064285738095238
2019,20,59.6,293.2095238095238,0.7785714309523811,1.1561904616666665,4.952381014285714,285.0833333333333,285.35476190476186,290.65714285714284,291.647619047619,4.761904776190476,1.7880952690476188,0.19761905476190475,0.5000000214285715,0.45499999590476187,0.601904748,0.8119047442857142,0.9938094978571428,2.9714285976190475,3.1976190952380956,3.9404762476190474,4.130952440476191
2019,21,47.089999999999996,284.82380952380953,4.188095276190476,0.500476178952381,3.123809592857143,293.2095238095238,285.0833333333333,285.35476190476186,290.65714285714284,0.7785714309523811,4.761904776190476,1.7880952690476188,0.19761905476190475,1.1561904616666665,0.45499999590476187,0.601904748,0.8119047442857142,4.952381014285714,2.9714285976190475,3.1976190952380956,3.9404762476190474
2019,22,56.17,292.00952380952384,2.20238099047619,0.8452380909523809,4.369047657142858,284.82380952380953,293.2095238095238,285.0833333333333,285.35476190476186,4.188095276190476,0.7785714309523811,4.761904776190476,1.7880952690476188,0.500476178952381,1.1561904616666665,0.45499999590476187,0.601904748,3.123809592857143,4.952381014285714,2.9714285976190475,3.1976190952380956
2019,23,70.65,296.97857142857146,2.030952410952381,1.2061904657142855,5.230952433333333,292.00952380952384,284.82380952380953,293.2095238095238,285.0833333333333,2.20238099047619,4.188095276190476,0.7785714309523811,4.761904776190476,0.8452380909523809,0.500476178952381,1.1561904616666665,0.45499999590476187,4.369047657142858,3.123809592857143,4.952381014285714,2.9714285976190475
2019,24,95.86,297.7714285714286,0.28571428571428564,1.379285688095238,5.6404762333333345,296.97857142857146,292.00952380952384,284.82380952380953,293.2095238095238,2.030952410952381,2.20238099047619,4.188095276190476,0.7785714309523811,1.2061904657142855,0.8452380909523809,0.500476178952381,1.1561904616666665,5.230952433333333,4.369047657142858,3.123809592857143,4.952381014285714
2019,25,72.7,293.31190476190477,4.1785714404761904,0.8214285602380951,4.388095276190476,297.7714285714286,296.97857142857146,292.00952380952384,284.82380952380953,0.28571428571428564,2.030952410952381,2.20238099047619,4.188095276190476,1.379285688095238,1.2061904657142855,0.8452380909523809,0.500476178952381,5.6404762333333345,5.230952433333333,4.369047657142858,3.123809592857143
2019,26,97.81,302.8119047619047,0.19999999999999996,2.133571397619048,6.447619104761905,293.31190476190477,297.7714285714286,296.97857142857146,292.00952380952384,4.1785714404761904,0.28571428571428564,2.030952410952381,2.20238099047619,0.8214285602380951,1.379285688095238,1.2061904657142855,0.8452380909523809,4.388095276190476,5.6404762333333345,5.230952433333333,4.369047657142858
2019,27,108.29,300.5809523809524,1.9214286000000003,1.3742856883333336,5.838095302380952,302.8119047619047,293.31190476190477,297.7714285714286,296.97857142857146,0.19999999999999996,4.1785714404761904,0.28571428571428564,2.030952410952381,2.133571397619048,0.8214285602380951,1.379285688095238,1.2061904657142855,6.447619104761905,4.388095276190476,5.6404762333333345,5.230952433333333
2019,28,120.82,303.27857142857147,1.4761905071428572,1.9340475833333333,6.195238173809524,300.5809523809524,302.8119047619047,293.31190476190477,297.7714285714286,1.9214286000000003,0.19999999999999996,4.1785714404761904,0.28571428571428564,1.3742856883333336,2.133571397619048,0.8214285602380951,1.379285688095238,5.838095302380952,6.447619104761905,4.388095276190476,5.6404762333333345
2019,29,122.76,304.95,4.542857150000001,2.2154761395238096,6.628571523809524,303.27857142857147,300.5809523809524,302.8119047619047,293.31190476190477,1.4761905071428572,1.9214286000000003,0.19999999999999996,4.1785714404761904,1.9340475833333333,1.3742856883333336,2.133571397619048,0.8214285602380951,6.195238173809524,5.838095302380952,6.447619104761905,4.388095276190476
2019,30,102.62,302.4428571428571,0.4428571428571429,1.637380929047619,5.516666745238094,304.95,303.27857142857147,300.5809523809524,302.8119047619047,4.542857150000001,1.4761905071428572,1.9214286000000003,0.19999999999999996,2.2154761395238096,1.9340475833333333,1.3742856883333336,2.133571397619048,6.628571523809524,6.195238173809524,5.838095302380952,6.447619104761905
2019,31,120.2,303.4857142857143,1.202380959047619,1.8933333023809522,5.861904811904762,302.4428571428571,304.95,303.27857142857147,300.5809523809524,0.4428571428571429,4.542857150000001,1.4761905071428572,1.9214286000000003,1.637380929047619,2.2154761395238096,1.9340475833333333,1.3742856883333336,5.516666745238094,6.628571523809524,6.195238173809524,5.838095302380952
2019,32,123.55,302.66190476190474,0.3690476238095239,1.7190475761904762,5.2928572,303.4857142857143,302.4428571428571,304.95,303.27857142857147,1.202380959047619,0.4428571428571429,4.542857150000001,1.4761905071428572,1.8933333023809522,1.637380929047619,2.2154761395238096,1.9340475833333333,5.861904811904762,5.516666745238094,6.628571523809524,6.195238173809524
2019,33,127.84,303.86666666666673,0.019047619047619032,2.135238069047619,6.133333426190475,302.66190476190474,303.4857142857143,302.4428571428571,304.95,0.3690476238095239,1.202380959047619,0.4428571428571429,4.542857150000001,1.7190475761904762,1.8933333023809522,1.637380929047619,2.2154761395238096,5.2928572,5.861904811904762,5.516666745238094,6.628571523809524
2019,34,120.97,303.4666666666667,1.2452381571428572,2.024523761904762,5.819047654761905,303.86666666666673,302.66190476190474,303.4857142857143,302.4428571428571,0.019047619047619032,0.3690476238095239,1.202380959047619,0.4428571428571429,2.135238069047619,1.7190475761904762,1.8933333023809522,1.637380929047619,6.133333426190475,5.2928572,5.861904811904762,5.516666745238094
2019,35,129.51,301.59285714285716,0.0,1.7816666592857144,5.311904797619047,303.4666666666667,303.86666666666673,302.66190476190474,303.4857142857143,1.2452381571428572,0.019047619047619032,0.3690476238095239,1.202380959047619,2.024523761904762,2.135238069047619,1.7190475761904762,1.8933333023809522,5.819047654761905,6.133333426190475,5.2928572,5.861904811904762
2019,36,126.47,301.5285714285714,2.2357143,1.84952379047619,5.114285769047619,301.59285714285716,303.4666666666667,303.86666666666673,302.66190476190474,0.0,1.2452381571428572,0.019047619047619032,0.3690476238095239,1.7816666592857144,2.024523761904762,2.135238069047619,1.7190475761904762,5.311904797619047,5.819047654761905,6.133333426190475,5.2928572
2019,37,103.06,299.09761904761905,0.1428571428571428,1.5588094857142856,4.661904804761904,301.5285714285714,301.59285714285716,303.4666666666667,303.86666666666673,2.2357143,0.0,1.2452381571428572,0.019047619047619032,1.84952379047619,1.7816666592857144,2.024523761904762,2.135238069047619,5.114285769047619,5.311904797619047,5.819047654761905,6.133333426190475
2019,38,121.13,299.01428571428573,0.19761904761904758,1.6273809166666666,4.933333395238095,299.09761904761905,301.5285714285714,301.59285714285716,303.4666666666667,0.1428571428571428,2.2357143,0.0,1.2452381571428572,1.5588094857142856,1.84952379047619,1.7816666592857144,2.024523761904762,4.661904804761904,5.114285769047619,5.311904797619047,5.819047654761905
2019,39,117.78,298.66190476190474,0.0,1.5638095016666667,4.700000095238096,299.01428571428573,299.09761904761905,301.5285714285714,301.59285714285716,0.19761904761904758,0.1428571428571428,2.2357143,0.0,1.6273809166666666,1.5588094857142856,1.84952379047619,1.7816666592857144,4.933333395238095,4.661904804761904,5.114285769047619,5.311904797619047
2019,40,93.47,289.76666666666665,0.697619050952381,0.8278571285714286,3.1761905142857145,298.66190476190474,299.01428571428573,299.09761904761905,301.5285714285714,0.0,0.19761904761904758,0.1428571428571428,2.2357143,1.5638095016666667,1.6273809166666666,1.5588094857142856,1.84952379047619,4.700000095238096,4.933333395238095,4.661904804761904,5.114285769047619
2019,41,64.42999999999999,289.7119047619048,1.316666688095238,1.1111904547619047,3.328571469047619,289.76666666666665,298.66190476190474,299.01428571428573,299.09761904761905,0.697619050952381,0.0,0.19761904761904758,0.1428571428571428,0.8278571285714286,1.5638095016666667,1.6273809166666666,1.5588094857142856,3.1761905142857145,4.700000095238096,4.933333395238095,4.661904804761904
2019,42,57.04,290.5357142857143,0.0,1.0897618833333331,3.4095238357142854,289.7119047619048,289.76666666666665,298.66190476190474,299.01428571428573,1.316666688095238,0.697619050952381,0.0,0.19761904761904758,1.1111904547619047,0.8278571285714286,1.5638095016666667,1.6273809166666666,3.328571469047619,3.1761905142857145,4.700000095238096,4.933333395238095
2019,43,50.66,283.06190476190477,4.609523814285715,0.5309523754761905,2.1904762071428574,290.5357142857143,289.7119047619048,289.76666666666665,298.66190476190474,0.0,1.316666688095238,0.697619050952381,0.0,1.0897618833333331,1.1111904547619047,0.8278571285714286,1.5638095016666667,3.4095238357142854,3.328571469047619,3.1761905142857145,4.700000095238096
2019,44,48.05,276.3642857142857,0.9547619047619048,0.34095237700000003,1.3761904833333334,283.06190476190477,290.5357142857143,289.7119047619048,289.76666666666665,4.609523814285715,0.0,1.316666688095238,0.697619050952381,0.5309523754761905,1.0897618833333331,1.1111904547619047,0.8278571285714286,2.1904762071428574,3.4095238357142854,3.328571469047619,3.1761905142857145
2019,45,55.41,288.9142857142857,0.48809524285714284,0.8261904614285713,2.3642857571428575,276.3642857142857,283.06190476190477,290.5357142857143,289.7119047619048,0.9547619047619048,4.609523814285715,0.0,1.316666688095238,0.34095237700000003,0.5309523754761905,1.0897618833333331,1.1111904547619047,1.3761904833333334,2.1904762071428574,3.4095238357142854,3.328571469047619
2019,46,40.93,285.8190476190476,0.01666666666666665,0.7009523683571429,2.1880952523809523,288.9142857142857,276.3642857142857,283.06190476190477,290.5357142857143,0.48809524285714284,0.9547619047619048,4.609523814285715,0.0,0.8261904614285713,0.34095237700000003,0.5309523754761905,1.0897618833333331,2.3642857571428575,1.3761904833333334,2.1904762071428574,3.4095238357142854
2019,47,43.3,283.9214285714286,2.0523809595238096,0.6007142732619047,1.9095238176190479,285.8190476190476,288.9142857142857,276.3642857142857,283.06190476190477,0.01666666666666665,0.48809524285714284,0.9547619047619048,4.609523814285715,0.7009523683571429,0.8261904614285713,0.34095237700000003,0.5309523754761905,2.1880952523809523,2.3642857571428575,1.3761904833333334,2.1904762071428574
2019,48,34.81,272.9071428571429,4.783333352380952,0.12357142628571423,0.6785714342857143,283.9214285714286,285.8190476190476,288.9142857142857,276.3642857142857,2.0523809595238096,0.01666666666666665,0.48809524285714284,0.9547619047619048,0.6007142732619047,0.7009523683571429,0.8261904614285713,0.34095237700000003,1.9095238176190479,2.1880952523809523,2.3642857571428575,1.3761904833333334
2019,49,46.22,284.25952380952384,0.37142857380952377,0.5949999919047619,1.907142876190476,272.9071428571429,283.9214285714286,285.8190476190476,288.9142857142857,4.783333352380952,2.0523809595238096,0.01666666666666665,0.48809524285714284,0.12357142628571423,0.6007142732619047,0.7009523683571429,0.8261904614285713,0.6785714342857143,1.9095238176190479,2.1880952523809523,2.3642857571428575
2019,50,40.78,278.147619047619,0.007142857142857134,0.37261904333333323,1.2738095476190476,284.25952380952384,272.9071428571429,283.9214285714286,285.8190476190476,0.37142857380952377,4.783333352380952,2.0523809595238096,0.01666666666666665,0.5949999919047619,0.12357142628571423,0.6007142732619047,0.7009523683571429,1.907142876190476,0.6785714342857143,1.9095238176190479,2.1880952523809523
2019,51,38.21,282.9904761904763,0.0,0.6819047516666666,2.061904795238095,278.147619047619,284.25952380952384,272.9071428571429,283.9214285714286,0.007142857142857134,0.37142857380952377,4.783333352380952,2.0523809595238096,0.37261904333333323,0.5949999919047619,0.12357142628571423,0.6007142732619047,1.2738095476190476,1.907142876190476,0.6785714342857143,1.9095238176190479
2019,52,35.2,279.0380952380952,0.9738095261904761,0.41785713778571426,1.1119047761904761,282.9904761904763,278.147619047619,284.25952380952384,272.9071428571429,0.0,0.007142857142857134,0.37142857380952377,4.783333352380952,0.6819047516666666,0.37261904333333323,0.5949999919047619,0.12357142628571423,2.061904795238095,1.2738095476190476,1.907142876190476,0.6785714342857143
2020,1,37.61,280.4380952380953,0.0,0.4690476119047618,1.6500000190476192,279.0380952380952,282.9904761904763,278.147619047619,284.25952380952384,0.9738095261904761,0.0,0.007142857142857134,0.37142857380952377,0.41785713778571426,0.6819047516666666,0.37261904333333323,0.5949999919047619,1.1119047761904761,2.061904795238095,1.2738095476190476,1.907142876190476
2020,2,41.03,280.4166666666667,0.0,0.4692857059523809,1.68809525,280.4380952380953,279.0380952380952,282.9904761904763,278.147619047619,0.0,0.9738095261904761,0.0,0.007142857142857134,0.4690476119047618,0.41785713778571426,0.6819047516666666,0.37261904333333323,1.6500000190476192,1.1119047761904761,2.061904795238095,1.2738095476190476
2020,3,41.4,280.60714285714283,0.0,0.44452380380952383,1.6166666857142855,280.4166666666667,280.4380952380953,279.0380952380952,282.9904761904763,0.0,0.0,0.9738095261904761,0.0,0.4692857059523809,0.4690476119047618,0.41785713778571426,0.6819047516666666,1.68809525,1.6500000190476192,1.1119047761904761,2.061904795238095
2020,4,40.42,283.0285714285714,0.0,0.5297618969047618,1.697619073809524,280.60714285714283,280.4166666666667,280.4380952380953,279.0380952380952,0.0,0.0,0.0,0.9738095261904761,0.44452380380952383,0.4692857059523809,0.4690476119047618,0.41785713778571426,1.6166666857142855,1.68809525,1.6500000190476192,1.1119047761904761
2020,5,42.09,283.5761904761905,0.23095238190476186,0.6149999933333333,2.150000038095238,283.0285714285714,280.60714285714283,280.4166666666667,280.4380952380953,0.0,0.0,0.0,0.0,0.5297618969047618,0.44452380380952383,0.4692857059523809,0.4690476119047618,1.697619073809524,1.6166666857142855,1.68809525,1.6500000190476192
2020,6,38.86,272.9595238095238,5.464285765238095,0.17452380569047612,0.9119047733333332,283.5761904761905,283.0285714285714,280.60714285714283,280.4166666666667,0.23095238190476186,0.0,0.0,0.0,0.6149999933333333,0.5297618969047618,0.44452380380952383,0.4692857059523809,2.150000038095238,1.697619073809524,1.6166666857142855,1.68809525
2020,7,40.79,278.1071428571429,1.3476190547619045,0.32571428199999997,1.500000017142857,272.9595238095238,283.5761904761905,283.0285714285714,280.60714285714283,5.464285765238095,0.23095238190476186,0.0,0.0,0.17452380569047612,0.6149999933333333,0.5297618969047618,0.44452380380952383,0.9119047733333332,2.150000038095238,1.697619073809524,1.6166666857142855
2020,8,41.4,278.70476190476194,0.6428571528571427,0.37952380071428565,1.621428604761905,278.1071428571429,272.9595238095238,283.5761904761905,283.0285714285714,1.3476190547619045,5.464285765238095,0.23095238190476186,0.0,0.32571428199999997,0.17452380569047612,0.6149999933333333,0.5297618969047618,1.500000017142857,0.9119047733333332,2.150000038095238,1.697619073809524
2020,9,41.980000000000004,279.9809523809524,0.38095238571428575,0.4740476088095238,2.2404762185714286,278.70476190476194,278.1071428571429,272.9595238095238,283.5761904761905,0.6428571528571427,1.3476190547619045,5.464285765238095,0.23095238190476186,0.37952380071428565,0.32571428199999997,0.17452380569047612,0.6149999933333333,1.621428604761905,1.500000017142857,0.9119047733333332,2.150000038095238
2020,10,41.71,288.0761904761905,0.4714285809523809,0.7899999909523809,3.100000038095238,279.9809523809524,278.70476190476194,278.1071428571429,272.9595238095238,0.38095238571428575,0.6428571528571427,1.3476190547619045,5.464285765238095,0.4740476088095238,0.37952380071428565,0.32571428199999997,0.17452380569047612,2.2404762185714286,1.621428604761905,1.500000017142857,0.9119047733333332
2020,11,50.86,284.61904761904765,0.07380952380952378,0.5404761833333334,2.450000030952381,288.0761904761905,279.9809523809524,278.70476190476194,278.1071428571429,0.4714285809523809,0.38095238571428575,0.6428571528571427,1.3476190547619045,0.7899999909523809,0.4740476088095238,0.37952380071428565,0.32571428199999997,3.100000038095238,2.2404762185714286,1.621428604761905,1.500000017142857
2020,12,39.769999999999996,281.91190476190474,4.819047652380951,0.41952380390476196,2.157142884761905,284.61904761904765,288.0761904761905,279.9809523809524,278.70476190476194,0.07380952380952378,0.4714285809523809,0.38095238571428575,0.6428571528571427,0.5404761833333334,0.7899999909523809,0.4740476088095238,0.37952380071428565,2.450000030952381,3.100000038095238,2.2404762185714286,1.621428604761905
2020,13,34.09,284.6809523809524,1.111904761904762,0.5952380862857143,3.0619047857142854,281.91190476190474,284.61904761904765,288.0761904761905,279.9809523809524,4.819047652380951,0.07380952380952378,0.4714285809523809,0.38095238571428575,0.41952380390476196,0.5404761833333334,0.7899999909523809,0.4740476088095238,2.157142884761905,2.450000030952381,3.100000038095238,2.2404762185714286
2020,14,37.22,285.3642857142857,0.45714285952380945,0.6376190371428571,3.0119047952380953,284.6809523809524,281.91190476190474,284.61904761904765,288.0761904761905,1.111904761904762,4.819047652380951,0.07380952380952378,0.4714285809523809,0.5952380862857143,0.41952380390476196,0.5404761833333334,0.7899999909523809,3.0619047857142854,2.157142884761905,2.450000030952381,3.100000038095238
2020,15,40.97,289.09761904761905,1.3595238095238098,0.9280952171428573,3.830952457142857,285.3642857142857,284.6809523809524,281.91190476190474,284.61904761904765,0.45714285952380945,1.111904761904762,4.819047652380951,0.07380952380952378,0.6376190371428571,0.5952380862857143,0.41952380390476196,0.5404761833333334,3.0119047952380953,3.0619047857142854,2.157142884761905,2.450000030952381
2020,16,45.7,279.99285714285713,3.8571429095238092,0.40499999714285706,2.445238109523809,289.09761904761905,285.3642857142857,284.6809523809524,281.91190476190474,1.3595238095238098,0.45714285952380945,1.111904761904762,4.819047652380951,0.9280952171428573,0.6376190371428571,0.5952380862857143,0.41952380390476196,3.830952457142857,3.0119047952380953,3.0619047857142854,2.157142884761905
2020,17,46.39,290.4404761904762,0.16904761999999998,0.8935714111904761,4.159523835714286,279.99285714285713,289.09761904761905,285.3642857142857,284.6809523809524,3.8571429095238092,1.3595238095238098,0.45714285952380945,1.111904761904762,0.40499999714285706,0.9280952171428573,0.6376190371428571,0.5952380862857143,2.445238109523809,3.830952457142857,3.0119047952380953,3.0619047857142854
2020,18,65.28999999999999,295.5785714285714,0.30238095476190474,1.227857117857143,4.95476199047619,290.4404761904762,279.99285714285713,289.09761904761905,285.3642857142857,0.16904761999999998,3.8571429095238092,1.3595238095238098,0.45714285952380945,0.8935714111904761,0.40499999714285706,0.9280952171428573,0.6376190371428571,4.159523835714286,2.445238109523809,3.830952457142857,3.0119047952380953
2020,19,84.14,291.1047619047619,0.023809523809523798,0.8514285607142856,4.571428628571429,295.5785714285714,290.4404761904762,279.99285714285713,289.09761904761905,0.30238095476190474,0.16904761999999998,3.8571429095238092,1.3595238095238098,1.227857117857143,0.8935714111904761,0.40499999714285706,0.9280952171428573,4.95476199047619,4.159523835714286,2.445238109523809,3.830952457142857
2020,20,93.58,292.25,1.4452381219047616,0.8585714180952381,4.340476228571428,291.1047619047619,295.5785714285714,290.4404761904762,279.99285714285713,0.023809523809523798,0.30238095476190474,0.16904761999999998,3.8571429095238092,0.8514285607142856,1.227857117857143,0.8935714111904761,0.40499999714285706,4.571428628571429,4.95476199047619,4.159523835714286,2.445238109523809
2020,21,110.72,297.8285714285715,4.188095309523809,1.514761881904762,5.98809530952381,292.25,291.1047619047619,295.5785714285714,290.4404761904762,1.4452381219047616,0.023809523809523798,0.30238095476190474,0.16904761999999998,0.8585714180952381,0.8514285607142856,1.227857117857143,0.8935714111904761,4.340476228571428,4.571428628571429,4.95476199047619,4.159523835714286
2020,22,90.63,297.352380952381,0.4238095309523809,1.2245237871428571,5.245238159523809,297.8285714285715,292.25,291.1047619047619,295.5785714285714,4.188095309523809,1.4452381219047616,0.023809523809523798,0.30238095476190474,1.514761881904762,0.8585714180952381,0.8514285607142856,1.227857117857143,5.98809530952381,4.340476228571428,4.571428628571429,4.95476199047619
2020,23,116.92,303.16190476190474,0.28333333333333327,2.0971428166666666,7.104761947619046,297.352380952381,297.8285714285715,292.25,291.1047619047619,0.4238095309523809,4.188095309523809,1.4452381219047616,0.023809523809523798,1.2245237871428571,1.514761881904762,0.8585714180952381,0.8514285607142856,5.245238159523809,5.98809530952381,4.340476228571428,4.571428628571429
2020,24,116.79,298.9452380952381,1.2761905261904762,1.6133333049999996,6.433333397619047,303.16190476190474,297.352380952381,297.8285714285715,292.25,0.28333333333333327,0.4238095309523809,4.188095309523809,1.4452381219047616,2.0971428166666666,1.2245237871428571,1.514761881904762,0.8585714180952381,7.104761947619046,5.245238159523809,5.98809530952381,4.340476228571428
2020,25,129.65,299.65714285714284,1.1428571438095239,1.745238063333333,6.504761942857144,298.9452380952381,303.16190476190474,297.352380952381,297.8285714285715,1.2761905261904762,0.28333333333333327,0.4238095309523809,4.188095309523809,1.6133333049999996,2.0971428166666666,1.2245237871428571,1.514761881904762,6.433333397619047,7.104761947619046,5.245238159523809,5.98809530952381
2020,26,116.69,301.8857142857143,2.5809524080952384,1.810238061904762,6.021428628571429,299.65714285714284,298.9452380952381,303.16190476190474,297.352380952381,1.1428571438095239,1.2761905261904762,0.28333333333333327,0.4238095309523809,1.745238063333333,1.6133333049999996,2.0971428166666666,1.2245237871428571,6.504761942857144,6.433333397619047,7.104761947619046,5.245238159523809
2020,27,127.50999999999999,302.12380952380954,0.12857142857142853,1.8952380619047622,6.535714328571429,301.8857142857143,299.65714285714284,298.9452380952381,303.16190476190474,2.5809524080952384,1.1428571438095239,1.2761905261904762,0.28333333333333327,1.810238061904762,1.745238063333333,1.6133333049999996,2.0971428166666666,6.021428628571429,6.504761942857144,6.433333397619047,7.104761947619046
2020,28,146.47,305.6928571428571,0.0,2.579761871428571,7.388095311904762,302.12380952380954,301.8857142857143,299.65714285714284,298.9452380952381,0.12857142857142853,2.5809524080952384,1.1428571438095239,1.2761905261904762,1.8952380619047622,1.810238061904762,1.745238063333333,1.6133333049999996,6.535714328571429,6.021428628571429,6.504761942857144,6.433333397619047
2020,29,128.6,302.91428571428577,0.5190476271428571,2.0228571266666666,6.364285778571428,305.6928571428571,302.12380952380954,301.8857142857143,299.65714285714284,0.0,0.12857142857142853,2.5809524080952384,1.1428571438095239,2.579761871428571,1.8952380619047622,1.810238061904762,1.745238063333333,7.388095311904762,6.535714328571429,6.021428628571429,6.504761942857144
2020,30,122.95,302.4404761904762,1.959523857142857,1.7114285464285715,5.5119048190476185,302.91428571428577,305.6928571428571,302.12380952380954,301.8857142857143,0.5190476271428571,0.0,0.12857142857142853,2.5809524080952384,2.0228571266666666,2.579761871428571,1.8952380619047622,1.810238061904762,6.364285778571428,7.388095311904762,6.535714328571429,6.021428628571429
2020,31,105.78,300.91904761904766,0.9857142952380951,1.471904739285714,5.588095302380952,302.4404761904762,302.91428571428577,305.6928571428571,302.12380952380954,1.959523857142857,0.5190476271428571,0.0,0.12857142857142853,1.7114285464285715,2.0228571266666666,2.579761871428571,1.8952380619047622,5.5119048190476185,6.364285778571428,7.388095311904762,6.535714328571429
2020,32,125.85,304.6380952380952,0.27142857142857135,2.2438094785714284,6.3333334261904755,300.91904761904766,302.4404761904762,302.91428571428577,305.6928571428571,0.9857142952380951,1.959523857142857,0.5190476271428571,0.0,1.471904739285714,1.7114285464285715,2.0228571266666666,2.579761871428571,5.588095302380952,5.5119048190476185,6.364285778571428,7.388095311904762
2020,33,144.66,304.7190476190476,0.0,2.386428538095238,6.311904833333333,304.6380952380952,300.91904761904766,302.4404761904762,302.91428571428577,0.27142857142857135,0.9857142952380951,1.959523857142857,0.5190476271428571,2.2438094785714284,1.471904739285714,1.7114285464285715,2.0228571266666666,6.3333334261904755,5.588095302380952,5.5119048190476185,6.364285778571428
2020,34,146.61,305.3904761904762,0.0,2.4190475904761906,5.847619133333333,304.7190476190476,304.6380952380952,300.91904761904766,302.4404761904762,0.0,0.27142857142857135,0.9857142952380951,1.959523857142857,2.386428538095238,2.2438094785714284,1.471904739285714,1.7114285464285715,6.311904833333333,6.3333334261904755,5.588095302380952,5.5119048190476185
2020,35,143.63,302.4595238095238,0.6714285819047618,1.83523806,5.1071429,305.3904761904762,304.7190476190476,304.6380952380952,300.91904761904766,0.0,0.0,0.27142857142857135,0.9857142952380951,2.4190475904761906,2.386428538095238,2.2438094785714284,1.471904739285714,5.847619133333333,6.311904833333333,6.3333334261904755,5.588095302380952
2020,36,126.12,302.03095238095233,0.37857142857142856,1.990238058571429,5.5571429,302.4595238095238,305.3904761904762,304.7190476190476,304.6380952380952,0.6714285819047618,0.0,0.0,0.27142857142857135,1.83523806,2.4190475904761906,2.386428538095238,2.2438094785714284,5.1071429,5.847619133333333,6.311904833333333,6.3333334261904755
2020,37,76.75,289.3738095238095,3.3690476771428575,0.9040476008095237,3.3619048119047616,302.03095238095233,302.4595238095238,305.3904761904762,304.7190476190476,0.37857142857142856,0.6714285819047618,0.0,0.0,1.990238058571429,1.83523806,2.4190475904761906,2.386428538095238,5.5571429,5.1071429,5.847619133333333,6.311904833333333
2020,38,106.48,299.41190476190474,0.0,1.783333307142857,4.976190504761905,289.3738095238095,302.03095238095233,302.4595238095238,305.3904761904762,3.3690476771428575,0.37857142857142856,0.6714285819047618,0.0,0.9040476008095237,1.990238058571429,1.83523806,2.4190475904761906,3.3619048119047616,5.5571429,5.1071429,5.847619133333333
2020,39,99.75,298.5357142857143,0.0,1.7540475928571426,4.373809604761905,299.41190476190474,289.3738095238095,302.03095238095233,302.4595238095238,0.0,3.3690476771428575,0.37857142857142856,0.6714285819047618,1.783333307142857,0.9040476008095237,1.990238058571429,1.83523806,4.976190504761905,3.3619048119047616,5.5571429,5.1071429
2020,40,96.46,293.25476190476195,0.0,1.1788095059523809,3.5500000285714286,298.5357142857143,299.41190476190474,289.3738095238095,302.03095238095233,0.0,0.0,3.3690476771428575,0.37857142857142856,1.7540475928571426,1.783333307142857,0.9040476008095237,1.990238058571429,4.373809604761905,4.976190504761905,3.3619048119047616,5.5571429
2020,41,89.93,298.6738095238095,0.0,1.813571388095238,4.452381033333333,293.25476190476195,298.5357142857143,299.41190476190474,289.3738095238095,0.0,0.0,0.0,3.3690476771428575,1.1788095059523809,1.7540475928571426,1.783333307142857,0.9040476008095237,3.5500000285714286,4.373809604761905,4.976190504761905,3.3619048119047616
2020,42,88.38,292.08809523809526,0.0,1.1326190271428571,3.6571428928571432,298.6738095238095,293.25476190476195,298.5357142857143,299.41190476190474,0.0,0.0,0.0,0.0,1.813571388095238,1.1788095059523809,1.7540475928571426,1.783333307142857,4.452381033333333,3.5500000285714286,4.373809604761905,4.976190504761905
2020,43,64.46000000000001,282.74285714285713,1.7452380952380955,0.6059523769047619,2.104761921428571,292.08809523809526,298.6738095238095,293.25476190476195,298.5357142857143,0.0,0.0,0.0,0.0,1.1326190271428571,1.813571388095238,1.1788095059523809,1.7540475928571426,3.6571428928571432,4.452381033333333,3.5500000285714286,4.373809604761905
2020,44,55.07,284.9309523809524,0.0,0.7007142762142856,2.200000023809524,282.74285714285713,292.08809523809526,298.6738095238095,293.25476190476195,1.7452380952380955,0.0,0.0,0.0,0.6059523769047619,1.1326190271428571,1.813571388095238,1.1788095059523809,2.104761921428571,3.6571428928571432,4.452381033333333,3.5500000285714286
2020,45,51.85,294.4595238095238,0.0,1.328095214285714,3.5238095476190483,284.9309523809524,282.74285714285713,292.08809523809526,298.6738095238095,0.0,1.7452380952380955,0.0,0.0,0.7007142762142856,0.6059523769047619,1.1326190271428571,1.813571388095238,2.200000023809524,2.104761921428571,3.6571428928571432,4.452381033333333
2020,46,44.42,281.51190476190476,0.6166666761904761,0.4945238056428571,1.9333333428571429,294.4595238095238,284.9309523809524,282.74285714285713,292.08809523809526,0.0,0.0,1.7452380952380955,0.0,1.328095214285714,0.7007142762142856,0.6059523769047619,1.1326190271428571,3.5238095476190483,2.200000023809524,2.104761921428571,3.6571428928571432
2020,47,44.120000000000005,287.9428571428572,0.0,0.8464285590476192,2.3142857428571433,281.51190476190476,294.4595238095238,284.9309523809524,282.74285714285713,0.6166666761904761,0.0,0.0,1.7452380952380955,0.4945238056428571,1.328095214285714,0.7007142762142856,0.6059523769047619,1.9333333428571429,3.5238095476190483,2.200000023809524,2.104761921428571
2020,48,41.43,280.81904761904764,2.6309523857142856,0.4185714240476191,1.3547619152380952,287.9428571428572,281.51190476190476,294.4595238095238,284.9309523809524,0.0,0.6166666761904761,0.0,0.0,0.8464285590476192,0.4945238056428571,1.328095214285714,0.7007142762142856,2.3142857428571433,1.9333333428571429,3.5238095476190483,2.200000023809524
2020,49,36.5,282.32142857142856,0.05000000095238095,0.59714285,1.9071428785714284,280.81904761904764,287.9428571428572,281.51190476190476,294.4595238095238,2.6309523857142856,0.0,0.6166666761904761,0.0,0.4185714240476191,0.8464285590476192,0.4945238056428571,1.328095214285714,1.3547619152380952,2.3142857428571433,1.9333333428571429,3.5238095476190483
2020,50,37.04,279.8880952380953,0.9619047714285713,0.5685714227857143,1.6333333585714287,282.32142857142856,280.81904761904764,287.9428571428572,281.51190476190476,0.05000000095238095,2.6309523857142856,0.0,0.6166666761904761,0.59714285,0.4185714240476191,0.8464285590476192,0.4945238056428571,1.9071428785714284,1.3547619152380952,2.3142857428571433,1.9333333428571429
2020,51,36.480000000000004,278.74285714285713,0.7785714547619048,0.3911904716666667,1.5261904966666666,279.8880952380953,282.32142857142856,280.81904761904764,287.9428571428572,0.9619047714285713,0.05000000095238095,2.6309523857142856,0.0,0.5685714227857143,0.59714285,0.4185714240476191,0.8464285590476192,1.6333333585714287,1.9071428785714284,1.3547619152380952,2.3142857428571433
2020,52,35.92,284.5047619047619,0.0,0.70142856,2.354761928571429,278.74285714285713,279.8880952380953,282.32142857142856,280.81904761904764,0.7785714547619048,0.9619047714285713,0.05000000095238095,2.6309523857142856,0.3911904716666667,0.5685714227857143,0.59714285,0.4185714240476191,1.5261904966666666,1.6333333585714287,1.9071428785714284,1.3547619152380952
2021,1,36.98,278.9285714285715,0.3785714309523809,0.38499999180952377,1.3404761976190478,277.70238095238096,284.5047619047619,278.74285714285713,279.8880952380953,0.6833333404761905,0.0,0.7785714547619048,0.9619047714285713,0.3383333257142857,0.70142856,0.3911904716666667,0.5685714227857143,1.2619047666666667,2.354761928571429,1.5261904966666666,1.6333333585714287
2021,2,42.68,282.14761904761906,0.0,0.5478571366666667,2.0309523952380952,278.9285714285715,277.70238095238096,284.5047619047619,278.74285714285713,0.3785714309523809,0.6833333404761905,0.0,0.7785714547619048,0.38499999180952377,0.3383333257142857,0.70142856,0.3911904716666667,1.3404761976190478,1.2619047666666667,2.354761928571429,1.5261904966666666
2021,3,45.91,279.3309523809524,0.03571428571428568,0.37119047119047616,1.285714310952381,282.14761904761906,278.9285714285715,277.70238095238096,284.5047619047619,0.0,0.3785714309523809,0.6833333404761905,0.0,0.5478571366666667,0.38499999180952377,0.3383333257142857,0.70142856,2.0309523952380952,1.3404761976190478,1.2619047666666667,2.354761928571429
2021,4,34.17,279.25,0.480952380952381,0.404999994952381,1.6333333476190475,279.3309523809524,282.14761904761906,278.9285714285715,277.70238095238096,0.03571428571428568,0.0,0.3785714309523809,0.6833333404761905,0.37119047119047616,0.5478571366666667,0.38499999180952377,0.3383333257142857,1.285714310952381,2.0309523952380952,1.3404761976190478,1.2619047666666667
2021,5,39.91,284.0285714285714,0.007142857142857134,0.6430952247619047,2.3190476357142855,279.25,279.3309523809524,282.14761904761906,278.9285714285715,0.480952380952381,0.03571428571428568,0.0,0.3785714309523809,0.404999994952381,0.37119047119047616,0.5478571366666667,0.38499999180952377,1.6333333476190475,1.285714310952381,2.0309523952380952,1.3404761976190478
2021,6,36.49,267.66190476190474,0.3095238166666666,0.10119047485714283,0.6642857247619048,284.0285714285714,279.25,279.3309523809524,282.14761904761906,0.007142857142857134,0.480952380952381,0.03571428571428568,0.0,0.6430952247619047,0.404999994952381,0.37119047119047616,0.5478571366666667,2.3190476357142855,1.6333333476190475,1.285714310952381,2.0309523952380952
2021,7,42.71,277.3595238095238,1.5095238595238094,0.30880951990476185,1.521428587142857,267.66190476190474,284.0285714285714,279.25,279.3309523809524,0.3095238166666666,0.007142857142857134,0.480952380952381,0.03571428571428568,0.10119047485714283,0.6430952247619047,0.404999994952381,0.37119047119047616,0.6642857247619048,2.3190476357142855,1.6333333476190475,1.285714310952381
2021,8,40.84,280.2904761904762,1.5428571666666666,0.4404761802857142,2.076190493809524,277.3595238095238,267.66190476190474,284.0285714285714,279.25,1.5095238595238094,0.3095238166666666,0.007142857142857134,0.480952380952381,0.30880951990476185,0.10119047485714283,0.6430952247619047,0.404999994952381,1.521428587142857,0.6642857247619048,2.3190476357142855,1.6333333476190475
2021,9,36.37,286.72857142857146,0.4071428571428572,0.7219047526190475,2.769047638095238,280.2904761904762,277.3595238095238,267.66190476190474,284.0285714285714,1.5428571666666666,1.5095238595238094,0.3095238166666666,0.007142857142857134,0.4404761802857142,0.30880951990476185,0.10119047485714283,0.6430952247619047,2.076190493809524,1.521428587142857,0.6642857247619048,2.3190476357142855
2021,10,37.78,280.6357142857143,8.697619130952381,0.4004761821428571,1.966666680952381,286.72857142857146,280.2904761904762,277.3595238095238,267.66190476190474,0.4071428571428572,1.5428571666666666,1.5095238595238094,0.3095238166666666,0.7219047526190475,0.4404761802857142,0.30880951990476185,0.10119047485714283,2.769047638095238,2.076190493809524,1.521428587142857,0.6642857247619048
2021,11,36.58,282.21666666666664,2.088095285714286,0.45714284904761904,2.3952381166666665,280.6357142857143,286.72857142857146,280.2904761904762,277.3595238095238,8.697619130952381,0.4071428571428572,1.5428571666666666,1.5095238595238094,0.4004761821428571,0.7219047526190475,0.4404761802857142,0.30880951990476185,1.966666680952381,2.769047638095238,2.076190493809524,1.521428587142857
2021,12,39.08,280.74047619047616,0.7404761976190476,0.3928571376190475,2.230952414285714,282.21666666666664,280.6357142857143,286.72857142857146,280.2904761904762,2.088095285714286,8.697619130952381,0.4071428571428572,1.5428571666666666,0.45714284904761904,0.4004761821428571,0.7219047526190475,0.4404761802857142,2.3952381166666665,1.966666680952381,2.769047638095238,2.076190493809524
2021,13,39.19,290.21190476190475,0.8523809523809524,1.0347618895238095,3.800000030952381,280.74047619047616,282.21666666666664,280.6357142857143,286.72857142857146,0.7404761976190476,2.088095285714286,8.697619130952381,0.4071428571428572,0.3928571376190475,0.45714284904761904,0.4004761821428571,0.7219047526190475,2.230952414285714,2.3952381166666665,1.966666680952381,2.769047638095238
2021,14,42.35,288.1785714285714,0.4952380999999999,0.7776190378571428,3.7833333547619046,290.21190476190475,280.74047619047616,282.21666666666664,280.6357142857143,0.8523809523809524,0.7404761976190476,2.088095285714286,8.697619130952381,1.0347618895238095,0.3928571376190475,0.45714284904761904,0.4004761821428571,3.800000030952381,2.230952414285714,2.3952381166666665,1.966666680952381
2021,15,39.46,277.3571428571429,3.1880952400000004,0.23404761690476186,1.9857143047619046,288.1785714285714,290.21190476190475,280.74047619047616,282.21666666666664,0.4952380999999999,0.8523809523809524,0.7404761976190476,2.088095285714286,0.7776190378571428,1.0347618895238095,0.3928571376190475,0.45714284904761904,3.7833333547619046,3.800000030952381,2.230952414285714,2.3952381166666665
2021,16,41.28,282.07619047619045,2.4285714309523807,0.49047618347619043,2.850000023809524,277.3571428571429,288.1785714285714,290.21190476190475,280.74047619047616,3.1880952400000004,0.4952380999999999,0.8523809523809524,0.7404761976190476,0.23404761690476186,0.7776190378571428,1.0347618895238095,0.3928571376190475,1.9857143047619046,3.7833333547619046,3.800000030952381,2.230952414285714
2021,17,46.83,292.57380952380953,6.719047669999999,0.9971428438095239,4.335714335714286,282.07619047619045,277.3571428571429,288.1785714285714,290.21190476190475,2.4285714309523807,3.1880952400000004,0.4952380999999999,0.8523809523809524,0.49047618347619043,0.23404761690476186,0.7776190378571428,1.0347618895238095,2.850000023809524,1.9857143047619046,3.7833333547619046,3.800000030952381
2021,18,44.32,288.3285714285714,3.11190479,0.6914285571428572,3.6738095690476196,292.57380952380953,282.07619047619045,277.3571428571429,288.1785714285714,6.719047669999999,2.4285714309523807,3.1880952400000004,0.4952380999999999,0.9971428438095239,0.49047618347619043,0.23404761690476186,0.7776190378571428,4.335714335714286,2.850000023809524,1.9857143047619046,3.7833333547619046
2021,19,41.71,287.18571428571425,1.7404762257142858,0.5071428514523809,3.319047654761905,288.3285714285714,292.57380952380953,282.07619047619045,277.3571428571429,3.11190479,6.719047669999999,2.4285714309523807,3.1880952400000004,0.6914285571428572,0.9971428438095239,0.49047618347619043,0.23404761690476186,3.6738095690476196,4.335714335714286,2.850000023809524,1.9857143047619046
2021,20,48.61,293.41904761904766,4.55952385952381,0.8647618976190476,4.850000049999999,287.18571428571425,288.3285714285714,292.57380952380953,282.07619047619045,1.7404762257142858,3.11190479,6.719047669999999,2.4285714309523807,0.5071428514523809,0.6914285571428572,0.9971428438095239,0.49047618347619043,3.319047654761905,3.6738095690476196,4.335714335714286,2.850000023809524
2021,21,69.5,294.45476190476194,3.276190523809524,1.090476169047619,4.8595238738095246,293.41904761904766,287.18571428571425,288.3285714285714,292.57380952380953,4.55952385952381,1.7404762257142858,3.11190479,6.719047669999999,0.8647618976190476,0.5071428514523809,0.6914285571428572,0.9971428438095239,4.850000049999999,3.319047654761905,3.6738095690476196,4.335714335714286
2021,22,77.05,297.2738095238095,0.8666666719047619,1.272380930952381,4.980952452380952,294.45476190476194,293.41904761904766,287.18571428571425,288.3285714285714,3.276190523809524,4.55952385952381,1.7404762257142858,3.11190479,1.090476169047619,0.8647618976190476,0.5071428514523809,0.6914285571428572,4.8595238738095246,4.850000049999999,3.319047654761905,3.6738095690476196
2021,23,123.74,302.54285714285714,0.0,1.9319047214285714,6.888095323809523,297.2738095238095,294.45476190476194,293.41904761904766,287.18571428571425,0.8666666719047619,3.276190523809524,4.55952385952381,1.7404762257142858,1.272380930952381,1.090476169047619,0.8647618976190476,0.5071428514523809,4.980952452380952,4.8595238738095246,4.850000049999999,3.319047654761905
2021,24,140.10999999999999,304.45476190476194,0.8880952461904762,2.2576190095238093,6.697619097619049,302.54285714285714,297.2738095238095,294.45476190476194,293.41904761904766,0.0,0.8666666719047619,3.276190523809524,4.55952385952381,1.9319047214285714,1.272380930952381,1.090476169047619,0.8647618976190476,6.888095323809523,4.980952452380952,4.8595238738095246,4.850000049999999
2021,25,110.58,297.75714285714287,6.31904767095238,1.318333310952381,5.085714338095238,304.45476190476194,302.54285714285714,297.2738095238095,294.45476190476194,0.8880952461904762,0.0,0.8666666719047619,3.276190523809524,2.2576190095238093,1.9319047214285714,1.272380930952381,1.090476169047619,6.697619097619049,6.888095323809523,4.980952452380952,4.8595238738095246
2021,26,86.63,298.36190476190484,1.7119048104761905,1.0845237897619047,4.99047624047619,297.75714285714287,304.45476190476194,302.54285714285714,297.2738095238095,6.31904767095238,0.8880952461904762,0.0,0.8666666719047619,1.318333310952381,2.2576190095238093,1.9319047214285714,1.272380930952381,5.085714338095238,6.697619097619049,6.888095323809523,4.980952452380952
2021,27,122.57,302.42380952380955,0.4404761976190476,1.6497618757142856,6.069047654761905,298.36190476190484,297.75714285714287,304.45476190476194,302.54285714285714,1.7119048104761905,6.31904767095238,0.8880952461904762,0.0,1.0845237897619047,1.318333310952381,2.2576190095238093,1.9319047214285714,4.99047624047619,5.085714338095238,6.697619097619049,6.888095323809523
2021,28,117.86,301.5142857142857,0.4952380976190476,1.673095215952381,5.928571492857144,302.42380952380955,298.36190476190484,297.75714285714287,304.45476190476194,0.4404761976190476,1.7119048104761905,6.31904767095238,0.8880952461904762,1.6497618757142856,1.0845237897619047,1.318333310952381,2.2576190095238093,6.069047654761905,4.99047624047619,5.085714338095238,6.697619097619049
2021,29,131.3,304.3547619047619,0.7976190500000001,1.874047592857143,6.1095238809523815,301.5142857142857,302.42380952380955,298.36190476190484,297.75714285714287,0.4952380976190476,0.4404761976190476,1.7119048104761905,6.31904767095238,1.673095215952381,1.6497618757142856,1.0845237897619047,1.318333310952381,5.928571492857144,6.069047654761905,4.99047624047619,5.085714338095238
2021,30,133.76,302.5833333333333,2.2404762452380953,1.7035713942857142,5.640476226190476,304.3547619047619,301.5142857142857,302.42380952380955,298.36190476190484,0.7976190500000001,0.4952380976190476,0.4404761976190476,1.7119048104761905,1.874047592857143,1.673095215952381,1.6497618757142856,1.0845237897619047,6.1095238809523815,5.928571492857144,6.069047654761905,4.99047624047619
2021,31,111.85000000000001,300.84999999999997,1.6571428819047618,1.590476161904762,5.473809602380952,302.5833333333333,304.3547619047619,301.5142857142857,302.42380952380955,2.2404762452380953,0.7976190500000001,0.4952380976190476,0.4404761976190476,1.7035713942857142,1.874047592857143,1.673095215952381,1.6497618757142856,5.640476226190476,6.1095238809523815,5.928571492857144,6.069047654761905
2021,32,133.28,303.1452380952381,0.009523809523809516,2.0038094904761907,5.854761969047619,300.84999999999997,302.5833333333333,304.3547619047619,301.5142857142857,1.6571428819047618,2.2404762452380953,0.7976190500000001,0.4952380976190476,1.590476161904762,1.7035713942857142,1.874047592857143,1.673095215952381,5.473809602380952,5.640476226190476,6.1095238809523815,5.928571492857144
2021,33,124.33,300.9357142857143,2.238095264285714,1.6290475892857144,5.404761935714286,303.1452380952381,300.84999999999997,302.5833333333333,304.3547619047619,0.009523809523809516,1.6571428819047618,2.2404762452380953,0.7976190500000001,2.0038094904761907,1.590476161904762,1.7035713942857142,1.874047592857143,5.854761969047619,5.473809602380952,5.640476226190476,6.1095238809523815
2021,34,132.7,301.54761904761904,0.026190476190476167,1.7080952133333334,5.247619090476191,300.9357142857143,303.1452380952381,300.84999999999997,302.5833333333333,2.238095264285714,0.009523809523809516,1.6571428819047618,2.2404762452380953,1.6290475892857144,2.0038094904761907,1.590476161904762,1.7035713942857142,5.404761935714286,5.854761969047619,5.473809602380952,5.640476226190476
2021,35,120.86,301.48809523809524,0.24523809761904758,1.8052380633333334,5.035714342857143,301.54761904761904,300.9357142857143,303.1452380952381,300.84999999999997,0.026190476190476167,2.238095264285714,0.009523809523809516,1.6571428819047618,1.7080952133333334,1.6290475892857144,2.0038094904761907,1.590476161904762,5.247619090476191,5.404761935714286,5.854761969047619,5.473809602380952
2021,36,132.52,304.2142857142857,0.07380952380952377,2.4321428285714286,5.376190554761905,301.48809523809524,301.54761904761904,300.9357142857143,303.1452380952381,0.24523809761904758,0.026190476190476167,2.238095264285714,0.009523809523809516,1.8052380633333334,1.7080952133333334,1.6290475892857144,2.0038094904761907,5.035714342857143,5.247619090476191,5.404761935714286,5.854761969047619
2021,37,122.72,300.67619047619047,0.09047619047619045,1.763809487857143,5.130952457142857,304.2142857142857,301.48809523809524,301.54761904761904,300.9357142857143,0.07380952380952377,0.24523809761904758,0.026190476190476167,2.238095264285714,2.4321428285714286,1.8052380633333334,1.7080952133333334,1.6290475892857144,5.376190554761905,5.035714342857143,5.247619090476191,5.404761935714286
2021,38,114.4,296.7857142857143,0.2428571428571428,1.5083333035714281,4.150000061904762,300.67619047619047,304.2142857142857,301.48809523809524,301.54761904761904,0.09047619047619045,0.07380952380952377,0.24523809761904758,0.026190476190476167,1.763809487857143,2.4321428285714286,1.8052380633333334,1.7080952133333334,5.130952457142857,5.376190554761905,5.035714342857143,5.247619090476191
2021,39,92.96,294.595238095238,1.2976190714285714,1.1673809404761906,3.3904762238095234,296.7857142857143,300.67619047619047,304.2142857142857,301.48809523809524,0.2428571428571428,0.09047619047619045,0.07380952380952377,0.24523809761904758,1.5083333035714281,1.763809487857143,2.4321428285714286,1.8052380633333334,4.150000061904762,5.130952457142857,5.376190554761905,5.035714342857143
2021,40,91.89999999999999,295.8452380952381,0.0,1.342380940238095,3.757142888095238,294.595238095238,296.7857142857143,300.67619047619047,304.2142857142857,1.2976190714285714,0.2428571428571428,0.09047619047619045,0.07380952380952377,1.1673809404761906,1.5083333035714281,1.763809487857143,2.4321428285714286,3.3904762238095234,4.150000061904762,5.130952457142857,5.376190554761905
2021,41,64.65,287.9071428571429,0.5500000023809523,0.8152380847619048,2.6880952476190476,295.8452380952381,294.595238095238,296.7857142857143,300.67619047619047,0.0,1.2976190714285714,0.2428571428571428,0.09047619047619045,1.342380940238095,1.1673809404761906,1.5083333035714281,1.763809487857143,3.757142888095238,3.3904762238095234,4.150000061904762,5.130952457142857
2021,42,61.78,291.4142857142857,0.0,1.052380937380952,2.947619057142857,287.9071428571429,295.8452380952381,294.595238095238,296.7857142857143,0.5500000023809523,0.0,1.2976190714285714,0.2428571428571428,0.8152380847619048,1.342380940238095,1.1673809404761906,1.5083333035714281,2.6880952476190476,3.757142888095238,3.3904762238095234,4.150000061904762
2021,43,54.41,289.3071428571429,0.17142857476190473,0.8597618945238096,2.9595238214285717,291.4142857142857,287.9071428571429,295.8452380952381,294.595238095238,0.0,0.5500000023809523,0.0,1.2976190714285714,1.052380937380952,0.8152380847619048,1.342380940238095,1.1673809404761906,2.947619057142857,2.6880952476190476,3.757142888095238,3.3904762238095234
2021,44,52.24,288.78333333333336,0.11428571428571423,0.9035714185714286,2.300000017619048,289.3071428571429,291.4142857142857,287.9071428571429,295.8452380952381,0.17142857476190473,0.0,0.5500000023809523,0.0,0.8597618945238096,1.052380937380952,0.8152380847619048,1.342380940238095,2.9595238214285717,2.947619057142857,2.6880952476190476,3.757142888095238
2021,45,49.99,286.09761904761905,0.0,0.63666666,2.2904762142857145,288.78333333333336,289.3071428571429,291.4142857142857,287.9071428571429,0.11428571428571423,0.17142857476190473,0.0,0.5500000023809523,0.9035714185714286,0.8597618945238096,1.052380937380952,0.8152380847619048,2.300000017619048,2.9595238214285717,2.947619057142857,2.6880952476190476
2021,46,51.66,286.94523809523815,0.0,0.8119047547619047,2.4452381142857145,286.09761904761905,288.78333333333336,289.3071428571429,291.4142857142857,0.0,0.11428571428571423,0.17142857476190473,0.0,0.63666666,0.9035714185714286,0.8597618945238096,1.052380937380952,2.2904762142857145,2.300000017619048,2.9595238214285717,2.947619057142857
2021,47,44.59,288.3880952380952,0.3476190547619047,0.8885714152380952,2.623809545238095,286.94523809523815,286.09761904761905,288.78333333333336,289.3071428571429,0.0,0.0,0.11428571428571423,0.17142857476190473,0.8119047547619047,0.63666666,0.9035714185714286,0.8597618945238096,2.4452381142857145,2.2904762142857145,2.300000017619048,2.9595238214285717
2021,48,46.25,291.8404761904762,0.0,1.1045237752380952,2.56666669047619,288.3880952380952,286.94523809523815,286.09761904761905,288.78333333333336,0.3476190547619047,0.0,0.0,0.11428571428571423,0.8885714152380952,0.8119047547619047,0.63666666,0.9035714185714286,2.623809545238095,2.4452381142857145,2.2904762142857145,2.300000017619048
2021,49,43.03,283.05,0.03333333333333332,0.6030952284285714,1.9714285952380954,291.8404761904762,288.3880952380952,286.94523809523815,286.09761904761905,0.0,0.3476190547619047,0.0,0.0,1.1045237752380952,0.8885714152380952,0.8119047547619047,0.63666666,2.56666669047619,2.623809545238095,2.4452381142857145,2.2904762142857145
2021,50,40.55,284.52142857142854,0.0,0.7226190409523809,2.304761938095238,283.05,291.8404761904762,288.3880952380952,286.94523809523815,0.03333333333333332,0.0,0.3476190547619047,0.0,0.6030952284285714,1.1045237752380952,0.8885714152380952,0.8119047547619047,1.9714285952380954,2.56666669047619,2.623809545238095,2.4452381142857145
2021,51,44.2,287.1119047619048,0.0,0.8516666461904762,2.7785714476190475,284.52142857142854,283.05,291.8404761904762,288.3880952380952,0.0,0.03333333333333332,0.0,0.3476190547619047,0.7226190409523809,0.6030952284285714,1.1045237752380952,0.8885714152380952,2.304761938095238,1.9714285952380954,2.56666669047619,2.623809545238095
2021,52,34.64,275.63095238095235,0.6428571500000001,0.3023809471428571,1.2428571561904762,287.1119047619048,284.52142857142854,283.05,291.8404761904762,0.0,0.0,0.03333333333333332,0.0,0.8516666461904762,0.7226190409523809,0.6030952284285714,1.1045237752380952,2.7785714476190475,2.304761938095238,1.9714285952380954,2.56666669047619
2022,1,35.71,279.76190476190476,1.9785714999999995,0.38761904247619045,1.4976190642857141,275.63095238095235,287.1119047619048,284.52142857142854,283.05,0.6428571500000001,0.0,0.0,0.03333333333333332,0.3023809471428571,0.8516666461904762,0.7226190409523809,0.6030952284285714,1.2428571561904762,2.7785714476190475,2.304761938095238,1.9714285952380954
2022,2,39.68,285.1714285714286,0.9738095238095236,0.7016666507142856,2.250000019047619,279.76190476190476,275.63095238095235,287.1119047619048,284.52142857142854,1.9785714999999995,0.6428571500000001,0.0,0.0,0.38761904247619045,0.3023809471428571,0.8516666461904762,0.7226190409523809,1.4976190642857141,1.2428571561904762,2.7785714476190475,2.304761938095238
2022,3,40.21,278.7047619047619,0.9928571528571428,0.3630952345238095,1.3333333500000002,285.1714285714286,279.76190476190476,275.63095238095235,287.1119047619048,0.9738095238095236,1.9785714999999995,0.6428571500000001,0.0,0.7016666507142856,0.38761904247619045,0.3023809471428571,0.8516666461904762,2.250000019047619,1.4976190642857141,1.2428571561904762,2.7785714476190475
2022,4,39.34,279.12142857142857,2.466666733333333,0.4466666569047619,1.583333338095238,278.7047619047619,285.1714285714286,279.76190476190476,275.63095238095235,0.9928571528571428,0.9738095238095236,1.9785714999999995,0.6428571500000001,0.3630952345238095,0.7016666507142856,0.38761904247619045,0.3023809471428571,1.3333333500000002,2.250000019047619,1.4976190642857141,1.2428571561904762
2022,5,40.8,275.45,1.9333333590476192,0.33714285357142854,1.4285714380952381,279.12142857142857,278.7047619047619,285.1714285714286,279.76190476190476,2.466666733333333,0.9928571528571428,0.9738095238095236,1.9785714999999995,0.4466666569047619,0.3630952345238095,0.7016666507142856,0.38761904247619045,1.583333338095238,1.3333333500000002,2.250000019047619,1.4976190642857141
2022,6,43.43,282.8619047619048,1.883333357142857,0.5407142763333334,2.214285728571428,275.45,279.12142857142857,278.7047619047619,285.1714285714286,1.9333333590476192,2.466666733333333,0.9928571528571428,0.9738095238095236,0.33714285357142854,0.4466666569047619,0.3630952345238095,0.7016666507142856,1.4285714380952381,1.583333338095238,1.3333333500000002,2.250000019047619
2022,7,38.2,282.6642857142857,1.9119047619047616,0.5661904684285715,2.235714302380952,282.8619047619048,275.45,279.12142857142857,278.7047619047619,1.883333357142857,1.9333333590476192,2.466666733333333,0.9928571528571428,0.5407142763333334,0.33714285357142854,0.4466666569047619,0.3630952345238095,2.214285728571428,1.4285714380952381,1.583333338095238,1.3333333500000002
2022,8,39.69,272.7976190476191,1.352380961904762,0.2669047576190476,1.3333333376190477,282.6642857142857,282.8619047619048,275.45,279.12142857142857,1.9119047619047616,1.883333357142857,1.9333333590476192,2.466666733333333,0.5661904684285715,0.5407142763333334,0.33714285357142854,0.4466666569047619,2.235714302380952,2.214285728571428,1.4285714380952381,1.583333338095238
2022,9,42.88,286.1904761904762,1.3690476261904763,0.7966666478571428,2.5690476309523813,272.7976190476191,282.6642857142857,282.8619047619048,275.45,1.352380961904762,1.9119047619047616,1.883333357142857,1.9333333590476192,0.2669047576190476,0.5661904684285715,0.5407142763333334,0.33714285357142854,1.3333333376190477,2.235714302380952,2.214285728571428,1.4285714380952381
2022,10,39.17,275.85476190476186,0.48095238095238096,0.31999999199999996,1.7476190609523812,286.1904761904762,272.7976190476191,282.6642857142857,282.8619047619048,1.3690476261904763,1.352380961904762,1.9119047619047616,1.883333357142857,0.7966666478571428,0.2669047576190476,0.5661904684285715,0.5407142763333334,2.5690476309523813,1.3333333376190477,2.235714302380952,2.214285728571428
2022,11,43.66,285.28809523809525,4.171428585714286,0.6121428473809524,2.730952402380952,275.85476190476186,286.1904761904762,272.7976190476191,282.6642857142857,0.48095238095238096,1.3690476261904763,1.352380961904762,1.9119047619047616,0.31999999199999996,0.7966666478571428,0.2669047576190476,0.5661904684285715,1.7476190609523812,2.5690476309523813,1.3333333376190477,2.235714302380952
2022,12,38.1,287.2452380952381,0.3404761952380952,0.7764285534285714,3.478571461904762,285.28809523809525,275.85476190476186,286.1904761904762,272.7976190476191,4.171428585714286,0.48095238095238096,1.3690476261904763,1.352380961904762,0.6121428473809524,0.31999999199999996,0.7966666478571428,0.2669047576190476,2.730952402380952,1.7476190609523812,2.5690476309523813,1.3333333376190477
2022,13,40.1,287.4619047619048,1.3357142857142856,0.742142845952381,3.2190476547619045,287.2452380952381,285.28809523809525,275.85476190476186,286.1904761904762,0.3404761952380952,4.171428585714286,0.48095238095238096,1.3690476261904763,0.7764285534285714,0.6121428473809524,0.31999999199999996,0.7966666478571428,3.478571461904762,2.730952402380952,1.7476190609523812,2.5690476309523813
2022,14,50.5,287.55952380952385,0.6380952380952382,0.8157142783333334,4.061904792857143,287.4619047619048,287.2452380952381,285.28809523809525,275.85476190476186,1.3357142857142856,0.3404761952380952,4.171428585714286,0.48095238095238096,0.742142845952381,0.7764285534285714,0.6121428473809524,0.31999999199999996,3.2190476547619045,3.478571461904762,2.730952402380952,1.7476190609523812
2022,15,49.459999999999994,285.502380952381,0.10714285714285714,0.6476190311904763,3.5500000166666665,287.55952380952385,287.4619047619048,287.2452380952381,285.28809523809525,0.6380952380952382,1.3357142857142856,0.3404761952380952,4.171428585714286,0.8157142783333334,0.742142845952381,0.7764285534285714,0.6121428473809524,4.061904792857143,3.2190476547619045,3.478571461904762,2.730952402380952
2022,16,67.46000000000001,292.59523809523813,0.2690476214285714,1.1264285495238096,4.911904833333334,285.502380952381,287.55952380952385,287.4619047619048,287.2452380952381,0.10714285714285714,0.6380952380952382,1.3357142857142856,0.3404761952380952,0.6476190311904763,0.8157142783333334,0.742142845952381,0.7764285534285714,3.5500000166666665,4.061904792857143,3.2190476547619045,3.478571461904762
2022,17,70.1,290.9285714285714,0.5476190476190476,1.0197618823809524,4.5166667190476195,292.59523809523813,285.502380952381,287.55952380952385,287.4619047619048,0.2690476214285714,0.10714285714285714,0.6380952380952382,1.3357142857142856,1.1264285495238096,0.6476190311904763,0.8157142783333334,0.742142845952381,4.911904833333334,3.5500000166666665,4.061904792857143,3.2190476547619045
2022,18,75.76,290.55476190476196,1.5714285866666664,0.9023809301428573,4.521428611904763,290.9285714285714,292.59523809523813,285.502380952381,287.55952380952385,0.5476190476190476,0.2690476214285714,0.10714285714285714,0.6380952380952382,1.0197618823809524,1.1264285495238096,0.6476190311904763,0.8157142783333334,4.5166667190476195,4.911904833333334,3.5500000166666665,4.061904792857143
2022,19,100.12,296.0476190476191,0.0,1.4411904635714288,6.035714328571427,290.55476190476196,290.9285714285714,292.59523809523813,285.502380952381,1.5714285866666664,0.5476190476190476,0.2690476214285714,0.10714285714285714,0.9023809301428573,1.0197618823809524,1.1264285495238096,0.6476190311904763,4.521428611904763,4.5166667190476195,4.911904833333334,3.5500000166666665
2022,20,65.21,292.0928571428571,4.073809549523809,1.1404761752380952,4.60238098095238,296.0476190476191,290.55476190476196,290.9285714285714,292.59523809523813,0.0,1.5714285866666664,0.5476190476190476,0.2690476214285714,1.4411904635714288,0.9023809301428573,1.0197618823809524,1.1264285495238096,6.035714328571427,4.521428611904763,4.5166667190476195,4.911904833333334
2022,21,72.98,294.7785714285714,1.0166666761904761,1.2607142654761903,5.409523854761904,292.0928571428571,296.0476190476191,290.55476190476196,290.9285714285714,4.073809549523809,0.0,1.5714285866666664,0.5476190476190476,1.1404761752380952,1.4411904635714288,0.9023809301428573,1.0197618823809524,4.60238098095238,6.035714328571427,4.521428611904763,4.5166667190476195
2022,22,72.65,292.48809523809524,4.857142857142857,0.8661904595238096,4.511904814285715,294.7785714285714,292.0928571428571,296.0476190476191,290.55476190476196,1.0166666761904761,4.073809549523809,0.0,1.5714285866666664,1.2607142654761903,1.1404761752380952,1.4411904635714288,0.9023809301428573,5.409523854761904,4.60238098095238,6.035714328571427,4.521428611904763
2022,23,93.0,301.1952380952381,1.5619047857142856,1.7471428269047617,5.961904819047619,292.48809523809524,294.7785714285714,292.0928571428571,296.0476190476191,4.857142857142857,1.0166666761904761,4.073809549523809,0.0,0.8661904595238096,1.2607142654761903,1.1404761752380952,1.4411904635714288,4.511904814285715,5.409523854761904,4.60238098095238,6.035714328571427
2022,24,110.17,303.0571428571429,0.16428571428571426,2.081190435714286,7.176190588095238,301.1952380952381,292.48809523809524,294.7785714285714,292.0928571428571,1.5619047857142856,4.857142857142857,1.0166666761904761,4.073809549523809,1.7471428269047617,0.8661904595238096,1.2607142654761903,1.1404761752380952,5.961904819047619,4.511904814285715,5.409523854761904,4.60238098095238
2022,25,109.5,298.0309523809524,0.8857142938095238,1.4711904542857142,5.790476247619048,303.0571428571429,301.1952380952381,292.48809523809524,294.7785714285714,0.16428571428571426,1.5619047857142856,4.857142857142857,1.0166666761904761,2.081190435714286,1.7471428269047617,0.8661904595238096,1.2607142654761903,7.176190588095238,5.961904819047619,4.511904814285715,5.409523854761904
2022,26,108.84,301.3428571428571,1.1738095257142858,1.7207142500000001,5.811904861904762,298.0309523809524,303.0571428571429,301.1952380952381,292.48809523809524,0.8857142938095238,0.16428571428571426,1.5619047857142856,4.857142857142857,1.4711904542857142,2.081190435714286,1.7471428269047617,0.8661904595238096,5.790476247619048,7.176190588095238,5.961904819047619,4.511904814285715
2022,27,117.42,304.2452380952381,0.9190476271428573,2.0157142619047623,6.154761976190476,301.3428571428571,298.0309523809524,303.0571428571429,301.1952380952381,1.1738095257142858,0.8857142938095238,0.16428571428571426,1.5619047857142856,1.7207142500000001,1.4711904542857142,2.081190435714286,1.7471428269047617,5.811904861904762,5.790476247619048,7.176190588095238,5.961904819047619
2022,28,126.96,304.22857142857146,0.6095238095238095,2.1033333071428575,6.007142907142857,304.2452380952381,301.3428571428571,298.0309523809524,303.0571428571429,0.9190476271428573,1.1738095257142858,0.8857142938095238,0.16428571428571426,2.0157142619047623,1.7207142500000001,1.4711904542857142,2.081190435714286,6.154761976190476,5.811904861904762,5.790476247619048,7.176190588095238
2022,29,124.14,304.83809523809526,2.1023809714285715,2.2530952183333337,6.290476254761905,304.22857142857146,304.2452380952381,301.3428571428571,298.0309523809524,0.6095238095238095,0.9190476271428573,1.1738095257142858,0.8857142938095238,2.1033333071428575,2.0157142619047623,1.7207142500000001,1.4711904542857142,6.007142907142857,6.154761976190476,5.811904861904762,5.790476247619048
2022,30,102.19200000000001,300.652380952381,3.3333333333333335,1.2707142683333332,5.092857192857143,304.83809523809526,304.22857142857146,304.2452380952381,301.3428571428571,2.1023809714285715,0.6095238095238095,0.9190476271428573,1.1738095257142858,2.2530952183333337,2.1033333071428575,2.0157142619047623,1.7207142500000001,6.290476254761905,6.007142907142857,6.154761976190476,5.811904861904762
2022,31,128.19,304.3190476190476,1.188095238095238,1.9409523547619048,5.926190526190475,300.652380952381,304.83809523809526,304.22857142857146,304.2452380952381,3.3333333333333335,2.1023809714285715,0.6095238095238095,0.9190476271428573,1.2707142683333332,2.2530952183333337,2.1033333071428575,2.0157142619047623,5.092857192857143,6.290476254761905,6.007142907142857,6.154761976190476
2022,32,123.97,304.08571428571423,0.19285714380952376,1.8547618690476193,5.797619076190475,304.3190476190476,300.652380952381,304.83809523809526,304.22857142857146,1.188095238095238,3.3333333333333335,2.1023809714285715,0.6095238095238095,1.9409523547619048,1.2707142683333332,2.2530952183333337,2.1033333071428575,5.926190526190475,5.092857192857143,6.290476254761905,6.007142907142857
2022,33,112.48,298.0190476190476,3.1785714428571428,1.042857120952381,4.254761966666667,304.08571428571423,304.3190476190476,300.652380952381,304.83809523809526,0.19285714380952376,1.188095238095238,3.3333333333333335,2.1023809714285715,1.8547618690476193,1.9409523547619048,1.2707142683333332,2.2530952183333337,5.797619076190475,5.926190526190475,5.092857192857143,6.290476254761905
2022,34,120.25999999999999,301.06190476190477,0.3928571476190476,1.6609523595238096,5.2500000642857145,298.0190476190476,304.08571428571423,304.3190476190476,300.652380952381,3.1785714428571428,0.19285714380952376,1.188095238095238,3.3333333333333335,1.042857120952381,1.8547618690476193,1.9409523547619048,1.2707142683333332,4.254761966666667,5.797619076190475,5.926190526190475,5.092857192857143
2022,35,129.88,303.8047619047619,0.10714285714285714,2.1626190190476193,5.623809566666666,301.06190476190477,298.0190476190476,304.08571428571423,304.3190476190476,0.3928571476190476,3.1785714428571428,0.19285714380952376,1.188095238095238,1.6609523595238096,1.042857120952381,1.8547618690476193,1.9409523547619048,5.2500000642857145,4.254761966666667,5.797619076190475,5.926190526190475
2022,36,117.66,298.94761904761907,1.5952381261904762,1.8366666410476193,4.573809564285714,303.8047619047619,301.06190476190477,298.0190476190476,304.08571428571423,0.10714285714285714,0.3928571476190476,3.1785714428571428,0.19285714380952376,2.1626190190476193,1.6609523595238096,1.042857120952381,1.8547618690476193,5.623809566666666,5.2500000642857145,4.254761966666667,5.797619076190475
2022,37,100.39,299.12380952380954,0.10952381047619042,1.6214285457142852,4.433333385714286,298.94761904761907,303.8047619047619,301.06190476190477,298.0190476190476,1.5952381261904762,0.10714285714285714,0.3928571476190476,3.1785714428571428,1.8366666410476193,2.1626190190476193,1.6609523595238096,1.042857120952381,4.573809564285714,5.623809566666666,5.2500000642857145,4.254761966666667
2022,38,91.9,296.55,0.7571428804761905,1.361666646190476,3.842857173809524,299.12380952380954,298.94761904761907,303.8047619047619,301.06190476190477,0.10952381047619042,1.5952381261904762,0.10714285714285714,0.3928571476190476,1.6214285457142852,1.8366666410476193,2.1626190190476193,1.6609523595238096,4.433333385714286,4.573809564285714,5.623809566666666,5.2500000642857145
2022,39,90.41,297.0785714285714,1.4404761976190477,1.3359523504761908,3.635714326190476,296.55,299.12380952380954,298.94761904761907,303.8047619047619,0.7571428804761905,0.10952381047619042,1.5952381261904762,0.10714285714285714,1.361666646190476,1.6214285457142852,1.8366666410476193,2.1626190190476193,3.842857173809524,4.433333385714286,4.573809564285714,5.623809566666666
2022,40,74.82,290.93333333333334,0.43095238333333336,0.7454761772857142,2.5357143023809523,297.0785714285714,296.55,299.12380952380954,298.94761904761907,1.4404761976190477,0.7571428804761905,0.10952381047619042,1.5952381261904762,1.3359523504761908,1.361666646190476,1.6214285457142852,1.8366666410476193,3.635714326190476,3.842857173809524,4.433333385714286,4.573809564285714
2022,41,82.6,292.33809523809526,0.0,1.1080952142857143,3.3619048,290.93333333333334,297.0785714285714,296.55,299.12380952380954,0.43095238333333336,1.4404761976190477,0.7571428804761905,0.10952381047619042,0.7454761772857142,1.3359523504761908,1.361666646190476,1.6214285457142852,2.5357143023809523,3.635714326190476,3.842857173809524,4.433333385714286
2022,42,73.98,293.87380952380954,0.0,1.2909523685714286,3.845238145238095,292.33809523809526,290.93333333333334,297.0785714285714,296.55,0.0,0.43095238333333336,1.4404761976190477,0.7571428804761905,1.1080952142857143,0.7454761772857142,1.3359523504761908,1.361666646190476,3.3619048,2.5357143023809523,3.635714326190476,3.842857173809524
2022,43,42.9,285.2166666666667,1.5166666923809524,0.6345238021428571,1.9904762142857146,293.87380952380954,292.33809523809526,290.93333333333334,297.0785714285714,0.0,0.0,0.43095238333333336,1.4404761976190477,1.2909523685714286,1.1080952142857143,0.7454761772857142,1.3359523504761908,3.845238145238095,3.3619048,2.5357143023809523,3.635714326190476
2022,44,45.96,287.1047619047619,0.9500000071428572,0.7928571288095237,2.428571438095238,285.2166666666667,293.87380952380954,292.33809523809526,290.93333333333334,1.5166666923809524,0.0,0.0,0.43095238333333336,0.6345238021428571,1.2909523685714286,1.1080952142857143,0.7454761772857142,1.9904762142857146,3.845238145238095,3.3619048,2.5357143023809523
2022,45,38.67,283.8619047619047,0.0,0.5919047471428571,2.1452381,287.1047619047619,285.2166666666667,293.87380952380954,292.33809523809526,0.9500000071428572,1.5166666923809524,0.0,0.0,0.7928571288095237,0.6345238021428571,1.2909523685714286,1.1080952142857143,2.428571438095238,1.9904762142857146,3.845238145238095,3.3619048
2022,46,39.33,275.30476190476185,1.688095288095238,0.279761901547619,1.057142867142857,283.8619047619047,287.1047619047619,285.2166666666667,293.87380952380954,0.0,0.9500000071428572,1.5166666923809524,0.0,0.5919047471428571,0.7928571288095237,0.6345238021428571,1.2909523685714286,2.1452381,2.428571438095238,1.9904762142857146,3.845238145238095
2022,47,36.76,283.77142857142854,0.0,0.6004761821428571,1.8500000238095238,275.30476190476185,283.8619047619047,287.1047619047619,285.2166666666667,1.688095288095238,0.0,0.9500000071428572,1.5166666923809524,0.279761901547619,0.5919047471428571,0.7928571288095237,0.6345238021428571,1.057142867142857,2.1452381,2.428571438095238,1.9904762142857146
2022,48,36.6,281.7595238095238,0.7261904904761906,0.5007142814761905,1.7714285904761906,283.77142857142854,275.30476190476185,283.8619047619047,287.1047619047619,0.0,1.688095288095238,0.0,0.9500000071428572,0.6004761821428571,0.279761901547619,0.5919047471428571,0.7928571288095237,1.8500000238095238,1.057142867142857,2.1452381,2.428571438095238
2022,49,38.42,283.3833333333333,0.0,0.5588095164285715,1.7595238238095237,281.7595238095238,283.77142857142854,275.30476190476185,283.8619047619047,0.7261904904761906,0.0,1.688095288095238,0.0,0.5007142814761905,0.6004761821428571,0.279761901547619,0.5919047471428571,1.7714285904761906,1.8500000238095238,1.057142867142857,2.1452381
2022,50,36.02,275.79285714285714,0.026190476190476167,0.3376190411904761,1.3095238323809524,283.3833333333333,281.7595238095238,283.77142857142854,275.30476190476185,0.0,0.7261904904761906,0.0,1.688095288095238,0.5588095164285715,0.5007142814761905,0.6004761821428571,0.279761901547619,1.7595238238095237,1.7714285904761906,1.8500000238095238,1.057142867142857
2022,51,37.29,275.5785714285715,1.1476190952380954,0.34119047271428565,1.2976190642857144,275.79285714285714,283.3833333333333,281.7595238095238,283.77142857142854,0.026190476190476167,0.0,0.7261904904761906,0.0,0.3376190411904761,0.5588095164285715,0.5007142814761905,0.6004761821428571,1.3095238323809524,1.7595238238095237,1.7714285904761906,1.8500000238095238
2022,52,35.47,282.06190476190477,6.128571428571429,0.4557142764285714,1.5595238376190477,275.5785714285715,275.79285714285714,283.3833333333333,281.7595238095238,1.1476190952380954,0.026190476190476167,0.0,0.7261904904761906,0.34119047271428565,0.3376190411904761,0.5588095164285715,0.5007142814761905,1.2976190642857144,1.3095238323809524,1.7595238238095237,1.7714285904761906
2023,1,33.41,277.102380952381,0.12380952571428572,0.36071428119047616,1.1714285857142857,282.06190476190477,275.5785714285715,275.79285714285714,283.3833333333333,6.128571428571429,1.1476190952380954,0.026190476190476167,0.0,0.4557142764285714,0.34119047271428565,0.3376190411904761,0.5588095164285715,1.5595238376190477,1.2976190642857144,1.3095238323809524,1.7595238238095237
2023,2,37.59,283.1785714285714,0.0,0.5949999911904761,1.7595238280952383,277.102380952381,282.06190476190477,275.5785714285715,275.79285714285714,0.12380952571428572,6.128571428571429,1.1476190952380954,0.026190476190476167,0.36071428119047616,0.4557142764285714,0.34119047271428565,0.3376190411904761,1.1714285857142857,1.5595238376190477,1.2976190642857144,1.3095238323809524
2023,3,38.71,275.20000000000005,1.9309524428571425,0.27523809090476187,1.0380952628571427,283.1785714285714,277.102380952381,282.06190476190477,275.5785714285715,0.0,0.12380952571428572,6.128571428571429,1.1476190952380954,0.5949999911904761,0.36071428119047616,0.4557142764285714,0.34119047271428565,1.7595238280952383,1.1714285857142857,1.5595238376190477,1.2976190642857144
2023,4,37.61,272.79285714285714,0.2690476219047619,0.2385714250952381,1.0666666757142858,275.20000000000005,283.1785714285714,277.102380952381,282.06190476190477,1.9309524428571425,0.0,0.12380952571428572,6.128571428571429,0.27523809090476187,0.5949999911904761,0.36071428119047616,0.4557142764285714,1.0380952628571427,1.7595238280952383,1.1714285857142857,1.5595238376190477
2023,5,40.62,278.7119047619048,0.1571428571428571,0.5554761863809524,1.8690476309523811,272.79285714285714,275.20000000000005,283.1785714285714,277.102380952381,0.2690476219047619,1.9309524428571425,0.0,0.12380952571428572,0.2385714250952381,0.27523809090476187,0.5949999911904761,0.36071428119047616,1.0666666757142858,1.0380952628571427,1.7595238280952383,1.1714285857142857
2023,6,35.019999999999996,281.1404761904762,0.0,0.5519047564285714,1.8595238328571428,278.7119047619048,272.79285714285714,275.20000000000005,283.1785714285714,0.1571428571428571,0.2690476219047619,1.9309524428571425,0.0,0.5554761863809524,0.2385714250952381,0.27523809090476187,0.5949999911904761,1.8690476309523811,1.0666666757142858,1.0380952628571427,1.7595238280952383
2023,7,39.129999999999995,279.25952380952384,2.054761911904762,0.535714275,2.126190504761905,281.1404761904762,278.7119047619048,272.79285714285714,275.20000000000005,0.0,0.1571428571428571,0.2690476219047619,1.9309524428571425,0.5519047564285714,0.5554761863809524,0.2385714250952381,0.27523809090476187,1.8595238328571428,1.8690476309523811,1.0666666757142858,1.0380952628571427
2023,8,35.68,280.4190476190476,0.0,0.6459523657142857,2.328571442857143,279.25952380952384,281.1404761904762,278.7119047619048,272.79285714285714,2.054761911904762,0.0,0.1571428571428571,0.2690476219047619,0.535714275,0.5519047564285714,0.5554761863809524,0.2385714250952381,2.126190504761905,1.8595238328571428,1.8690476309523811,1.0666666757142858
2023,9,37.82,281.9071428571429,0.6619047690476191,0.5449999928571428,2.4333333595238096,280.4190476190476,279.25952380952384,281.1404761904762,278.7119047619048,0.0,2.054761911904762,0.0,0.1571428571428571,0.6459523657142857,0.535714275,0.5519047564285714,0.5554761863809524,2.328571442857143,2.126190504761905,1.8595238328571428,1.8690476309523811
2023,10,37.48,279.6190476190476,0.007142857142857134,0.39952380619047617,2.038095264285714,281.9071428571429,280.4190476190476,279.25952380952384,281.1404761904762,0.6619047690476191,0.0,2.054761911904762,0.0,0.5449999928571428,0.6459523657142857,0.535714275,0.5519047564285714,2.4333333595238096,2.328571442857143,2.126190504761905,1.8595238328571428
2023,11,40.68,282.2142857142858,2.1333333333333333,0.5495238000952382,2.559523819047619,279.6190476190476,281.9071428571429,280.4190476190476,279.25952380952384,0.007142857142857134,0.6619047690476191,0.0,2.054761911904762,0.39952380619047617,0.5449999928571428,0.6459523657142857,0.535714275,2.038095264285714,2.4333333595238096,2.328571442857143,2.126190504761905
2023,12,36.55,279.3452380952381,0.9904761904761905,0.43380951928571426,2.2309524095238094,282.2142857142858,279.6190476190476,281.9071428571429,280.4190476190476,2.1333333333333333,0.007142857142857134,0.6619047690476191,0.0,0.5495238000952382,0.39952380619047617,0.5449999928571428,0.6459523657142857,2.559523819047619,2.038095264285714,2.4333333595238096,2.328571442857143
2023,13,37.71,283.6261904761905,0.0,0.6890476078571428,3.41428575952381,279.3452380952381,282.2142857142858,279.6190476190476,281.9071428571429,0.9904761904761905,2.1333333333333333,0.007142857142857134,0.6619047690476191,0.43380951928571426,0.5495238000952382,0.39952380619047617,0.5449999928571428,2.2309524095238094,2.559523819047619,2.038095264285714,2.4333333595238096
2023,14,40.43,283.1380952380953,0.7404762009523811,0.6178571338095237,2.759523830952381,283.6261904761905,279.3452380952381,282.2142857142858,279.6190476190476,0.0,0.9904761904761905,2.1333333333333333,0.007142857142857134,0.6890476078571428,0.43380951928571426,0.5495238000952382,0.39952380619047617,3.41428575952381,2.2309524095238094,2.559523819047619,2.038095264285714
2023,15,49.699999999999996,291.0595238095238,0.7261904976190476,1.194523793095238,4.423809561904762,283.1380952380953,283.6261904761905,279.3452380952381,282.2142857142858,0.7404762009523811,0.0,0.9904761904761905,2.1333333333333333,0.6178571338095237,0.6890476078571428,0.43380951928571426,0.5495238000952382,2.759523830952381,3.41428575952381,2.2309524095238094,2.559523819047619
2023,16,50.15,284.8547619047619,1.4261904761904762,0.7352380792857143,3.6809524095238095,291.0595238095238,283.1380952380953,283.6261904761905,279.3452380952381,0.7261904976190476,0.7404762009523811,0.0,0.9904761904761905,1.194523793095238,0.6178571338095237,0.6890476078571428,0.43380951928571426,4.423809561904762,2.759523830952381,3.41428575952381,2.2309524095238094
2023,17,42.269999999999996,288.5547619047619,6.257142928571429,0.7164285671428572,3.6928571809523802,284.8547619047619,291.0595238095238,283.1380952380953,283.6261904761905,1.4261904761904762,0.7261904976190476,0.7404762009523811,0.0,0.7352380792857143,1.194523793095238,0.6178571338095237,0.6890476078571428,3.6809524095238095,4.423809561904762,2.759523830952381,3.41428575952381
2023,18,63.47,292.87857142857143,0.26190476428571424,1.085238076190476,4.64523818095238,288.5547619047619,284.8547619047619,291.0595238095238,283.1380952380953,6.257142928571429,1.4261904761904762,0.7261904976190476,0.7404762009523811,0.7164285671428572,0.7352380792857143,1.194523793095238,0.6178571338095237,3.6928571809523802,3.6809524095238095,4.423809561904762,2.759523830952381
2023,19,64.22,287.62619047619046,17.650000119999998,0.5119047538095238,3.3952381071428572,292.87857142857143,288.5547619047619,284.8547619047619,291.0595238095238,0.26190476428571424,6.257142928571429,1.4261904761904762,0.7261904976190476,1.085238076190476,0.7164285671428572,0.7352380792857143,1.194523793095238,4.64523818095238,3.6928571809523802,3.6809524095238095,4.423809561904762
2023,20,44.97,291.27142857142854,2.8857143223809523,0.684761897,4.040476238095239,287.62619047619046,292.87857142857143,288.5547619047619,284.8547619047619,17.650000119999998,0.26190476428571424,6.257142928571429,1.4261904761904762,0.5119047538095238,1.085238076190476,0.7164285671428572,0.7352380792857143,3.3952381071428572,4.64523818095238,3.6928571809523802,3.6809524095238095
2023,21,65.35,295.11428571428576,2.1642857280952383,0.8828571288095238,4.719047697619047,291.27142857142854,287.62619047619046,292.87857142857143,288.5547619047619,2.8857143223809523,17.650000119999998,0.26190476428571424,6.257142928571429,0.684761897,0.5119047538095238,1.085238076190476,0.7164285671428572,4.040476238095239,3.3952381071428572,4.64523818095238,3.6928571809523802
2023,22,73.08,293.5023809523809,4.319047661904762,0.930714269047619,4.3857143261904765,295.11428571428576,291.27142857142854,287.62619047619046,292.87857142857143,2.1642857280952383,2.8857143223809523,17.650000119999998,0.26190476428571424,0.8828571288095238,0.684761897,0.5119047538095238,1.085238076190476,4.719047697619047,4.040476238095239,3.3952381071428572,4.64523818095238
2023,23,62.67,294.48809523809524,3.0809524866666673,0.7861904657142859,4.330952438095238,293.5023809523809,295.11428571428576,291.27142857142854,287.62619047619046,4.319047661904762,2.1642857280952383,2.8857143223809523,17.650000119999998,0.930714269047619,0.8828571288095238,0.684761897,0.5119047538095238,4.3857143261904765,4.719047697619047,4.040476238095239,3.3952381071428572
2023,24,57.64,292.9523809523809,3.0261905495238093,0.7633333228571427,4.207142888095238,294.48809523809524,293.5023809523809,295.11428571428576,291.27142857142854,3.0809524866666673,4.319047661904762,2.1642857280952383,2.8857143223809523,0.7861904657142859,0.930714269047619,0.8828571288095238,0.684761897,4.330952438095238,4.3857143261904765,4.719047697619047,4.040476238095239
2023,25,70.09,299.84761904761905,5.309523857142857,1.485952358095238,5.988095273809523,292.9523809523809,294.48809523809524,293.5023809523809,295.11428571428576,3.0261905495238093,3.0809524866666673,4.319047661904762,2.1642857280952383,0.7633333228571427,0.7861904657142859,0.930714269047619,0.8828571288095238,4.207142888095238,4.330952438095238,4.3857143261904765,4.719047697619047
2023,26,83.44,298.76190476190476,2.121428592857143,1.3840475826190477,5.8357143166666665,299.84761904761905,292.9523809523809,294.48809523809524,293.5023809523809,5.309523857142857,3.0261905495238093,3.0809524866666673,4.319047661904762,1.485952358095238,0.7633333228571427,0.7861904657142859,0.930714269047619,5.988095273809523,4.207142888095238,4.330952438095238,4.3857143261904765
2023,27,76.89,295.6595238095238,2.5023809604761906,0.7923809435714286,4.75238100952381,298.76190476190476,299.84761904761905,292.9523809523809,294.48809523809524,2.121428592857143,5.309523857142857,3.0261905495238093,3.0809524866666673,1.3840475826190477,1.485952358095238,0.7633333228571427,0.7861904657142859,5.8357143166666665,5.988095273809523,4.207142888095238,4.330952438095238
2023,28,109.63,301.81666666666666,0.0,1.7899999738095238,6.357142892857143,295.6595238095238,298.76190476190476,299.84761904761905,292.9523809523809,2.5023809604761906,2.121428592857143,5.309523857142857,3.0261905495238093,0.7923809435714286,1.3840475826190477,1.485952358095238,0.7633333228571427,4.75238100952381,5.8357143166666665,5.988095273809523,4.207142888095238
2023,29,95.49,302.2857142857143,1.447619071428571,1.7573809204761905,5.926190557142857,301.81666666666666,295.6595238095238,298.76190476190476,299.84761904761905,0.0,2.5023809604761906,2.121428592857143,5.309523857142857,1.7899999738095238,0.7923809435714286,1.3840475826190477,1.485952358095238,6.357142892857143,4.75238100952381,5.8357143166666665,5.988095273809523
2023,30,117.88,304.3833333333333,1.0976190509523809,2.1140475738095237,6.083333383333334,302.2857142857143,301.81666666666666,295.6595238095238,298.76190476190476,1.447619071428571,0.0,2.5023809604761906,2.121428592857143,1.7573809204761905,1.7899999738095238,0.7923809435714286,1.3840475826190477,5.926190557142857,6.357142892857143,4.75238100952381,5.8357143166666665
2023,31,87.35,299.33095238095234,3.0547619485714286,1.0769047352380952,4.709523859523809,304.3833333333333,302.2857142857143,301.81666666666666,295.6595238095238,1.0976190509523809,1.447619071428571,0.0,2.5023809604761906,2.1140475738095237,1.7573809204761905,1.7899999738095238,0.7923809435714286,6.083333383333334,5.926190557142857,6.357142892857143,4.75238100952381
2023,32,108.28,299.22380952380956,0.2547619071428571,1.4247618757142855,5.195238152380953,299.33095238095234,304.3833333333333,302.2857142857143,301.81666666666666,3.0547619485714286,1.0976190509523809,1.447619071428571,0.0,1.0769047352380952,2.1140475738095237,1.7573809204761905,1.7899999738095238,4.709523859523809,6.083333383333334,5.926190557142857,6.357142892857143
2023,33,117.96000000000001,303.73333333333335,0.5238095309523808,2.014523765714286,6.088095288095238,299.22380952380956,299.33095238095234,304.3833333333333,302.2857142857143,0.2547619071428571,3.0547619485714286,1.0976190509523809,1.447619071428571,1.4247618757142855,1.0769047352380952,2.1140475738095237,1.7573809204761905,5.195238152380953,4.709523859523809,6.083333383333334,5.926190557142857
2023,34,111.71000000000001,300.87380952380954,5.119047645238095,1.5695237861904763,5.352381021428571,303.73333333333335,299.22380952380956,299.33095238095234,304.3833333333333,0.5238095309523808,0.2547619071428571,3.0547619485714286,1.0976190509523809,2.014523765714286,1.4247618757142855,1.0769047352380952,2.1140475738095237,6.088095288095238,5.195238152380953,4.709523859523809,6.083333383333334
2023,35,107.1,302.22619047619054,0.3761904809523809,1.8526190161904763,5.300000064285714,300.87380952380954,303.73333333333335,299.22380952380956,299.33095238095234,5.119047645238095,0.5238095309523808,0.2547619071428571,3.0547619485714286,1.5695237861904763,2.014523765714286,1.4247618757142855,1.0769047352380952,5.352381021428571,6.088095288095238,5.195238152380953,4.709523859523809
2023,36,114.34,299.0642857142857,1.2880952452380954,1.6259523514285714,4.964285749999999,302.22619047619054,300.87380952380954,303.73333333333335,299.22380952380956,0.3761904809523809,5.119047645238095,0.5238095309523808,0.2547619071428571,1.8526190161904763,1.5695237861904763,2.014523765714286,1.4247618757142855,5.300000064285714,5.352381021428571,6.088095288095238,5.195238152380953
2023,37,89.03,293.6690476190476,4.064285785714286,0.8890476028571429,3.4071429071428567,299.0642857142857,302.22619047619054,300.87380952380954,303.73333333333335,1.2880952452380954,0.3761904809523809,5.119047645238095,0.5238095309523808,1.6259523514285714,1.8526190161904763,1.5695237861904763,2.014523765714286,4.964285749999999,5.300000064285714,5.352381021428571,6.088095288095238
2023,38,101.93,296.4714285714286,0.05714285714285711,1.479523776190476,4.23095245,293.6690476190476,299.0642857142857,302.22619047619054,300.87380952380954,4.064285785714286,1.2880952452380954,0.3761904809523809,5.119047645238095,0.8890476028571429,1.6259523514285714,1.8526190161904763,1.5695237861904763,3.4071429071428567,4.964285749999999,5.300000064285714,5.352381021428571
2023,39,106.86,299.58571428571435,0.0,1.769047580952381,4.735714347619047,296.4714285714286,293.6690476190476,299.0642857142857,302.22619047619054,0.05714285714285711,4.064285785714286,1.2880952452380954,0.3761904809523809,1.479523776190476,0.8890476028571429,1.6259523514285714,1.8526190161904763,4.23095245,3.4071429071428567,4.964285749999999,5.300000064285714
2023,40,88.17,291.87142857142857,0.0,1.0149999876190476,3.25952384047619,299.58571428571435,296.4714285714286,293.6690476190476,299.0642857142857,0.0,0.05714285714285711,4.064285785714286,1.2880952452380954,1.769047580952381,1.479523776190476,0.8890476028571429,1.6259523514285714,4.735714347619047,4.23095245,3.4071429071428567,4.964285749999999
2023,41,67.99,289.93333333333334,0.6238095261904761,0.9340475992857143,2.7880952595238093,291.87142857142857,299.58571428571435,296.4714285714286,293.6690476190476,0.0,0.0,0.05714285714285711,4.064285785714286,1.0149999876190476,1.769047580952381,1.479523776190476,0.8890476028571429,3.25952384047619,4.735714347619047,4.23095245,3.4071429071428567
2023,42,64.35,296.46904761904767,0.0,1.4849999785714285,3.4214285809523806,289.93333333333334,291.87142857142857,299.58571428571435,296.4714285714286,0.6238095261904761,0.0,0.0,0.05714285714285711,0.9340475992857143,1.0149999876190476,1.769047580952381,1.479523776190476,2.7880952595238093,3.25952384047619,4.735714347619047,4.23095245
2023,43,46.15,282.5285714285714,2.1738095495238094,0.5530952281190477,1.633333346190476,296.46904761904767,289.93333333333334,291.87142857142857,299.58571428571435,0.0,0.6238095261904761,0.0,0.0,1.4849999785714285,0.9340475992857143,1.0149999876190476,1.769047580952381,3.4214285809523806,2.7880952595238093,3.25952384047619,4.735714347619047
2023,44,40.56,288.40238095238095,0.0,0.9142857000000001,2.850000035714286,282.5285714285714,296.46904761904767,289.93333333333334,291.87142857142857,2.1738095495238094,0.0,0.6238095261904761,0.0,0.5530952281190477,1.4849999785714285,0.9340475992857143,1.0149999876190476,1.633333346190476,3.4214285809523806,2.7880952595238093,3.25952384047619
2023,45,33.39,286.8880952380952,1.114285738095238,0.8069047514285713,2.4261904961904768,288.40238095238095,282.5285714285714,296.46904761904767,289.93333333333334,0.0,2.1738095495238094,0.0,0.6238095261904761,0.9142857000000001,0.5530952281190477,1.4849999785714285,0.9340475992857143,2.850000035714286,1.633333346190476,3.4214285809523806,2.7880952595238093
2023,46,54.400000000000006,289.49285714285713,0.01666666666666665,0.9664285540476191,2.507142876190476,286.8880952380952,288.40238095238095,282.5285714285714,296.46904761904767,1.114285738095238,0.0,2.1738095495238094,0.0,0.8069047514285713,0.9142857000000001,0.5530952281190477,1.4849999785714285,2.4261904961904768,2.850000035714286,1.633333346190476,3.4214285809523806
2023,47,35.878,277.3,0.990476200952381,0.339047614452381,1.1714285876190476,289.49285714285713,286.8880952380952,288.40238095238095,282.5285714285714,0.01666666666666665,1.114285738095238,0.0,2.1738095495238094,0.9664285540476191,0.8069047514285713,0.9142857000000001,0.5530952281190477,2.507142876190476,2.4261904961904768,2.850000035714286,1.633333346190476
2023,48,36.8,280.1714285714286,0.3738095238095238,0.503571415952381,1.5857142995238094,277.3,289.49285714285713,286.8880952380952,288.40238095238095,0.990476200952381,0.01666666666666665,1.114285738095238,0.0,0.339047614452381,0.9664285540476191,0.8069047514285713,0.9142857000000001,1.1714285876190476,2.507142876190476,2.4261904961904768,2.850000035714286
2023,49,37.09,283.9666666666667,2.021428571428572,0.6635714126190476,2.066666687142857,280.1714285714286,277.3,289.49285714285713,286.8880952380952,0.3738095238095238,0.990476200952381,0.01666666666666665,1.114285738095238,0.503571415952381,0.339047614452381,0.9664285540476191,0.8069047514285713,1.5857142995238094,1.1714285876190476,2.507142876190476,2.4261904961904768
2023,50,34.88,280.6952380952381,0.18809523904761902,0.48452380452380955,1.4571428666666666,283.9666666666667,280.1714285714286,277.3,289.49285714285713,2.021428571428572,0.3738095238095238,0.990476200952381,0.01666666666666665,0.6635714126190476,0.503571415952381,0.339047614452381,0.9664285540476191,2.066666687142857,1.5857142995238094,1.1714285876190476,2.507142876190476
2023,51,35.42,283.62142857142857,1.2190476523809524,0.6171428466666667,1.6833333547619047,280.6952380952381,283.9666666666667,280.1714285714286,277.3,0.18809523904761902,2.021428571428572,0.3738095238095238,0.990476200952381,0.48452380452380955,0.6635714126190476,0.503571415952381,0.339047614452381,1.4571428666666666,2.066666687142857,1.5857142995238094,1.1714285876190476
2023,52,30.86,279.7023809523809,0.11428571523809523,0.4749999897619048,1.550000020952381,283.62142857142857,280.6952380952381,283.9666666666667,280.1714285714286,1.2190476523809524,0.18809523904761902,2.021428571428572,0.3738095238095238,0.6171428466666667,0.48452380452380955,0.6635714126190476,0.503571415952381,1.6833333547619047,1.4571428666666666,2.066666687142857,1.5857142995238094
2024,1,33.02,277.1571428571429,0.5380952452380953,0.3138095183333333,0.9500000142857142,279.7023809523809,283.62142857142857,280.6952380952381,283.9666666666667,0.11428571523809523,1.2190476523809524,0.18809523904761902,2.021428571428572,0.4749999897619048,0.6171428466666667,0.48452380452380955,0.6635714126190476,1.550000020952381,1.6833333547619047,1.4571428666666666,2.066666687142857
2024,2,36.53,268.7047619047619,0.7238095285714286,0.17333333166666667,0.871428587142857,277.1571428571429,279.7023809523809,283.62142857142857,280.6952380952381,0.5380952452380953,0.11428571523809523,1.2190476523809524,0.18809523904761902,0.3138095183333333,0.4749999897619048,0.6171428466666667,0.48452380452380955,0.9500000142857142,1.550000020952381,1.6833333547619047,1.4571428666666666
2024,3,38.09,276.5357142857143,0.5714285738095238,0.32857142166666664,1.2809523952380955,268.7047619047619,277.1571428571429,279.7023809523809,283.62142857142857,0.7238095285714286,0.5380952452380953,0.11428571523809523,1.2190476523809524,0.17333333166666667,0.3138095183333333,0.4749999897619048,0.6171428466666667,0.871428587142857,0.9500000142857142,1.550000020952381,1.6833333547619047
2024,4,37.21,281.95238095238096,0.35000000238095236,0.4502380880952381,1.380952403809524,276.5357142857143,268.7047619047619,277.1571428571429,279.7023809523809,0.5714285738095238,0.7238095285714286,0.5380952452380953,0.11428571523809523,0.32857142166666664,0.17333333166666667,0.3138095183333333,0.4749999897619048,1.2809523952380955,0.871428587142857,0.9500000142857142,1.550000020952381
2024,5,37.94,283.49285714285713,5.438095307142857,0.5530952285714286,1.5857143133333336,281.95238095238096,276.5357142857143,268.7047619047619,277.1571428571429,0.35000000238095236,0.5714285738095238,0.7238095285714286,0.5380952452380953,0.4502380880952381,0.32857142166666664,0.17333333166666667,0.3138095183333333,1.380952403809524,1.2809523952380955,0.871428587142857,0.9500000142857142
2024,6,33.59,278.1904761904762,2.1619048119047615,0.35190475699999996,1.485714295238095,283.49285714285713,281.95238095238096,276.5357142857143,268.7047619047619,5.438095307142857,0.35000000238095236,0.5714285738095238,0.7238095285714286,0.5530952285714286,0.4502380880952381,0.32857142166666664,0.17333333166666667,1.5857143133333336,1.380952403809524,1.2809523952380955,0.871428587142857
2024,7,35.49,279.2880952380953,0.7523809666666668,0.3921428523809523,1.6119047809523812,278.1904761904762,283.49285714285713,281.95238095238096,276.5357142857143,2.1619048119047615,5.438095307142857,0.35000000238095236,0.5714285738095238,0.35190475699999996,0.5530952285714286,0.4502380880952381,0.32857142166666664,1.485714295238095,1.5857143133333336,1.380952403809524,1.2809523952380955
2024,8,35.94,286.25714285714287,0.0,0.7666666526190475,2.988095254761905,279.2880952380953,278.1904761904762,283.49285714285713,281.95238095238096,0.7523809666666668,2.1619048119047615,5.438095307142857,0.35000000238095236,0.3921428523809523,0.35190475699999996,0.5530952285714286,0.4502380880952381,1.6119047809523812,1.485714295238095,1.5857143133333336,1.380952403809524
2024,9,38.2,287.57380952380953,0.47142857238095237,0.709285700952381,3.197619057142857,286.25714285714287,279.2880952380953,278.1904761904762,283.49285714285713,0.0,0.7523809666666668,2.1619048119047615,5.438095307142857,0.7666666526190475,0.3921428523809523,0.35190475699999996,0.5530952285714286,2.988095254761905,1.6119047809523812,1.485714295238095,1.5857143133333336
2024,10,36.41,281.50714285714287,0.7880952428571429,0.4649999946190477,2.0404762047619047,287.57380952380953,286.25714285714287,279.2880952380953,278.1904761904762,0.47142857238095237,0.0,0.7523809666666668,2.1619048119047615,0.709285700952381,0.7666666526190475,0.3921428523809523,0.35190475699999996,3.197619057142857,2.988095254761905,1.6119047809523812,1.485714295238095
2024,11,28.1,280.93809523809523,9.721428714285713,0.4097619004047619,2.0285714633333334,281.50714285714287,287.57380952380953,286.25714285714287,279.2880952380953,0.7880952428571429,0.47142857238095237,0.0,0.7523809666666668,0.4649999946190477,0.709285700952381,0.7666666526190475,0.3921428523809523,2.0404762047619047,3.197619057142857,2.988095254761905,1.6119047809523812
2024,12,34.33,287.0880952380953,2.602380976190476,0.6878571299999999,3.052380969047619,280.93809523809523,281.50714285714287,287.57380952380953,286.25714285714287,9.721428714285713,0.7880952428571429,0.47142857238095237,0.0,0.4097619004047619,0.4649999946190477,0.709285700952381,0.7666666526190475,2.0285714633333334,2.0404762047619047,3.197619057142857,2.988095254761905
2024,13,32.09,281.58571428571423,0.15000000095238095,0.47452380495238095,2.592857155714286,287.0880952380953,280.93809523809523,281.50714285714287,287.57380952380953,2.602380976190476,9.721428714285713,0.7880952428571429,0.47142857238095237,0.6878571299999999,0.4097619004047619,0.4649999946190477,0.709285700952381,3.052380969047619,2.0285714633333334,2.0404762047619047,3.197619057142857
2024,14,47.55,287.3142857142857,1.1238095547619047,0.806190462142857,3.954761961904762,281.58571428571423,287.0880952380953,280.93809523809523,281.50714285714287,0.15000000095238095,2.602380976190476,9.721428714285713,0.7880952428571429,0.47452380495238095,0.6878571299999999,0.4097619004047619,0.4649999946190477,2.592857155714286,3.052380969047619,2.0285714633333334,2.0404762047619047
2024,15,43.65,291.05476190476196,0.0,1.0935714152380953,4.190476235714286,287.3142857142857,281.58571428571423,287.0880952380953,280.93809523809523,1.1238095547619047,0.15000000095238095,2.602380976190476,9.721428714285713,0.806190462142857,0.47452380495238095,0.6878571299999999,0.4097619004047619,3.954761961904762,2.592857155714286,3.052380969047619,2.0285714633333334
2024,16,49.300000000000004,284.29047619047617,3.492857176190476,0.5607142815952381,3.295238166666667,291.05476190476196,287.3142857142857,281.58571428571423,287.0880952380953,0.0,1.1238095547619047,0.15000000095238095,2.602380976190476,1.0935714152380953,0.806190462142857,0.47452380495238095,0.6878571299999999,4.190476235714286,3.954761961904762,2.592857155714286,3.052380969047619
2024,17,45.519999999999996,290.00952380952384,5.740476193809524,0.7892857000000001,3.8476190976190474,284.29047619047617,291.05476190476196,287.3142857142857,281.58571428571423,3.492857176190476,0.0,1.1238095547619047,0.15000000095238095,0.5607142815952381,1.0935714152380953,0.806190462142857,0.47452380495238095,3.295238166666667,4.190476235714286,3.954761961904762,2.592857155714286
2024,18,53.42,291.747619047619,0.030952380952380936,0.8949999835714286,4.6571429166666665,290.00952380952384,284.29047619047617,291.05476190476196,287.3142857142857,5.740476193809524,3.492857176190476,0.0,1.1238095547619047,0.7892857000000001,0.5607142815952381,1.0935714152380953,0.806190462142857,3.8476190976190474,3.295238166666667,4.190476235714286,3.954761961904762
2024,19,53.05,284.56428571428575,2.5452381690476193,0.5161904673809524,3.45476195,291.747619047619,290.00952380952384,284.29047619047617,291.05476190476196,0.030952380952380936,5.740476193809524,3.492857176190476,0.0,0.8949999835714286,0.7892857000000001,0.5607142815952381,1.0935714152380953,4.6571429166666665,3.8476190976190474,3.295238166666667,4.190476235714286
2024,20,62.75,295.18809523809523,0.44523809523809527,1.2066666419047618,5.419047683333332,284.56428571428575,291.747619047619,290.00952380952384,284.29047619047617,2.5452381690476193,0.030952380952380936,5.740476193809524,3.492857176190476,0.5161904673809524,0.8949999835714286,0.7892857000000001,0.5607142815952381,3.45476195,4.6571429166666665,3.8476190976190474,3.295238166666667
2024,21,72.27,292.67142857142863,0.3428571476190476,0.9983333130952382,5.13095244047619,295.18809523809523,284.56428571428575,291.747619047619,290.00952380952384,0.44523809523809527,2.5452381690476193,0.030952380952380936,5.740476193809524,1.2066666419047618,0.5161904673809524,0.8949999835714286,0.7892857000000001,5.419047683333332,3.45476195,4.6571429166666665,3.8476190976190474
2024,22,86.83,297.93809523809523,0.07619047619047617,1.3352380761904765,5.647619119047619,292.67142857142863,295.18809523809523,284.56428571428575,291.747619047619,0.3428571476190476,0.44523809523809527,2.5452381690476193,0.030952380952380936,0.9983333130952382,1.2066666419047618,0.5161904673809524,0.8949999835714286,5.13095244047619,5.419047683333332,3.45476195,4.6571429166666665
2024,23,114.13,300.8738095238096,0.10000000095238089,1.6780952085714287,6.40238100952381,297.93809523809523,292.67142857142863,295.18809523809523,284.56428571428575,0.07619047619047617,0.3428571476190476,0.44523809523809527,2.5452381690476193,1.3352380761904765,0.9983333130952382,1.2066666419047618,0.5161904673809524,5.647619119047619,5.13095244047619,5.419047683333332,3.45476195
2024,24,110.43,302.1714285714285,0.8285714357142857,1.7447618652380952,6.37619054047619,300.8738095238096,297.93809523809523,292.67142857142863,295.18809523809523,0.10000000095238089,0.07619047619047617,0.3428571476190476,0.44523809523809527,1.6780952085714287,1.3352380761904765,0.9983333130952382,1.2066666419047618,6.40238100952381,5.647619119047619,5.13095244047619,5.419047683333332
2024,25,118.71000000000001,300.83809523809526,0.46666667142857143,1.6609523642857142,6.2285714714285705,302.1714285714285,300.8738095238096,297.93809523809523,292.67142857142863,0.8285714357142857,0.10000000095238089,0.07619047619047617,0.3428571476190476,1.7447618652380952,1.6780952085714287,1.3352380761904765,0.9983333130952382,6.37619054047619,6.40238100952381,5.647619119047619,5.13095244047619
2024,26,121.1,303.9309523809524,0.9142857261904762,2.048095197619048,6.8071429,300.83809523809526,302.1714285714285,300.8738095238096,297.93809523809523,0.46666667142857143,0.8285714357142857,0.10000000095238089,0.07619047619047617,1.6609523642857142,1.7447618652380952,1.6780952085714287,1.3352380761904765,6.2285714714285705,6.37619054047619,6.40238100952381,5.647619119047619
2024,27,115.17,300.46666666666664,0.41666667142857144,1.5359523657142855,6.100000035714285,303.9309523809524,300.83809523809526,302.1714285714285,300.8738095238096,0.9142857261904762,0.46666667142857143,0.8285714357142857,0.10000000095238089,2.048095197619048,1.6609523642857142,1.7447618652380952,1.6780952085714287,6.8071429,6.2285714714285705,6.37619054047619,6.40238100952381
2024,28,130.71,304.9952380952381,0.0,2.4638094833333337,6.883333347619047,300.46666666666664,303.9309523809524,300.83809523809526,302.1714285714285,0.41666667142857144,0.9142857261904762,0.46666667142857143,0.8285714357142857,1.5359523657142855,2.048095197619048,1.6609523642857142,1.7447618652380952,6.100000035714285,6.8071429,6.2285714714285705,6.37619054047619
2024,29,118.02,301.7214285714286,2.645238107142857,1.5992856776190478,5.745238159523809,304.9952380952381,300.46666666666664,303.9309523809524,300.83809523809526,0.0,0.41666667142857144,0.9142857261904762,0.46666667142857143,2.4638094833333337,1.5359523657142855,2.048095197619048,1.6609523642857142,6.883333347619047,6.100000035714285,6.8071429,6.2285714714285705
2024,30,121.12,303.6690476190476,0.2595238128571428,1.9045237738095235,6.071428645238096,301.7214285714286,304.9952380952381,300.46666666666664,303.9309523809524,2.645238107142857,0.0,0.41666667142857144,0.9142857261904762,1.5992856776190478,2.4638094833333337,1.5359523657142855,2.048095197619048,5.745238159523809,6.883333347619047,6.100000035714285,6.8071429
2024,31,136.66,306.87380952380954,0.20952381428571423,2.677142826190476,6.669047683333333,303.6690476190476,301.7214285714286,304.9952380952381,300.46666666666664,0.2595238128571428,2.645238107142857,0.0,0.41666667142857144,1.9045237738095235,1.5992856776190478,2.4638094833333337,1.5359523657142855,6.071428645238096,5.745238159523809,6.883333347619047,6.100000035714285
2024,32,107.71000000000001,299.47857142857146,1.8928571647619048,1.1423809347619047,4.78809530952381,306.87380952380954,303.6690476190476,301.7214285714286,304.9952380952381,0.20952381428571423,0.2595238128571428,2.645238107142857,0.0,2.677142826190476,1.9045237738095235,1.5992856776190478,2.4638094833333337,6.669047683333333,6.071428645238096,5.745238159523809,6.883333347619047
2024,33,107.64,303.102380952381,1.0833333366666666,1.847619014285714,5.307142907142857,299.47857142857146,306.87380952380954,303.6690476190476,301.7214285714286,1.8928571647619048,0.20952381428571423,0.2595238128571428,2.645238107142857,1.1423809347619047,2.677142826190476,1.9045237738095235,1.5992856776190478,4.78809530952381,6.669047683333333,6.071428645238096,5.745238159523809
2024,34,72.45,302.5809523809524,2.233333366666667,1.7902380547619048,5.204761961904762,303.102380952381,299.47857142857146,306.87380952380954,303.6690476190476,1.0833333366666666,1.8928571647619048,0.20952381428571423,0.2595238128571428,1.847619014285714,1.1423809347619047,2.677142826190476,1.9045237738095235,5.307142907142857,4.78809530952381,6.669047683333333,6.071428645238096
2024,35,111.08,301.9761904761905,0.007142857142857134,1.8333333095238098,5.6285714928571435,302.5809523809524,303.102380952381,299.47857142857146,306.87380952380954,2.233333366666667,1.0833333366666666,1.8928571647619048,0.20952381428571423,1.7902380547619048,1.847619014285714,1.1423809347619047,2.677142826190476,5.204761961904762,5.307142907142857,4.78809530952381,6.669047683333333
2024,36,100.14,300.2190476190476,3.3190476190476192,1.7107142728571427,4.790476254761905,301.9761904761905,302.5809523809524,303.102380952381,299.47857142857146,0.007142857142857134,2.233333366666667,1.0833333366666666,1.8928571647619048,1.8333333095238098,1.7902380547619048,1.847619014285714,1.1423809347619047,5.6285714928571435,5.204761961904762,5.307142907142857,4.78809530952381
2024,37,110.85,300.75952380952384,0.09999999999999998,1.8485713976190477,4.9214286142857135,300.2190476190476,301.9761904761905,302.5809523809524,303.102380952381,3.3190476190476192,0.007142857142857134,2.233333366666667,1.0833333366666666,1.7107142728571427,1.8333333095238098,1.7902380547619048,1.847619014285714,4.790476254761905,5.6285714928571435,5.204761961904762,5.307142907142857
2024,38,100.61,296.73809523809524,3.6238095761904763,1.4047618754761901,4.292857214285715,300.75952380952384,300.2190476190476,301.9761904761905,302.5809523809524,0.09999999999999998,3.3190476190476192,0.007142857142857134,2.233333366666667,1.8485713976190477,1.7107142728571427,1.8333333095238098,1.7902380547619048,4.9214286142857135,4.790476254761905,5.6285714928571435,5.204761961904762
2024,39,90.58,300.56666666666666,0.028571429523809515,1.8099999714285715,4.440476221428571,296.73809523809524,300.75952380952384,300.2190476190476,301.9761904761905,3.6238095761904763,0.09999999999999998,3.3190476190476192,0.007142857142857134,1.4047618754761901,1.8485713976190477,1.7107142728571427,1.8333333095238098,4.292857214285715,4.9214286142857135,4.790476254761905,5.6285714928571435
2024,40,100.5,297.35238095238094,0.0,1.643571407142857,4.219047652380953,300.56666666666666,296.73809523809524,300.75952380952384,300.2190476190476,0.028571429523809515,3.6238095761904763,0.09999999999999998,3.3190476190476192,1.8099999714285715,1.4047618754761901,1.8485713976190477,1.7107142728571427,4.440476221428571,4.292857214285715,4.9214286142857135,4.790476254761905
2024,41,90.78999999999999,296.0380952380953,0.0,1.6152380640476192,3.5142857285714286,297.35238095238094,300.56666666666666,296.73809523809524,300.75952380952384,0.0,0.028571429523809515,3.6238095761904763,0.09999999999999998,1.643571407142857,1.8099999714285715,1.4047618754761901,1.8485713976190477,4.219047652380953,4.440476221428571,4.292857214285715,4.9214286142857135
2024,42,68.24,291.9190476190476,0.38571429285714287,1.0057142621428572,3.0547619333333333,296.0380952380953,297.35238095238094,300.56666666666666,296.73809523809524,0.0,0.0,0.028571429523809515,3.6238095761904763,1.6152380640476192,1.643571407142857,1.8099999714285715,1.4047618754761901,3.5142857285714286,4.219047652380953,4.440476221428571,4.292857214285715
2024,43,58.379999999999995,292.9238095238095,0.014285714285714268,1.201190448809524,3.0523809833333337,291.9190476190476,296.0380952380953,297.35238095238094,300.56666666666666,0.38571429285714287,0.0,0.0,0.028571429523809515,1.0057142621428572,1.6152380640476192,1.643571407142857,1.8099999714285715,3.0547619333333333,3.5142857285714286,4.219047652380953,4.440476221428571
2024,44,40.82,286.152380952381,2.392857197619047,0.7616666541428572,2.385714306190476,292.9238095238095,291.9190476190476,296.0380952380953,297.35238095238094,0.014285714285714268,0.38571429285714287,0.0,0.0,1.201190448809524,1.0057142621428572,1.6152380640476192,1.643571407142857,3.0523809833333337,3.0547619333333333,3.5142857285714286,4.219047652380953
2024,45,37.8,278.6880952380953,5.9380953509523815,0.291190472047619,1.2357142971428572,286.152380952381,292.9238095238095,291.9190476190476,296.0380952380953,2.392857197619047,0.014285714285714268,0.38571429285714287,0.0,0.7616666541428572,1.201190448809524,1.0057142621428572,1.6152380640476192,2.385714306190476,3.0523809833333337,3.0547619333333333,3.5142857285714286
2024,46,36.52,285.54285714285714,0.0,0.682142845952381,2.1666666857142856,278.6880952380953,286.152380952381,292.9238095238095,291.9190476190476,5.9380953509523815,2.392857197619047,0.014285714285714268,0.38571429285714287,0.291190472047619,0.7616666541428572,1.201190448809524,1.0057142621428572,1.2357142971428572,2.385714306190476,3.0523809833333337,3.0547619333333333
2024,47,37.81,285.34047619047624,0.11190476285714283,0.7552380804761905,2.1333333642857144,285.54285714285714,278.6880952380953,286.152380952381,292.9238095238095,0.0,5.9380953509523815,2.392857197619047,0.014285714285714268,0.682142845952381,0.291190472047619,0.7616666541428572,1.201190448809524,2.1666666857142856,1.2357142971428572,2.385714306190476,3.0523809833333337
2024,48,37.01,280.01428571428573,0.8904761928571427,0.410952375952381,1.295238109047619,285.34047619047624,285.54285714285714,278.6880952380953,286.152380952381,0.11190476285714283,0.0,5.9380953509523815,2.392857197619047,0.7552380804761905,0.682142845952381,0.291190472047619,0.7616666541428572,2.1333333642857144,2.1666666857142856,1.2357142971428572,2.385714306190476
2024,49,36.78,286.19761904761907,0.0,0.7697618988095237,1.8142857404761905,280.01428571428573,285.34047619047624,285.54285714285714,278.6880952380953,0.8904761928571427,0.11190476285714283,0.0,5.9380953509523815,0.410952375952381,0.7552380804761905,0.682142845952381,0.291190472047619,1.295238109047619,2.1333333642857144,2.1666666857142856,1.2357142971428572
2024,50,35.87,281.13095238095235,0.9452381261904762,0.5240476128571429,1.8000000261904763,286.19761904761907,280.01428571428573,285.34047619047624,285.54285714285714,0.0,0.8904761928571427,0.11190476285714283,0.0,0.7697618988095237,0.410952375952381,0.7552380804761905,0.682142845952381,1.8142857404761905,1.295238109047619,2.1333333642857144,2.1666666857142856
2024,51,34.66,286.37142857142857,0.0,0.8111904638095239,2.1476190666666666,281.13095238095235,286.19761904761907,280.01428571428573,285.34047619047624,0.9452381261904762,0.0,0.8904761928571427,0.11190476285714283,0.5240476128571429,0.7697618988095237,0.410952375952381,0.7552380804761905,1.8000000261904763,1.8142857404761905,1.295238109047619,2.1333333642857144
2024,52,29.53,282.9714285714286,2.4214286428571428,0.542380940952381,1.4976190838095238,286.37142857142857,281.13095238095235,286.19761904761907,280.01428571428573,0.0,0.9452381261904762,0.0,0.8904761928571427,0.8111904638095239,0.5240476128571429,0.7697618988095237,0.410952375952381,2.1476190666666666,1.8000000261904763,1.8142857404761905,1.295238109047619
2025,1,9.870000000000001,280.2952380952381,0.0,0.47666665595238095,1.3976190719047619,282.9714285714286,286.37142857142857,281.13095238095235,286.19761904761907,2.4214286428571428,0.0,0.9452381261904762,0.0,0.542380940952381,0.8111904638095239,0.5240476128571429,0.7697618988095237,1.4976190838095238,2.1476190666666666,1.8000000261904763,1.8142857404761905
