year,week,39.7333_-105.1833,39.7333_-105.225,39.7333_-105.2667,39.775_-105.1833,39.775_-105.225,39.775_-105.2667
1999,52,1.35,1.25000002,1.15,1.40000005,1.35,1.15
2000,1,1.3857143,1.3000000142857142,1.2142857342857145,1.3571428714285714,1.328571457142857,1.1857143200000002
2000,2,2.200000014285714,2.1000000285714284,1.9571428714285715,2.1857143,2.1714286,2.000000028571429
2000,3,2.0000000142857144,1.9000000428571426,1.7142857571428571,2.0571428714285713,2.0142857285714286,1.828571442857143
2000,4,1.0857142914285716,1.0285714428571429,0.9714285771428572,1.071428577142857,1.0571428628571429,0.9714285914285714
2000,5,1.9857143285714287,1.914285742857143,1.8000000142857142,2.0000000142857144,1.9285714714285713,1.8142857142857143
2000,6,2.0142857285714286,1.9285714571428572,1.7571428857142857,2.042857157142857,1.9428571857142856,1.8000000285714286
2000,7,2.028571448571429,1.9285714342857143,1.785714305714286,2.0571428771428573,1.9571428714285715,1.7714286000000001
2000,8,2.642857157142857,2.5571428714285713,2.328571457142857,2.7714285857142857,2.6571428571428575,2.428571457142857
2000,9,2.7428571571428573,2.6285714285714286,2.428571442857143,2.7857143,2.6999999999999997,2.4571429
2000,10,2.428571442857143,2.3285714285714287,2.200000014285714,2.5,2.400000014285714,2.2285714428571426
2000,11,2.2714285857142857,2.1857143142857143,2.028571442857143,2.2571428857142855,2.2142857714285715,2.0285714285714285
2000,12,2.514285742857143,2.414285714285714,2.3000000000000003,2.5714286,2.4857143,2.28571432
2000,13,2.6714285999999996,2.5714285714285716,2.4714285857142855,2.642857171428571,2.5571428857142857,2.400000014285714
2000,14,4.300000085714286,4.214285757142857,4.085714328571429,4.285714328571428,4.1428572,3.914285714285714
2000,15,4.228571428571429,4.157142957142857,3.9857143285714285,4.3428571428571425,4.185714342857143,3.9857143285714285
2000,16,4.585714371428572,4.4714285857142855,4.228571442857143,4.771428628571428,4.6285715142857144,4.3571428857142855
2000,17,4.528571485714286,4.457142857142857,4.3142857999999995,4.671428614285714,4.514285857142857,4.314285714285714
2000,18,5.7142858,5.6285715142857144,5.4571429,5.842857228571428,5.742857185714286,5.428571514285714
2000,19,4.542857228571429,4.457142942857143,4.314285757142857,4.585714457142857,4.485714371428571,4.242857142857143
2000,20,4.8,4.728571471428571,4.614285714285714,4.828571471428572,4.714285757142856,4.485714385714286
2000,21,5.9428572285714285,5.828571514285714,5.6142857571428575,6.071428614285714,5.9428572285714285,5.642857185714286
2000,22,6.6142857571428575,6.457142942857142,6.314285757142857,6.5714286571428575,6.428571471428571,6.185714328571429
2000,23,7.1714288,6.957142942857142,6.642857185714285,7.314285714285715,7.114285942857143,6.700000042857143
2000,24,5.985714285714286,5.871428614285714,5.614285842857143,6.085714328571428,5.914285714285714,5.5571429000000006
2000,25,6.242857142857143,6.085714414285714,5.814285714285715,6.371428614285714,6.214285757142856,5.857142857142857
2000,26,5.614285728571429,5.471428571428571,5.328571471428572,5.628571428571428,5.471428614285714,5.200000128571429
2000,27,6.871428571428572,6.700000085714286,6.4142858,7.000000042857143,6.8000000428571425,6.442857142857143
2000,28,6.1285715142857144,5.971428614285714,5.728571471428571,6.271428657142857,6.1142857571428575,5.800000085714286
2000,29,5.6857143428571435,5.542857328571428,5.4428572,5.671428571428572,5.528571557142857,5.3428571428571425
2000,30,6.557142857142857,6.357142857142857,6.1142857571428575,6.657142899999999,6.4571429,6.128571428571428
2000,31,6.185714328571429,5.985714414285715,5.742857142857143,6.228571471428571,6.071428614285714,5.714285757142858
2000,32,6.171428571428572,6.0,5.728571514285714,6.242857228571429,6.1142858,5.728571471428571
2000,33,5.2142858,5.014285714285714,4.842857185714286,5.2142858,5.0714286714285715,4.742857185714286
2000,34,5.0714287,4.900000085714287,4.7142858,5.142857142857143,5.000000128571429,4.671428571428572
2000,35,4.657142942857143,4.514285800000001,4.3,4.7142858,4.542857185714285,4.228571514285714
2000,36,5.642857228571429,5.457142942857144,5.185714371428572,5.771428657142857,5.6000000000000005,5.242857228571429
2000,37,5.185714371428571,5.028571428571429,4.771428742857142,5.271428657142857,5.100000042857142,4.7571429428571435
2000,38,2.8857143485714287,2.8142857342857144,2.757142871428571,2.757142862857143,2.6571429200000005,2.514285762857143
2000,39,3.714285757142857,3.5571428714285713,3.4000000285714287,3.7428571857142856,3.5857143,3.3714286
2000,40,2.5428571714285715,2.4857142857142853,2.4714286,2.4857143,2.3857143142857145,2.3142857571428572
2000,41,2.6999999999999997,2.6000000285714284,2.4714286,2.7142857142857144,2.6000000142857145,2.485714342857143
2000,42,2.6714285857142857,2.6142857142857143,2.514285742857143,2.6714285857142857,2.585714285714286,2.442857157142857
2000,43,1.9285714714285713,1.8857143571428572,1.8285714714285715,1.928571485714286,1.8714286142857142,1.7714285857142857
2000,44,1.7714286142857143,1.7285714857142858,1.6142857571428573,1.800000057142857,1.7571429142857142,1.6285714714285715
2000,45,0.9000000114285714,0.8857142914285714,0.8285714285714285,0.8714285771428572,0.8428571485714286,0.7857142857142857
2000,46,1.1571428857142858,1.1285714485714284,1.0714285914285715,1.1428571771428573,1.1142857342857142,1.0571428771428573
2000,47,1.5428571714285713,1.528571457142857,1.4142857142857144,1.5571429,1.528571457142857,1.3571428571428572
2000,48,1.4857143142857143,1.414285742857143,1.328571442857143,1.5000000142857144,1.4714285999999999,1.3000000257142859
2000,49,1.542857157142857,1.5285714428571429,1.4285714428571428,1.5285714628571427,1.5142857342857143,1.342857182857143
2000,50,1.2285714285714284,1.1999999999999997,1.1142857285714285,1.2428571571428573,1.1999999999999997,1.1285714285714286
2000,51,1.4000000000000001,1.3714285714285714,1.2714285914285715,1.457142857142857,1.457142857142857,1.3142857200000002
2000,52,1.0571428857142857,1.042857157142857,1.0,1.0571428857142857,1.0000000142857144,0.9142857257142857
2001,1,1.8714285857142856,1.8142857142857143,1.7571428714285715,1.9000000142857143,1.8428571428571427,1.7428571571428573
2001,2,2.014285742857143,1.9571428999999998,1.7714286142857143,2.0714285857142856,2.042857157142857,1.8714286142857142
2001,3,1.01428574,1.01428574,0.9571428771428572,0.9857143057142856,0.9857143057142856,0.8857142914285714
2001,4,1.21428574,1.21428574,1.142857162857143,1.1428571714285716,1.1428571714285716,1.0857142914285716
2001,5,1.2428571857142858,1.2428571857142858,1.2285714571428572,1.2428571857142858,1.2571429,1.214285742857143
2001,6,1.2857143142857144,1.2857143142857144,1.2714285857142857,1.2428571571428573,1.228571442857143,1.2285714428571428
2001,7,1.500000042857143,1.500000042857143,1.4714285714285715,1.4714285714285715,1.442857157142857,1.4857143142857143
2001,8,1.8571428857142858,1.8428571714285715,1.7428571571428573,1.9142857571428569,1.885714342857143,1.828571442857143
2001,9,1.557142885714286,1.5142857285714284,1.4142857142857144,1.585714342857143,1.5285714714285716,1.4285714285714286
2001,10,2.1000000285714284,2.0285714571428572,1.914285742857143,2.128571442857143,2.0571428857142857,1.88571432
2001,11,2.0285714857142856,1.9428571428571428,1.7857143000000002,2.0571428857142857,1.9714285857142857,1.8000000142857142
2001,12,2.7857142857142856,2.700000014285714,2.528571442857143,2.8285714285714287,2.757142857142857,2.557142928571429
2001,13,2.585714328571428,2.5000000285714283,2.400000014285714,2.628571442857143,2.542857157142857,2.3714286
2001,14,4.114285842857143,3.9857142857142853,3.8142857285714284,4.228571471428571,4.071428628571428,3.8428572
2001,15,2.8571428714285716,2.8142857285714284,2.685714285714286,2.8857143,2.8285714428571427,2.6142857142857143
2001,16,4.1,3.985714371428571,3.857142857142857,4.157142928571429,4.028571442857143,3.8000000999999997
2001,17,4.371428571428572,4.3,4.085714285714286,4.5285714285714285,4.371428571428572,4.128571528571428
2001,18,3.1142858,3.0857143285714286,2.928571485714286,3.1857143,3.085714314285714,2.8857143485714287
2001,19,5.185714328571429,5.100000042857142,4.9142859,5.328571428571428,5.200000085714286,4.971428657142857
2001,20,4.8714287,4.800000085714286,4.614285714285714,5.000000042857143,4.900000042857143,4.642857142857143
2001,21,5.214285714285714,5.1142857571428575,4.9857143285714285,5.271428671428572,5.1285715142857144,4.8999999999999995
2001,22,5.528571514285715,5.428571428571429,5.328571514285714,5.514285757142857,5.400000085714285,5.214285714285714
2001,23,5.8428571428571425,5.7571429428571435,5.628571557142857,5.9142858,5.771428614285715,5.5714287
2001,24,6.4857143285714285,6.3714287,6.128571428571428,6.642857142857143,6.500000042857144,6.185714328571429
2001,25,6.328571471428572,6.242857228571429,6.100000128571429,6.357142942857143,6.228571428571429,5.942857185714286
2001,26,6.600000042857142,6.485714285714286,6.2142858,6.728571514285714,6.6285715142857144,6.257142942857143
2001,27,6.828571428571428,6.685714371428572,6.4571429857142855,6.885714328571429,6.7571429,6.4142858
2001,28,5.4571429,5.328571471428572,5.157142942857143,5.514285800000001,5.400000042857143,5.171428657142856
2001,29,6.285714328571429,6.114285842857143,5.885714285714286,6.3999999999999995,6.2571429428571435,5.8999999999999995
2001,30,6.071428571428571,5.900000042857143,5.700000085714286,6.171428614285714,6.014285714285714,5.700000128571429
2001,31,6.185714285714285,6.014285800000001,5.742857142857143,6.314285757142857,6.128571471428572,5.785714285714286
2001,32,4.857142857142857,4.700000014285714,4.471428671428571,4.9142858,4.742857214285714,4.4285714714285715
2001,33,5.285714328571428,5.085714285714286,4.828571528571429,5.328571514285715,5.157142899999999,4.800000099999999
2001,34,5.328571514285714,5.142857228571429,4.900000042857143,5.3999999999999995,5.242857228571428,4.9285714714285715
2001,35,5.5571429000000006,5.4000001285714285,5.171428657142857,5.642857142857143,5.4857143285714285,5.142857142857143
2001,36,4.714285814285715,4.614285714285714,4.442857185714286,4.7571429,4.628571457142857,4.3571429
2001,37,4.457142871428571,4.357142871428572,4.2571429571428565,4.442857157142857,4.314285714285714,4.171428657142857
2001,38,4.100000042857142,4.014285757142857,3.9285714714285715,4.100000042857142,3.985714328571429,3.8285714714285715
2001,39,4.4000001285714285,4.285714285714286,4.128571428571429,4.4142858,4.257142857142857,4.0428571714285715
2001,40,3.3571429,3.3000000714285713,3.228571457142857,3.3000000285714286,3.2142857142857144,3.1
2001,41,2.8571429,2.8000000285714286,2.6714285857142857,2.900000014285714,2.8142857428571424,2.6571428571428575
2001,42,3.185714357142857,3.0857143,3.0142857142857147,3.171428614285714,3.0571428857142857,2.928571442857143
2001,43,2.9714286,2.9000000285714287,2.7428571857142856,3.042857142857143,2.942857157142857,2.7714286
2001,44,2.7714286,2.671428614285714,2.528571442857143,2.7571429000000003,2.671428642857143,2.5
2001,45,2.185714285714286,2.128571457142857,1.9714285857142857,2.2142857428571427,2.1857143,1.985714314285714
2001,46,1.9000000571428572,1.8571428857142855,1.7142857285714286,1.9571428714285715,1.8857143285714284,1.7428571428571427
2001,47,1.6714286142857142,1.5714286057142857,1.5,1.6571428628571427,1.5857142999999998,1.4428571542857143
2001,48,1.0571428857142857,1.0142857428571428,0.9571428571428572,1.042857142857143,1.0285714285714285,0.9142857142857144
2001,49,2.028571471428571,1.9571428999999998,1.7857142857142858,2.142857157142857,2.0857143,1.9000000142857143
2001,50,1.3428571714285715,1.2857143000000002,1.2000000142857143,1.3571428714285716,1.328571442857143,1.2285714285714284
2001,51,1.5142857142857142,1.4142857142857144,1.3285714628571428,1.5142857285714286,1.4714285857142857,1.3142857342857144
2001,52,1.1428571428571428,1.0714285971428572,1.0285714685714287,1.1000000257142857,1.0714285971428572,0.9428571571428571
2002,1,1.1714285857142859,1.1428571714285716,1.1000000142857143,1.1285714571428571,1.1285714571428571,1.0714285857142856
2002,2,2.0142857142857142,1.9857143,1.842857142857143,2.042857142857143,2.042857142857143,1.8571428714285714
2002,3,1.1428571428571428,1.1285714428571427,1.1,1.1428571428571428,1.1428571428571428,1.1
2002,4,2.1285714485714284,2.071428577142857,1.9714285914285714,2.1571428771428574,2.1714286057142855,2.00000002
2002,5,1.4714285914285714,1.41428572,1.3714285771428572,1.4571428628571428,1.4285714342857143,1.3428571714285715
2002,6,2.2000000571428573,2.0857143285714286,1.9857142857142855,2.2142857428571427,2.142857157142857,1.957142857142857
2002,7,2.400000014285714,2.314285714285714,2.1428571857142855,2.442857157142857,2.3571428714285716,2.1714285857142857
2002,8,2.685714357142857,2.6,2.371428642857143,2.8714286,2.757142871428571,2.542857157142857
2002,9,1.3000000142857144,1.2428571714285714,1.2142857285714286,1.2571428771428572,1.2000000199999998,1.1714286057142858
2002,10,2.6285714714285717,2.5714286142857143,2.442857185714286,2.6428572000000004,2.571428585714286,2.5000000142857144
2002,11,2.3142857285714284,2.2571428857142855,2.157142885714286,2.328571457142857,2.257142862857143,2.2142857285714284
2002,12,2.7285714428571426,2.6714285999999996,2.5714285857142856,2.728571471428571,2.6714285857142857,2.5714286
2002,13,3.2857143285714288,3.2142858,3.071428585714286,3.4,3.3000000714285713,3.2142857857142855
2002,14,3.8999999999999995,3.8571429,3.7571429000000003,3.9714285714285715,3.8857142857142857,3.7571429857142857
2002,15,4.328571528571429,4.257142914285714,4.057142857142857,4.428571428571429,4.2857143,4.042857142857143
2002,16,4.6285715142857144,4.557142857142857,4.3428571428571425,4.785714342857142,4.614285799999999,4.357142914285714
2002,17,4.785714328571429,4.6714287,4.528571514285714,4.900000085714285,4.728571485714285,4.557142957142857
2002,18,4.671428571428572,4.600000085714286,4.428571428571429,4.800000085714286,4.7,4.514285714285714
2002,19,4.514285714285714,4.471428614285714,4.314285757142857,4.614285714285714,4.514285757142857,4.342857185714286
2002,20,4.828571471428572,4.828571471428572,4.742857185714286,4.814285714285715,4.728571514285714,4.6285715142857144
2002,21,5.042857185714285,5.014285757142857,4.871428614285714,5.142857285714285,5.028571442857142,4.8571429
2002,22,6.500000171428572,6.385714285714286,6.157142942857143,6.642857185714285,6.485714371428571,6.200000085714286
2002,23,6.4714288,6.400000042857143,6.242857142857143,6.571428628571428,6.457143014285713,6.257142999999999
2002,24,5.814285842857143,5.728571471428571,5.642857185714285,5.800000128571428,5.7,5.500000128571429
2002,25,7.100000042857142,6.9714287,6.771428614285715,7.171428657142857,7.028571514285714,6.700000042857143
2002,26,7.000000128571429,6.885714371428571,6.628571471428572,7.085714328571428,6.942857271428571,6.671428614285714
2002,27,6.5571430714285714,6.357142857142857,6.1285715142857144,6.614285799999999,6.428571428571429,6.100000171428571
2002,28,6.728571471428571,6.528571471428571,6.371428571428572,6.757142942857143,6.6000000000000005,6.328571471428572
2002,29,7.200000085714286,7.000000042857144,6.728571471428571,7.285714328571428,7.114285714285714,6.742857185714286
2002,30,6.4428572285714285,6.257142857142857,6.014285757142857,6.585714328571428,6.400000042857143,6.0714286571428575
2002,31,6.285714371428571,6.128571557142857,5.942857142857143,6.371428614285715,6.228571557142857,5.914285714285714
2002,32,5.928571514285714,5.8,5.600000128571429,6.014285757142857,5.871428657142857,5.614285842857143
2002,33,6.700000042857143,6.528571471428571,6.342857228571428,6.7142858,6.557142985714286,6.257142857142857
2002,34,5.514285928571428,5.4142858,5.271428614285715,5.542857228571428,5.4428572285714285,5.200000042857143
2002,35,5.357142942857143,5.242857228571429,5.142857271428572,5.328571514285714,5.200000085714286,5.028571428571429
2002,36,5.942857142857143,5.7571429,5.471428614285714,6.071428614285714,5.914285757142857,5.528571471428571
2002,37,3.0857143,3.0142857285714286,2.9142857285714285,3.0000000428571427,2.900000014285714,2.7428571571428573
2002,38,4.128571485714286,4.0,3.8142857714285716,4.214285757142857,4.071428628571429,3.8142857714285716
2002,39,3.942857142857143,3.8000000999999997,3.6428571571428567,3.928571442857143,3.7857143714285715,3.5857143
2002,40,2.7571429000000003,2.728571457142857,2.6142857428571427,2.7857143,2.7285714428571426,2.5714286
2002,41,3.228571457142857,3.1714286,3.0857143428571425,3.285714342857143,3.2142857142857144,3.0571428857142857
2002,42,2.7857142857142856,2.700000014285714,2.6,2.8285714428571427,2.7428571571428573,2.600000028571429
2002,43,1.7142857285714286,1.7,1.6714285714285713,1.7142857285714286,1.6571428714285712,1.5999999999999999
2002,44,0.9857142914285715,0.9714285771428572,1.0,0.9,0.8714285714285713,0.8714285714285713
2002,45,2.4571428714285717,2.385714342857143,2.2428571857142856,2.585714328571428,2.514285742857143,2.3285714714285715
2002,46,1.8000000142857142,1.7714285857142857,1.6142857285714285,1.8714285857142856,1.8428571714285715,1.6428571428571428
2002,47,2.0428571485714286,1.9714285857142857,1.8428571714285715,2.1142857714285714,2.042857157142857,1.8571428571428572
2002,48,1.4428571685714286,1.38571432,1.3142857485714285,1.4142857342857142,1.4000000142857143,1.2714285857142857
2002,49,1.2428571571428573,1.1428571485714285,1.0857142914285713,1.2142857342857145,1.171428577142857,1.0428571685714285
2002,50,2.0714286,1.942857157142857,1.7714285857142857,2.142857171428571,2.0714285857142856,1.828571457142857
2002,51,1.4000000285714285,1.3428571628571428,1.1714286028571428,1.4285714628571429,1.3857143057142858,1.1857142914285714
2002,52,1.5999999999999999,1.542857142857143,1.4285714428571428,1.6857142857142857,1.6285714428571427,1.442857157142857
2003,1,1.7857143142857144,1.7000000142857143,1.542857157142857,1.8428571771428572,1.7714286057142858,1.5857143142857144
2003,2,1.5857142914285713,1.4857143,1.4428571428571428,1.5714285857142858,1.557142885714286,1.4285714342857143
2003,3,1.8857143,1.8000000142857142,1.6857142857142857,1.914285757142857,1.8714286142857142,1.6857142999999997
2003,4,2.0000000142857144,1.914285757142857,1.7857143,2.028571442857143,1.9714286142857145,1.828571442857143
2003,5,2.5571428857142857,2.442857142857143,2.228571457142857,2.7142857142857144,2.642857142857143,2.414285742857143
2003,6,0.84285716,0.8285714514285714,0.81428572,0.8000000114285715,0.7714285771428572,0.7714285771428572
2003,7,1.7571428714285715,1.714285742857143,1.6000000057142858,1.8142857142857143,1.7428571485714284,1.6428571628571427
2003,8,1.6285714571428571,1.6000000285714286,1.4571428714285715,1.7142857714285713,1.6714286,1.5428571714285713
2003,9,1.228571442857143,1.2000000142857143,1.1714285714285715,1.1571428714285712,1.1142857142857143,1.042857142857143
2003,10,2.6571428999999998,2.557142857142857,2.3857143,2.7142857142857144,2.628571442857143,2.3571428714285716
2003,11,3.7571429285714286,3.6142857428571427,3.314285714285714,3.985714342857143,3.857142857142857,3.4857143
2003,12,2.157142885714286,2.042857157142857,1.9857143142857143,2.0857143,1.9857143,1.7857143057142857
2003,13,2.528571471428571,2.4285714714285715,2.3142857285714284,2.542857157142857,2.4428571714285714,2.2285714428571426
2003,14,3.5714286285714287,3.5,3.300000014285714,3.8000001000000005,3.6714285857142857,3.4285714285714284
2003,15,4.028571528571429,3.9285715285714287,3.7142857714285715,4.100000042857142,3.9714286571428574,3.7285714857142858
2003,16,4.157142957142857,4.100000057142857,4.000000042857143,4.2428572,4.114285814285714,3.857142857142857
2003,17,3.7857143285714288,3.714285771428571,3.6571428571428575,3.785714385714286,3.7000000428571425,3.5428572000000003
2003,18,4.1142857571428575,4.028571471428571,3.885714314285714,4.2571429,4.128571428571428,3.9285715
2003,19,3.442857185714286,3.400000042857143,3.285714314285714,3.528571471428571,3.4714286142857143,3.357142914285714
2003,20,5.014285885714286,4.928571514285714,4.771428614285715,5.128571471428572,5.000000171428572,4.771428571428571
2003,21,4.528571485714286,4.4857143285714285,4.442857185714286,4.5428572,4.4428573,4.300000014285714
2003,22,5.742857185714286,5.685714285714285,5.542857185714285,5.8571430285714285,5.728571428571429,5.585714285714286
2003,23,4.257142857142857,4.200000042857143,4.157142899999999,4.285714285714286,4.2,4.1142857571428575
2003,24,5.271428657142857,5.171428614285714,4.971428614285714,5.385714285714285,5.271428657142857,5.042857228571428
2003,25,4.985714371428571,4.9428572285714285,4.814285757142857,5.0571429000000006,4.9571429,4.785714285714286
2003,26,5.300000171428572,5.257142942857143,5.128571428571428,5.342857228571428,5.242857271428571,5.057142857142857
2003,27,6.871428614285714,6.728571428571429,6.514285885714286,6.971428742857142,6.828571428571428,6.5714287
2003,28,7.228571471428571,7.0571429000000006,6.857142942857143,7.257142857142857,7.1000000000000005,6.814285885714286
2003,29,6.885714414285714,6.7142858,6.457142857142857,6.971428571428571,6.785714414285715,6.471428571428571
2003,30,6.385714414285714,6.2,5.971428614285714,6.471428614285714,6.271428614285715,5.985714285714286
2003,31,5.771428742857142,5.571428571428571,5.371428657142857,5.828571514285714,5.671428657142857,5.357142942857143
2003,32,5.842857185714286,5.671428571428571,5.414285714285714,5.957142857142857,5.785714285714286,5.428571428571429
2003,33,5.842857271428572,5.642857142857143,5.385714371428572,5.9000001285714285,5.700000042857143,5.342857271428572
2003,34,5.657142942857143,5.442857142857143,5.171428657142856,5.757142857142857,5.542857271428572,5.185714328571429
2003,35,4.385714328571429,4.242857185714286,4.114285714285715,4.400000042857143,4.271428657142857,4.014285714285714
2003,36,4.071428628571428,3.957142957142857,3.814285714285714,4.1142858,4.000000057142857,3.7714286285714285
2003,37,3.9714285857142855,3.8857143,3.714285728571429,4.114285714285714,3.9857143857142856,3.728571428571428
2003,38,4.514285757142857,4.414285714285714,4.2285715,4.642857142857143,4.485714357142857,4.257142942857143
2003,39,4.3857143,4.285714357142857,4.114285771428571,4.385714314285714,4.257142857142857,4.0571429000000006
2003,40,3.014285742857143,2.942857157142857,2.9285714714285715,2.9,2.814285714285714,2.7428571571428573
2003,41,3.942857228571429,3.857142914285714,3.685714285714286,4.028571428571429,3.9000000999999997,3.6857143000000003
2003,42,3.771428671428571,3.6714285857142857,3.528571442857143,3.814285714285714,3.671428628571429,3.5000000285714283
2003,43,3.285714342857143,3.185714357142857,3.0428571714285715,3.285714357142857,3.2000000714285717,3.0142857142857147
2003,44,2.6142857285714283,2.528571457142857,2.4714285857142855,2.614285785714286,2.5000000428571427,2.4142857199999996
2003,45,1.3571428771428573,1.3571428771428573,1.3000000342857143,1.3428571485714287,1.3142857342857144,1.2714286057142858
2003,46,2.014285742857143,1.9714285714285715,1.8142857285714287,2.100000042857143,2.0571429,1.8714286142857142
2003,47,2.0142857285714286,1.9571429000000002,1.8142857285714287,2.0857143,2.0285714285714285,1.9000000285714285
2003,48,1.4714286057142856,1.4285714342857143,1.3142857457142856,1.4857143057142856,1.4428571828571428,1.2571428742857143
2003,49,2.1142857142857143,2.0285714857142856,1.9000000428571429,2.1428571714285716,2.085714285714286,1.9285714428571428
2003,50,1.2285714285714284,1.2000000057142857,1.157142905714286,1.1714285714285713,1.1714285714285713,1.0714286114285714
2003,51,1.8857143,1.8142857285714287,1.7428571714285714,1.9142857285714285,1.8714285857142858,1.7428571714285714
2003,52,1.728571462857143,1.6714285857142859,1.5000000285714286,1.8000000200000001,1.7428571914285715,1.5142857285714284
2004,1,1.271428577142857,1.2571428771428572,1.1571428714285716,1.2857143057142857,1.2714286057142858,1.1857143
2004,2,1.5714285914285715,1.5285714485714286,1.4714285771428572,1.6000000285714286,1.5571428714285713,1.5142857285714286
2004,3,1.7428571714285714,1.6428571857142857,1.5714285714285714,1.7428571714285714,1.7000000285714287,1.5857143142857144
2004,4,1.5142857428571428,1.47142862,1.3857143342857143,1.5142857342857143,1.48571432,1.3714285857142858
2004,5,1.4000000057142858,1.3714285914285715,1.328571462857143,1.4000000142857143,1.4000000142857143,1.3142857428571428
2004,6,1.1285714428571427,1.1142857142857143,1.1142857257142857,1.1285714428571427,1.0857142914285716,1.0857142914285716
2004,7,1.2714285914285715,1.2428571685714285,1.2285714542857142,1.2571428971428573,1.2428571685714285,1.2000000257142855
2004,8,2.0571428571428574,2.0571428571428574,1.9571428857142856,2.1857143,2.157142857142857,2.071428585714286
2004,9,2.228571457142857,2.228571457142857,2.0714285857142856,2.3571429,2.3000000285714286,2.2142857428571427
2004,10,2.0428571714285715,1.9714285999999999,1.9000000142857143,2.014285742857143,1.9428571714285714,1.8
2004,11,3.042857157142857,2.9571428714285717,2.814285714285714,3.1142857142857143,3.042857142857143,2.8714285857142854
2004,12,3.957142857142857,3.814285714285714,3.642857157142857,4.057142871428572,3.985714342857143,3.7428572
2004,13,4.300000014285714,4.142857185714286,3.9571429857142855,4.328571428571428,4.242857142857143,3.9714286142857143
2004,14,3.8714286999999996,3.742857142857143,3.5714285714285716,3.8857142857142857,3.757143,3.514285728571429
2004,15,2.5142857142857147,2.414285742857143,2.3142857285714284,2.4857142857142853,2.3714286,2.185714342857143
2004,16,4.442857142857143,4.285714328571428,4.028571485714286,4.628571428571428,4.442857171428572,4.128571428571428
2004,17,3.214285728571429,3.085714314285714,2.9428571857142853,3.2714286571428572,3.1285714714285717,2.928571442857143
2004,18,3.900000085714286,3.7857143285714288,3.642857157142857,3.957142857142857,3.8142857714285716,3.5428572000000003
2004,19,6.0285716,5.900000042857143,5.642857185714285,6.228571428571429,6.1000000000000005,5.728571428571429
2004,20,4.828571485714286,4.728571485714285,4.628571571428572,4.8428571428571425,4.728571428571429,4.514285771428571
2004,21,5.642857185714285,5.542857142857143,5.3999999999999995,5.685714285714285,5.5714286571428575,5.314285714285715
2004,22,5.542857228571428,5.442857142857143,5.257142857142857,5.657142985714286,5.528571471428571,5.214285757142856
2004,23,5.9714287,5.828571471428572,5.5714286571428575,6.142857185714286,5.9571429,5.628571471428572
2004,24,6.3428571428571425,6.157142899999999,5.871428571428572,6.485714371428571,6.271428614285715,5.928571428571429
2004,25,4.771428571428571,4.657142914285714,4.614285742857143,4.671428614285714,4.514285757142857,4.385714285714286
2004,26,4.542857185714285,4.428571428571429,4.300000128571429,4.614285714285714,4.500000042857143,4.271428585714285
2004,27,5.271428657142857,5.114285799999999,4.9285714714285715,5.342857185714286,5.214285714285714,4.914285714285714
2004,28,6.500000171428572,6.314285757142857,6.028571514285715,6.671428657142857,6.471428657142857,6.071428742857143
2004,29,5.871428614285714,5.7142858,5.4571429,6.028571614285714,5.828571471428572,5.471428571428571
2004,30,4.871428614285714,4.714285771428571,4.5571429142857145,4.8999999999999995,4.7285714428571435,4.500000042857143
2004,31,5.757142857142857,5.600000085714286,5.385714371428572,5.928571557142858,5.728571471428571,5.457143028571429
2004,32,5.514285800000001,5.400000042857143,5.200000042857143,5.671428614285714,5.514285842857142,5.228571471428571
2004,33,4.971428657142857,4.871428614285714,4.728571514285714,4.9857143285714285,4.871428614285714,4.671428614285714
2004,34,4.142857142857143,4.0571429142857145,3.928571442857143,4.214285757142857,4.085714342857143,3.8857143285714284
2004,35,4.600000042857142,4.5000000857142854,4.400000042857143,4.728571471428571,4.571428614285714,4.371428614285714
2004,36,5.000000042857143,4.8571428999999995,4.685714371428571,5.100000042857142,4.9428572285714285,4.6285715142857144
2004,37,5.042857271428572,4.885714328571429,4.671428657142856,5.142857142857143,4.957142942857144,4.657142899999999
2004,38,5.3000000428571425,5.100000042857142,4.857142957142857,5.400000085714287,5.2142858,4.885714457142858
2004,39,3.1714285999999996,3.042857142857143,2.9142857285714285,3.185714342857143,3.0571428714285713,2.8571428857142855
2004,40,2.7285714428571426,2.6285714571428573,2.585714285714286,2.6857143000000003,2.5857143428571425,2.4571428714285717
2004,41,3.014285742857143,2.9142857285714285,2.814285714285714,3.028571471428571,2.900000014285714,2.714285728571429
2004,42,2.8571428857142855,2.7571428857142855,2.6142857285714283,2.8428572,2.7428571857142856,2.5142857142857147
2004,43,2.914285757142857,2.8285714285714287,2.642857142857143,2.9857143,2.8714286,2.6571428714285714
2004,44,2.5,2.3857143,2.242857171428571,2.5142857285714286,2.428571442857143,2.228571457142857
2004,45,2.2571429057142858,2.1857142914285714,2.0571428571428574,2.3142857342857144,2.257142862857143,2.1000000142857145
2004,46,1.5000000285714286,1.457142857142857,1.32857144,1.4857143114285714,1.4714285971428571,1.3428571628571428
2004,47,1.442857162857143,1.3857142857142857,1.3000000142857144,1.4142857285714285,1.3857143,1.2857143
2004,48,1.2285714285714284,1.1714285914285714,1.1142857342857142,1.21428572,1.2000000057142857,1.1000000057142858
2004,49,1.2714286142857143,1.2142857285714286,1.2000000199999998,1.2285714571428572,1.1285714342857143,1.0571428628571429
2004,50,1.9428572000000002,1.8714286,1.7285714428571428,2.0000000285714283,1.9142857428571427,1.7571429
2004,51,1.8000000342857143,1.728571462857143,1.6285714342857143,1.8285714628571428,1.80000002,1.6142857142857143
2004,52,1.457142857142857,1.3857143142857142,1.3142857285714287,1.457142857142857,1.3857143,1.271428577142857
2004,53,1.8142857142857143,1.7571428714285715,1.6142857142857143,1.842857142857143,1.8000000285714286,1.6285714571428573
2005,1,1.1571428628571427,1.1285714342857143,1.1142857285714285,1.1285714285714286,1.1285714285714286,1.0857142857142856
2005,2,1.4857143342857142,1.4428571485714285,1.3857143,1.442857162857143,1.4285714628571429,1.3857143
2005,3,2.2285714428571426,2.1571428714285714,2.0428571714285715,2.2714285857142857,2.2571428714285715,2.142857142857143
2005,4,1.4571428999999998,1.3571428714285716,1.3142857285714287,1.414285742857143,1.3857143,1.328571442857143
2005,5,1.5428571485714286,1.442857177142857,1.3714286057142857,1.5428571914285716,1.4714285771428572,1.3571428857142855
2005,6,1.7571428914285714,1.68571432,1.5571428714285713,1.7714285857142857,1.7000000142857143,1.557142885714286
2005,7,2.0000000057142855,1.9285714485714287,1.8000000057142855,2.0,1.9285714285714286,1.842857142857143
2005,8,1.9714286285714286,1.9000000285714285,1.7428571714285714,2.0285714571428572,1.928571485714286,1.8
2005,9,2.6,2.4714286428571426,2.2714285857142857,2.685714285714286,2.5714286,2.342857157142857
2005,10,3.028571442857143,2.8857142857142857,2.6857143,3.114285757142857,2.9714285857142855,2.7
2005,11,2.2000000571428573,2.085714285714286,1.9428571571428572,2.2285714285714286,2.1285714714285713,1.9285714342857143
2005,12,2.428571457142857,2.3000000000000003,2.200000014285714,2.3857143285714284,2.2714285857142857,2.1285714285714286
2005,13,3.357142857142857,3.228571471428571,3.0000000285714283,3.500000085714286,3.342857157142857,3.1000000142857145
2005,14,3.828571485714286,3.7428571571428573,3.528571471428571,4.0285714285714285,3.8571429,3.6571428714285714
2005,15,3.6285715,3.528571457142857,3.4142857857142856,3.7000000571428573,3.5714286142857143,3.4285714285714284
2005,16,3.857142857142857,3.7714286285714285,3.6857143285714287,3.8714285857142854,3.757142942857143,3.6428572000000004
2005,17,2.685714285714286,2.628571442857143,2.6000000142857145,2.642857142857143,2.557142857142857,2.4714286
2005,18,4.257142914285715,4.157142942857143,3.9714286142857143,4.400000042857143,4.271428614285715,4.042857199999999
2005,19,4.4571429,4.357142985714286,4.1571428571428575,4.514285714285714,4.414285757142857,4.185714285714286
2005,20,6.000000128571429,5.871428614285714,5.642857185714285,6.171428657142857,6.028571514285714,5.7571429
2005,21,5.042857271428572,4.914285714285714,4.8428571428571425,5.028571514285714,4.914285842857143,4.728571428571429
2005,22,4.571428628571428,4.4571429,4.371428571428572,4.5428572,4.4,4.271428614285715
2005,23,5.1142857571428575,4.9571429,4.771428628571428,5.171428571428572,5.014285771428571,4.800000057142857
2005,24,6.142857228571429,6.0,5.8000000428571425,6.185714328571429,6.0000000857142854,5.714285714285714
2005,25,6.142857228571429,5.971428614285714,5.728571471428571,6.214285714285714,6.057142985714286,5.7
2005,26,6.814285757142857,6.614285842857143,6.371428614285714,6.942857185714286,6.7571429,6.400000042857143
2005,27,6.8000000428571425,6.585714328571428,6.314285757142857,6.8714287,6.671428614285714,6.328571514285715
2005,28,7.100000042857142,6.885714285714286,6.642857228571429,7.171428614285714,6.928571514285714,6.628571471428572
2005,29,7.1571428571428575,6.928571471428571,6.6571428571428575,7.200000085714286,6.971428571428572,6.6285715142857144
2005,30,6.142857185714285,5.957142857142857,5.771428614285715,6.157142942857143,6.0000000857142854,5.714285757142856
2005,31,5.171428657142857,4.985714285714286,4.8000000428571425,5.171428614285714,5.000000042857143,4.757142857142857
2005,32,4.728571428571429,4.542857228571429,4.371428614285715,4.700000085714286,4.5285715714285715,4.242857185714286
2005,33,5.071428614285714,4.914285714285714,4.700000085714286,5.157142942857143,4.9857143285714285,4.700000057142857
2005,34,5.200000085714286,5.0285716,4.814285757142857,5.342857185714286,5.171428657142857,4.842857185714286
2005,35,5.385714328571429,5.200000128571429,4.942857185714286,5.428571428571429,5.2571429,4.928571471428571
2005,36,5.142857271428572,4.9571429,4.728571471428571,5.200000085714286,5.028571514285715,4.714285757142856
2005,37,4.600000042857142,4.457142871428571,4.228571571428572,4.614285771428571,4.414285771428571,4.1571428571428575
2005,38,4.557142857142857,4.3857143857142855,4.2142858,4.528571442857143,4.3571429,4.157142914285714
2005,39,4.057142871428572,3.942857185714286,3.7428571571428573,4.100000071428571,3.914285714285714,3.6714285714285713
2005,40,3.700000014285714,3.542857157142857,3.3285714285714287,3.6714285857142857,3.4857142857142853,3.228571457142857
2005,41,2.414285714285714,2.2857143,2.1714286,2.4142857285714285,2.285714314285714,2.1285714485714284
2005,42,2.328571457142857,2.214285728571429,2.128571442857143,2.285714314285714,2.1857143142857143,2.0714286142857143
2005,43,2.4285714285714284,2.3142857285714284,2.214285757142857,2.4142857285714285,2.2857142857142856,2.128571442857143
2005,44,3.185714285714286,3.0,2.7571428857142855,3.2142857142857144,3.1142857285714283,2.7714285857142857
2005,45,3.0142857285714286,2.842857157142857,2.6428571857142855,3.0142857285714286,2.8714286,2.585714314285714
2005,46,1.9571428714285715,1.8000000285714286,1.6428571428571428,1.8857142857142857,1.8142857428571428,1.5428571628571428
2005,47,2.4142857285714285,2.2571428857142855,2.0714286142857143,2.428571442857143,2.314285714285714,2.0571429
2005,48,1.4571428714285715,1.3714286,1.2000000342857144,1.4571428714285715,1.3857143,1.142857162857143
2005,49,1.3000000285714286,1.228571462857143,1.171428577142857,1.2571428771428572,1.2142857485714287,1.0857143
2005,50,1.2285714571428572,1.142857157142857,1.0571428714285713,1.1714285714285713,1.157142857142857,1.0000000142857144
2005,51,2.2857142857142856,2.157142885714286,1.942857157142857,2.3571428714285716,2.2571428714285715,2.0142857485714285
2005,52,2.3571428857142855,2.2142857428571427,1.9571428857142856,2.428571457142857,2.3571428857142855,2.0571428571428574
2006,1,2.8142857285714284,2.6857143142857143,2.442857157142857,2.885714314285714,2.785714314285714,2.528571471428571
2006,2,2.700000014285714,2.5428571714285715,2.3285714285714287,2.7714286,2.6714285714285713,2.428571457142857
2006,3,1.5857143142857144,1.4714285714285715,1.4142857342857142,1.542857157142857,1.4857143257142857,1.3428571771428572
2006,4,2.2000000285714285,2.1,1.9571428857142856,2.2142857142857144,2.142857171428571,1.9428572000000002
2006,5,2.2571429000000003,2.1,1.9000000571428572,2.3000000714285713,2.185714285714286,1.9428571857142856
2006,6,2.171428614285714,2.0571428714285713,1.8857143,2.2000000571428573,2.1000000142857145,1.9428571571428572
2006,7,1.5857142857142856,1.5000000114285714,1.4857143,1.4714285857142857,1.4000000000000001,1.3428571628571428
2006,8,2.214285757142857,2.085714285714286,1.985714314285714,2.2428571857142856,2.157142857142857,2.0285714571428572
2006,9,3.4285714714285715,3.2428571571428573,3.0285714285714285,3.5285714285714285,3.3571429142857143,3.1
2006,10,2.442857185714286,2.314285714285714,2.214285757142857,2.4,2.328571485714286,2.185714285714286
2006,11,2.642857142857143,2.500000057142857,2.3714286142857146,2.642857157142857,2.5571428857142857,2.414285757142857
2006,12,2.2714285857142857,2.157142885714286,2.085714314285714,2.1714285857142857,2.1,1.9857143
2006,13,3.685714342857143,3.5142857285714286,3.300000014285714,3.7571429285714286,3.5857142857142854,3.342857157142857
2006,14,4.157142985714286,3.942857228571429,3.742857157142857,4.1571429,3.9714286714285714,3.685714285714286
2006,15,5.400000085714285,5.1571428571428575,4.8714287,5.471428657142857,5.257142857142857,4.900000042857143
2006,16,5.0571429000000006,4.842857242857143,4.6142857571428575,5.114285714285714,4.928571471428571,4.585714328571428
2006,17,3.8142857285714284,3.657142914285714,3.5142857285714286,3.7857143,3.657142914285714,3.4142857571428573
2006,18,4.342857185714286,4.200000014285714,4.071428571428571,4.3428571428571425,4.171428585714286,3.9857143285714285
2006,19,4.928571428571429,4.785714328571428,4.571428628571428,5.014285714285714,4.814285757142857,4.542857185714285
2006,20,5.8571428999999995,5.671428614285714,5.457142857142857,5.914285714285714,5.742857228571429,5.4571429
2006,21,7.000000042857143,6.728571428571429,6.385714371428572,7.157142899999999,6.914285714285714,6.471428614285714
2006,22,6.0000000857142854,5.785714285714286,5.557142942857142,6.014285800000001,5.814285714285714,5.485714414285715
2006,23,7.142857185714285,6.942857142857143,6.6285716,7.257143085714286,7.057142857142857,6.6714287
2006,24,7.4142859,7.142857185714285,6.828571514285715,7.500000042857143,7.271428757142857,6.871428614285714
2006,25,6.471428571428571,6.285714328571428,6.0714287,6.5000000857142854,6.3,6.014285800000001
2006,26,5.885714285714286,5.685714414285714,5.471428614285714,5.971428657142858,5.785714328571428,5.5
2006,27,4.528571442857143,4.314285771428572,4.142857228571429,4.5571429000000006,4.3428571428571425,4.042857228571429
2006,28,6.685714414285714,6.428571514285714,6.185714328571429,6.8000000428571425,6.5571429000000006,6.228571428571429
2006,29,6.385714414285714,6.171428614285714,5.914285757142857,6.500000128571429,6.300000085714286,5.9571429
2006,30,6.228571557142857,5.971428657142858,5.685714371428571,6.285714328571428,6.100000085714285,5.700000085714286
2006,31,5.228571471428571,5.042857185714285,4.800000171428572,5.242857142857143,5.085714371428572,4.728571514285714
2006,32,5.685714285714285,5.542857314285714,5.285714328571429,5.800000085714286,5.642857185714285,5.285714328571429
2006,33,5.042857185714285,4.928571428571429,4.728571471428571,5.085714285714286,4.9142858,4.628571471428572
2006,34,5.128571428571428,4.971428628571429,4.771428657142857,5.171428657142856,5.014285757142857,4.714285842857143
2006,35,4.600000085714285,4.4571429,4.328571428571428,4.585714428571428,4.442857142857143,4.214285771428571
2006,36,3.942857142857143,3.8142858285714287,3.714285771428571,3.9285714857142855,3.814285714285714,3.614285757142857
2006,37,4.5000000857142854,4.342857157142857,4.1428572,4.600000042857142,4.442857185714286,4.157142899999999
2006,38,3.171428628571429,3.0857143,2.9714285857142855,3.2000000714285717,3.0857143571428574,2.914285714285714
2006,39,4.271428657142857,4.1142857571428575,3.9142857571428573,4.3857143857142855,4.242857185714286,3.9714285714285715
2006,40,3.9142857857142856,3.7000000285714285,3.471428571428571,3.914285757142857,3.7428572285714283,3.442857142857143
2006,41,2.314285714285714,2.1714286,2.085714314285714,2.257142877142857,2.1142857285714287,1.9857143285714283
2006,42,1.8000000142857144,1.6714285714285713,1.5857143,1.7571428857142857,1.6571428714285712,1.5000000342857143
2006,43,2.6142857285714283,2.4714285857142855,2.3000000285714286,2.6857143285714287,2.5000000142857144,2.3142857485714288
2006,44,2.0428571714285715,1.928571442857143,1.7714286142857143,2.0428571714285715,1.9285714485714285,1.7428571914285715
2006,45,2.5428571714285715,2.400000042857143,2.200000014285714,2.5428571714285715,2.4571428714285717,2.2142857142857144
2006,46,2.0714285857142856,1.9428571428571428,1.8000000428571428,2.0428571714285715,1.9428571428571428,1.7285714428571428
2006,47,2.642857142857143,2.514285714285714,2.3000000285714286,2.7000000285714285,2.585714285714286,2.3428572
2006,48,1.1714285914285714,1.0714285914285713,0.9857142857142858,1.11428572,1.0857142914285716,0.9285714342857142
2006,49,1.8857143142857142,1.8000000428571428,1.6428571571428574,1.9000000142857143,1.8428571571428571,1.7000000142857143
2006,50,2.0714286,1.9571428771428572,1.7857143057142857,2.1571428999999998,2.1000000142857145,1.8857143285714284
2006,51,1.0285714428571429,0.9571428685714285,0.9142857314285714,0.9714285914285714,0.9428571628571429,0.8571428685714285
2006,52,1.21428572,1.11428574,1.10000004,1.1714285857142859,1.12857146,1.0285714485714286
2007,1,1.4142857285714285,1.3857143,1.3285714342857144,1.4285714571428572,1.4428571571428572,1.4428571571428572
2007,2,1.228571442857143,1.2,1.2,1.2000000142857143,1.2285714428571428,1.2714285857142857
2007,3,1.1142857285714285,1.1,1.0571428571428572,1.1,1.1,1.1
2007,4,1.4428571857142856,1.4000000285714285,1.3714285857142856,1.4285714571428572,1.4428571857142856,1.4428571857142856
2007,5,1.1857143,1.1714285914285714,1.1571428771428571,1.142857162857143,1.11428572,1.1285714342857143
2007,6,2.2142857428571427,2.2000000285714285,2.1000000285714284,2.2000000285714285,2.2000000285714285,2.1714285714285713
2007,7,1.5714286057142857,1.5714286057142857,1.557142877142857,1.5142857285714284,1.5142857285714284,1.4857143
2007,8,2.3142857571428572,2.3000000428571425,2.2,2.3571428714285716,2.3285714714285715,2.285714314285714
2007,9,1.8714285857142856,1.7857143142857141,1.7285714428571428,1.814285757142857,1.7428571571428573,1.6428571428571428
2007,10,2.9142857285714285,2.8000000285714286,2.6714285714285713,2.9142857285714285,2.8142857571428572,2.6857143
2007,11,3.9857143,3.814285714285714,3.6285714571428573,4.028571442857142,3.9285714285714284,3.7000000857142856
2007,12,3.5571429428571433,3.4285714714285715,3.285714314285714,3.542857142857143,3.442857214285714,3.2857143
2007,13,3.114285757142857,2.9714285857142855,2.8285714285714287,3.142857157142857,3.0428572000000003,2.8285714285714287
2007,14,2.7000000571428573,2.6571428714285714,2.6285714285714286,2.6714285857142857,2.600000042857143,2.5571428714285713
2007,15,3.1571429285714285,3.042857142857143,2.8857142857142857,3.2714286,3.128571442857143,2.9857142857142853
2007,16,3.9428571999999997,3.842857185714286,3.642857242857143,4.0714286571428575,3.9000000571428575,3.7285714857142858
2007,17,3.8285714714285715,3.742857171428571,3.6142857142857143,3.8857143,3.771428671428571,3.6571429285714285
2007,18,4.157142914285714,4.028571485714286,3.8857142857142857,4.214285714285714,4.085714357142857,3.914285714285714
2007,19,4.885714342857143,4.757142914285715,4.585714371428572,5.014285714285714,4.885714342857143,4.657142942857143
2007,20,4.942857185714286,4.842857271428572,4.714285714285714,5.028571428571429,4.900000142857143,4.7000001
2007,21,4.5714286571428575,4.4714285714285715,4.342857157142857,4.628571471428572,4.528571471428571,4.357142914285714
2007,22,4.771428614285715,4.700000128571429,4.6,4.8000000428571425,4.671428657142856,4.528571471428571
2007,23,5.714285885714285,5.628571471428572,5.428571471428571,5.857142942857143,5.700000042857143,5.471428657142858
2007,24,6.2,6.114285714285714,5.957143028571429,6.228571471428572,6.100000042857142,5.9000001285714285
2007,25,6.771428657142857,6.642857185714285,6.457142942857144,6.8428571428571425,6.685714414285714,6.428571471428571
2007,26,6.828571514285715,6.7142858428571435,6.585714285714286,6.785714285714286,6.628571557142857,6.414285714285714
2007,27,6.871428657142857,6.685714328571429,6.442857185714286,6.985714414285714,6.771428571428571,6.4571429
2007,28,6.271428657142857,6.071428571428571,5.842857271428572,6.300000128571428,6.100000042857142,5.842857228571428
2007,29,6.428571428571429,6.2571429428571435,5.9857143285714285,6.514285800000001,6.328571471428572,6.014285842857142
2007,30,5.557142857142857,5.385714371428572,5.142857142857143,5.600000042857142,5.4142858,5.171428614285714
2007,31,5.157143028571428,4.985714285714286,4.814285714285715,5.228571514285714,5.042857185714285,4.828571557142857
2007,32,5.728571471428571,5.528571471428571,5.328571471428572,5.8142857999999995,5.671428614285714,5.414285757142857
2007,33,5.085714328571428,4.928571471428571,4.714285757142856,5.157142899999999,5.028571514285715,4.7571429
2007,34,5.585714328571428,5.385714371428572,5.257142985714286,5.585714328571428,5.414285757142857,5.214285714285714
2007,35,4.871428571428572,4.685714414285714,4.542857142857143,4.914285714285714,4.757142985714286,4.528571471428571
2007,36,4.571428614285714,4.4428572428571425,4.2857143,4.628571528571428,4.4857143285714285,4.271428571428571
2007,37,4.3857143857142855,4.257142857142857,4.171428614285714,4.328571471428572,4.200000085714286,4.028571442857143
2007,38,4.928571528571429,4.742857142857143,4.5000000857142854,5.042857242857143,4.871428657142857,4.557142942857142
2007,39,4.100000071428571,3.9285714285714284,3.800000014285714,4.0571429142857145,3.8857142857142857,3.7571428571428567
2007,40,4.700000128571429,4.5,4.228571471428571,4.7142858,4.542857185714285,4.228571471428571
2007,41,3.0571428714285713,2.9285714285714284,2.8428571428571425,2.9285714714285715,2.842857162857143,2.7428571771428567
2007,42,3.014285757142857,2.8714285857142854,2.7142858142857142,3.057142857142857,2.9285715,2.6857143285714287
2007,43,2.457142885714286,2.3285714285714287,2.242857142857143,2.442857157142857,2.3428572142857145,2.2285714285714286
2007,44,2.9285714285714284,2.8285714285714287,2.6857143142857143,3.0000000571428567,2.9285714714285715,2.7571429000000003
2007,45,3.0142857142857147,2.871428614285714,2.714285771428571,3.0142857285714286,2.957142885714286,2.8142857428571424
2007,46,2.6714285857142857,2.5571428714285713,2.4428571714285714,2.7000000285714285,2.642857171428571,2.514285757142857
2007,47,1.657142877142857,1.5857142914285713,1.571428577142857,1.5428571857142859,1.5285714285714285,1.5
2007,48,1.6714286,1.5714285714285714,1.4714286142857145,1.6142857285714285,1.542857157142857,1.4285714628571429
2007,49,1.7571428714285715,1.7000000285714285,1.5428571428571427,1.78571432,1.7285714542857142,1.5857143114285714
2007,50,1.0142857257142857,0.9714285914285714,0.9571428914285715,1.0000000114285714,0.9428571571428572,0.9285714285714286
2007,51,1.5428571714285713,1.4571428914285713,1.3714285914285715,1.5428571914285716,1.5142857628571431,1.4285714342857143
2007,52,1.0857143057142857,1.0428571628571428,1.01428572,1.0857143057142857,1.0428571628571428,1.01428572
2008,1,1.9571428714285715,1.8428571857142857,1.7428571571428573,1.9142857285714285,1.8857143142857145,1.7571428714285715
2008,2,1.3857143,1.328571442857143,1.2142857285714288,1.3714285714285714,1.3571428571428572,1.2428571857142858
2008,3,1.4428571428571428,1.3714285857142858,1.2714285914285715,1.4000000285714285,1.3714285857142856,1.2857142914285713
2008,4,1.657142857142857,1.5857142999999998,1.5000000142857144,1.6142857142857143,1.5571428714285713,1.48571432
2008,5,1.7428571571428573,1.6428571571428574,1.5000000142857142,1.7285714285714284,1.6857143,1.57142862
2008,6,1.7428571714285714,1.6714286,1.5999999999999999,1.6571429,1.5999999999999999,1.5285714285714285
2008,7,2.1285714714285713,2.042857157142857,1.9142857285714285,2.1000000285714284,2.0142857285714286,1.914285757142857
2008,8,2.2285714285714286,2.128571457142857,2.000000028571429,2.242857171428571,2.1857143142857143,2.0285714571428572
2008,9,2.9857143142857145,2.8285714428571427,2.6714286,3.014285742857143,2.8857142857142857,2.6857143
2008,10,1.9000000285714285,1.828571442857143,1.757142857142857,1.9142857285714285,1.8285714714285715,1.7142857571428571
2008,11,2.800000014285714,2.6714285999999996,2.514285757142857,2.8714285857142854,2.7571428857142855,2.6000000142857145
2008,12,2.6714285714285713,2.5714286142857143,2.442857157142857,2.6714285857142857,2.571428585714286,2.4000000200000002
2008,13,3.671428657142857,3.500000071428571,3.3571428714285716,3.600000142857143,3.5142857285714286,3.3285714857142854
2008,14,3.2000000428571425,3.0857143,2.9714286,3.1714285714285713,3.071428585714286,2.9428571714285714
2008,15,2.8857143,2.8142857571428572,2.7714286,2.828571457142857,2.7428571857142856,2.6
2008,16,5.042857157142857,4.900000085714287,4.628571442857143,5.2142858,5.028571514285715,4.7142858
2008,17,4.5714286571428575,4.428571428571429,4.242857142857143,4.6857143,4.528571557142857,4.271428571428571
2008,18,4.757142971428571,4.600000014285714,4.3999999999999995,4.8714286285714286,4.714285814285715,4.4571429
2008,19,4.671428614285714,4.528571471428571,4.357142857142857,4.742857185714286,4.585714328571428,4.385714328571429
2008,20,4.4714285857142855,4.328571428571428,4.157142899999999,4.5000000857142854,4.342857185714286,4.100000057142857
2008,21,6.114285714285714,5.900000085714285,5.628571471428572,6.214285714285714,6.000000128571429,5.642857185714285
2008,22,5.657142899999999,5.514285842857142,5.3571428999999995,5.600000042857142,5.4571429,5.200000085714286
2008,23,5.285714328571428,5.157142899999999,5.028571514285715,5.242857185714286,5.085714328571428,4.914285714285714
2008,24,6.428571428571429,6.228571471428571,5.9571429857142855,6.542857271428572,6.357142857142857,6.000000128571429
2008,25,6.300000085714286,6.128571471428572,5.928571471428571,6.285714285714286,6.114285714285714,5.8142858
2008,26,6.671428614285714,6.514285800000001,6.242857185714286,6.728571514285714,6.542857271428572,6.228571428571429
2008,27,6.400000085714285,6.2142858428571435,5.9428572285714285,6.414285842857143,6.2142858,5.900000085714287
2008,28,6.685714428571429,6.4714287,6.171428571428572,6.728571471428571,6.485714371428571,6.100000085714286
2008,29,6.414285714285714,6.242857271428571,6.014285757142857,6.471428614285714,6.2714287,6.014285757142857
2008,30,6.728571557142857,6.514285800000001,6.200000085714286,6.828571471428572,6.600000042857142,6.228571471428571
2008,31,6.828571557142857,6.642857142857143,6.314285842857143,6.957142857142857,6.771428742857142,6.414285842857143
2008,32,4.914285814285714,4.757142857142857,4.614285714285714,4.928571442857143,4.814285757142857,4.571428614285714
2008,33,4.300000057142857,4.214285771428572,4.1142858,4.271428642857143,4.171428657142857,4.028571442857143
2008,34,5.442857142857143,5.314285757142857,5.185714371428571,5.414285842857143,5.285714285714286,5.100000085714286
2008,35,5.485714371428571,5.328571514285715,5.185714285714285,5.514285842857142,5.371428657142857,5.128571428571428
2008,36,3.9714286714285714,3.8999999999999995,3.8714286285714286,3.9714286571428574,3.8428571428571425,3.757142857142857
2008,37,3.5571429714285716,3.4857143,3.4571429142857144,3.5142857285714286,3.4142857714285713,3.342857157142857
2008,38,4.0285714285714285,3.900000042857143,3.7428571571428573,4.114285728571429,3.985714328571429,3.8000000714285713
2008,39,4.085714328571428,3.9571429,3.8,4.185714328571429,4.042857228571429,3.8571428857142855
2008,40,3.4857143142857145,3.4000000714285714,3.2857142857142856,3.5000000142857144,3.3857143285714284,3.242857171428571
2008,41,2.8285714714285715,2.7714285857142857,2.7571429000000003,2.685714285714286,2.5857143,2.5857143
2008,42,2.8571428714285716,2.7714285857142857,2.6571428714285714,2.8142857285714284,2.7142857428571427,2.585714314285714
2008,43,2.6285714285714286,2.5714286,2.485714342857143,2.642857142857143,2.5571428857142857,2.428571442857143
2008,44,3.142857171428571,3.0571428714285713,2.900000014285714,3.200000014285714,3.085714314285714,2.8714285857142854
2008,45,2.3571429,2.2714286,2.1142857142857143,2.3428571714285717,2.2571428714285715,2.0571428571428574
2008,46,2.185714357142857,2.1000000285714284,1.9857143142857143,2.1142857285714287,2.0428571714285715,1.8571428857142858
2008,47,2.5571428857142857,2.457142877142857,2.3285714428571427,2.5714285714285716,2.471428628571428,2.3000000285714286
2008,48,1.642857157142857,1.5571428571428572,1.5000000142857144,1.5571428714285713,1.4857142857142858,1.4000000342857142
2008,49,1.8285714285714287,1.7285714485714287,1.5857143057142855,1.8714285714285714,1.8142857342857144,1.71428572
2008,50,1.442857185714286,1.3714285714285714,1.2428571485714286,1.4714285857142857,1.4285714714285713,1.3142857199999998
2008,51,1.042857142857143,0.9571428685714285,0.9285714399999999,0.9857142857142858,0.9428571542857143,0.8714285828571429
2008,52,1.3142857428571428,1.228571442857143,1.1428571428571428,1.2857142857142858,1.2714285714285716,1.1428571485714285
2009,1,2.0142857142857142,1.8857142857142857,1.7142857428571427,2.028571442857143,1.9428571428571428,1.7714286000000001
2009,2,2.0142857285714286,1.8571428857142855,1.7000000285714285,2.042857142857143,1.9571428714285712,1.7428571571428573
2009,3,2.0142857285714286,1.8428571714285713,1.7142857485714287,1.9714285771428572,1.9000000057142858,1.6857143285714287
2009,4,2.4857143142857145,2.3428571771428572,2.1428571628571427,2.5428571714285715,2.428571442857143,2.1714286057142855
2009,5,1.8571428857142858,1.7428571571428573,1.6142857342857142,1.8,1.71428572,1.5714285914285715
2009,6,2.6999999999999997,2.571428585714286,2.357142857142857,2.742857171428571,2.6000000142857145,2.3571429
2009,7,1.6142857285714285,1.5000000114285714,1.4428571485714285,1.5285714428571429,1.4285714428571428,1.3428571571428571
2009,8,2.571428585714286,2.442857142857143,2.2571428857142855,2.628571442857143,2.4857143,2.2571428857142855
2009,9,2.9428571714285714,2.800000057142857,2.5571428857142857,3.0142857285714286,2.8428571714285717,2.6142857285714283
2009,10,3.9857143714285717,3.757142871428571,3.4285714285714284,4.085714314285714,3.8714286142857146,3.5285715000000004
2009,11,2.7000000285714285,2.585714314285714,2.457142857142857,2.671428614285714,2.571428585714286,2.4142857285714285
2009,12,4.085714285714286,3.8857143285714284,3.628571442857143,4.1428572,3.942857228571429,3.6714285857142857
2009,13,2.6857143,2.5000000285714283,2.3285714285714287,2.628571442857143,2.5000000142857144,2.3000000428571425
2009,14,2.328571457142857,2.200000014285714,2.0714285857142856,2.342857157142857,2.228571457142857,2.0428571714285715
2009,15,3.628571442857143,3.4571428714285717,3.3142857428571424,3.700000014285714,3.542857157142857,3.3714286285714286
2009,16,3.257142857142857,3.142857157142857,3.014285714285714,3.2714286285714285,3.1428571857142855,2.957142885714286
2009,17,4.657142899999999,4.4857143285714285,4.314285771428572,4.757142857142857,4.600000114285714,4.371428585714286
2009,18,3.642857142857143,3.5000000428571427,3.457142857142857,3.557142857142857,3.4571429,3.3571428857142855
2009,19,4.7142858,4.542857228571429,4.357142857142857,4.8571428999999995,4.685714414285714,4.471428671428571
2009,20,5.357142985714286,5.171428571428572,5.000000042857143,5.428571471428571,5.242857228571429,5.028571471428571
2009,21,4.7285715,4.5714286571428575,4.414285714285714,4.771428585714285,4.628571471428572,4.3714286
2009,22,4.3428571428571425,4.228571428571429,4.0571429142857145,4.357142957142857,4.242857157142857,4.028571514285714
2009,23,4.271428571428571,4.128571428571428,4.014285757142857,4.271428585714285,4.157142871428571,3.985714442857143
2009,24,4.457142914285714,4.3142858,4.200000085714286,4.4142858,4.285714328571428,4.142857142857143
2009,25,5.142857185714286,5.0000000857142854,4.8000000428571425,5.2,5.0571429000000006,4.814285757142857
2009,26,5.714285842857143,5.5,5.300000128571428,5.757142942857143,5.614285714285714,5.328571557142857
2009,27,5.242857185714286,5.1285715142857144,4.985714371428571,5.328571557142857,5.214285757142856,5.028571557142857
2009,28,6.057142857142857,5.8571430285714285,5.685714285714285,6.1000000000000005,5.942857185714286,5.728571428571429
2009,29,6.1571428571428575,5.9428572285714285,5.771428614285715,6.185714414285714,6.014285800000001,5.771428614285715
2009,30,5.557142942857142,5.385714285714286,5.214285728571428,5.600000128571429,5.428571428571429,5.214285814285715
2009,31,5.171428614285714,5.014285757142857,4.928571471428571,5.142857228571429,5.014285757142857,4.857142942857143
2009,32,6.242857185714286,6.085714371428572,5.885714371428571,6.3,6.157142985714286,5.9142858
2009,33,5.542857228571428,5.385714285714285,5.200000042857143,5.600000085714286,5.4571429,5.242857185714286
2009,34,5.371428614285714,5.214285714285714,5.042857228571429,5.3999999999999995,5.228571428571429,5.000000042857143
2009,35,4.685714414285714,4.5714286571428575,4.4714285714285715,4.642857228571429,4.528571471428571,4.371428571428572
2009,36,4.971428614285714,4.8000001,4.6142857571428575,5.0000000857142854,4.828571528571429,4.628571471428572
2009,37,4.4857143,4.3142857999999995,4.157142899999999,4.471428671428571,4.328571428571428,4.100000042857142
2009,38,3.8428572,3.700000014285714,3.5571428714285713,3.828571528571428,3.7142857142857144,3.528571457142857
2009,39,3.014285757142857,2.928571457142857,2.8857144000000003,2.9857143285714285,2.914285714285714,2.771428642857143
2009,40,3.6571428571428575,3.542857142857143,3.4000000285714287,3.657142885714286,3.514285814285714,3.3857143
2009,41,2.014285742857143,1.9714285999999999,2.0,1.942857157142857,1.8714285857142858,1.8571428571428572
2009,42,2.9285715,2.8714285714285714,2.757142871428571,2.9285714285714284,2.8285715,2.7285714285714286
2009,43,2.057142862857143,2.0000000057142855,1.9285714485714285,2.0571428714285713,2.0000000142857144,1.8857143
2009,44,1.5285714285714285,1.4857142857142858,1.442857157142857,1.542857157142857,1.5,1.4571428714285715
2009,45,2.9428571714285714,2.8285714428571427,2.6999999999999997,2.9428571714285714,2.8857143,2.7857142857142856
2009,46,1.9000000285714285,1.828571442857143,1.7857143057142857,1.8142857428571428,1.7714286,1.7428571571428573
2009,47,1.8857142857142857,1.8000000285714286,1.7571429142857142,1.7857143,1.7285714714285714,1.6857143142857143
2009,48,1.9285714485714285,1.828571442857143,1.7714285714285716,1.9285714571428572,1.8571428571428572,1.8000000142857142
2009,49,1.1428571857142857,1.1285714571428571,1.0571428714285713,1.1285714428571427,1.1285714428571427,1.0571428571428572
2009,50,1.1714285714285713,1.11428572,1.0714285914285715,1.142857162857143,1.11428572,1.071428577142857
2009,51,1.8142857285714287,1.7285714428571428,1.5857142999999998,1.8857142857142857,1.8142857285714287,1.6857143142857143
2009,52,1.042857142857143,0.9714285714285714,0.9571428571428572,1.0142857142857142,0.9714285714285714,0.9000000142857143
2009,53,1.0714285885714285,1.0000000057142857,0.9857142914285715,1.0285714457142858,0.9857142857142858,0.9714285857142857
2010,1,1.3142857428571428,1.2714285714285716,1.228571442857143,1.3000000142857144,1.3000000142857144,1.2428571428571427
2010,2,2.0571429,1.9428571485714285,1.857142862857143,1.9714285914285714,1.9285714342857143,1.8285714342857144
2010,3,1.8142857285714287,1.7000000142857143,1.5857142999999998,1.8,1.7428571571428573,1.6142857142857143
2010,4,1.3428571571428571,1.3,1.2428571714285714,1.328571442857143,1.2857143,1.2571428857142857
2010,5,1.5857142857142856,1.5000000285714286,1.4285714428571428,1.5571428571428572,1.5142857428571428,1.4142857285714285
2010,6,1.3285714342857144,1.2714285914285715,1.2285714342857141,1.3000000142857144,1.2857142857142858,1.2142857285714286
2010,7,1.0571428571428572,1.0285714285714287,1.0000000142857144,1.042857142857143,1.0285714285714287,0.9857142999999999
2010,8,1.7857143285714285,1.7142857285714286,1.6714285857142859,1.7857143285714285,1.7428571571428573,1.6571428714285716
2010,9,2.285714314285714,2.1857143142857143,2.1142857285714287,2.228571457142857,2.1571428999999998,2.0714286142857143
2010,10,2.414285742857143,2.2571428714285715,2.1142857428571427,2.3857143,2.2857142857142856,2.100000042857143
2010,11,2.585714314285714,2.5000000142857144,2.428571457142857,2.628571442857143,2.542857142857143,2.414285742857143
2010,12,2.8000000285714286,2.7000000428571425,2.600000042857143,2.8142857714285716,2.7571428571428567,2.600000042857143
2010,13,4.4,4.200000014285714,3.9571429,4.457142857142857,4.271428571428571,3.9571429
2010,14,3.714285728571429,3.5857143571428574,3.4142857857142856,3.757142857142857,3.5714286428571427,3.3571428714285716
2010,15,4.228571485714285,4.085714342857143,3.885714314285714,4.257142914285714,4.085714371428572,3.8285714285714287
2010,16,3.2000000285714285,3.1571428714285714,3.100000057142857,3.2142857428571427,3.0857143,2.957142857142857
2010,17,3.8285714285714287,3.6714285714285713,3.5142857142857147,3.9000000285714287,3.757142871428571,3.5142857714285713
2010,18,4.457142914285714,4.342857157142857,4.1857143571428574,4.542857257142857,4.385714285714285,4.1428572
2010,19,2.957142857142857,2.9,2.857142885714286,2.9,2.842857185714286,2.7571429000000003
2010,20,5.657143,5.514285842857142,5.314285757142857,5.685714371428572,5.485714328571428,5.228571471428571
2010,21,6.6285715142857144,6.371428614285714,6.157142899999999,6.628571571428572,6.371428657142857,6.042857228571429
2010,22,5.871428614285714,5.700000085714286,5.471428614285714,5.914285757142857,5.742857142857143,5.4571429
2010,23,4.685714285714285,4.585714328571428,4.4428572285714285,4.628571557142857,4.471428614285714,4.328571514285715
2010,24,6.142857142857143,5.957142942857142,5.785714328571429,6.171428657142857,6.028571428571429,5.771428657142857
2010,25,6.942857328571429,6.742857228571428,6.4857143285714285,6.957142942857144,6.771428614285715,6.442857142857143
2010,26,6.885714514285715,6.657142942857143,6.3999999999999995,6.900000042857143,6.685714328571429,6.342857228571428
2010,27,5.6428572,5.485714285714286,5.271428614285715,5.685714328571429,5.514285714285714,5.2571429
2010,28,7.257142985714286,7.014285800000001,6.742857185714286,7.3000000428571425,7.1142857571428575,6.742857142857143
2010,29,5.971428614285714,5.771428657142857,5.585714371428572,6.000000042857143,5.828571471428572,5.542857185714285
2010,30,5.914285757142857,5.700000128571429,5.457142857142857,5.942857185714286,5.742857314285715,5.442857185714287
2010,31,5.071428571428571,4.914285757142857,4.742857271428571,5.1285715142857144,4.971428571428571,4.714285885714285
2010,32,5.9571429,5.728571471428571,5.528571471428571,6.000000042857143,5.814285757142857,5.4857143285714285
2010,33,6.042857185714285,5.828571471428572,5.5714286571428575,6.0714286571428575,5.8571428999999995,5.542857228571429
2010,34,6.1142857571428575,5.885714328571429,5.657142942857143,6.128571471428572,5.942857271428571,5.600000042857142
2010,35,6.000000042857143,5.757142942857143,5.514285757142857,6.0,5.771428657142857,5.4571429857142855
2010,36,5.6142857571428575,5.385714457142858,5.142857185714285,5.628571471428572,5.371428657142857,5.057142942857142
2010,37,5.042857185714285,4.885714328571429,4.714285728571428,4.971428657142858,4.814285842857143,4.585714371428572
2010,38,4.771428571428571,4.6285715142857144,4.442857142857143,4.8000000428571425,4.585714371428572,4.3857143
2010,39,4.657142914285714,4.514285714285714,4.357142957142857,4.628571471428572,4.414285814285714,4.185714328571429
2010,40,3.942857228571429,3.7571429142857147,3.5571428714285713,3.9285714714285715,3.714285757142857,3.4714285857142855
2010,41,3.0142857857142857,2.9142857285714285,2.7857143,2.942857214285714,2.8142857285714284,2.6285714571428573
2010,42,2.6857143142857143,2.5714286,2.414285742857143,2.642857171428571,2.542857185714286,2.3714286
2010,43,3.285714314285714,3.128571442857143,2.8714285714285714,3.3000000428571425,3.1000000142857145,2.8571428714285716
2010,44,2.914285742857143,2.757142871428571,2.585714314285714,2.842857157142857,2.7285714428571426,2.542857157142857
2010,45,1.7285714285714284,1.642857157142857,1.542857157142857,1.6714285857142859,1.6000000285714286,1.5
2010,46,2.3857143,2.2857143,2.200000042857143,2.342857157142857,2.3285714285714287,2.1571428999999998
2010,47,2.1285714714285713,2.014285742857143,1.8428571714285713,2.1142857428571427,2.014285742857143,1.828571457142857
2010,48,1.785714305714286,1.7000000285714285,1.6,1.7714285857142857,1.714285742857143,1.5999999999999999
2010,49,2.1,1.9857143142857143,1.8428571714285713,2.085714285714286,2.0142857714285713,1.8428571714285713
2010,50,1.8714286057142857,1.7285714342857144,1.6285714342857143,1.8285714542857143,1.7571428628571428,1.5714285714285714
2010,51,1.3857143,1.3142857428571428,1.2285714485714287,1.3285714285714287,1.2714285914285715,1.1714285714285713
2010,52,1.4428571571428572,1.3714285857142856,1.2714285714285716,1.4142857285714285,1.3571428857142858,1.2714285714285716
2011,1,1.5428571914285716,1.4857143057142856,1.41428572,1.55714292,1.5142857628571427,1.4142857142857144
2011,2,1.5000000142857144,1.4571428999999998,1.3714285914285715,1.5,1.4857142857142858,1.3857143342857143
2011,3,1.9571428714285715,1.8714286142857142,1.742857162857143,1.9857142857142855,1.942857157142857,1.78571432
2011,4,2.200000042857143,2.1142857428571427,1.9857143,2.214285757142857,2.1428571714285716,2.0000000285714283
2011,5,0.871428577142857,0.8571428571428571,0.8285714428571429,0.871428577142857,0.8428571428571429,0.80000002
2011,6,1.8142857142857143,1.7857142857142858,1.6857143,1.8285714285714287,1.8142857142857143,1.7000000142857143
2011,7,3.257142871428571,3.1000000142857145,2.9285714714285715,3.314285785714286,3.1857143,2.9857143142857145
2011,8,2.2,2.1285714571428573,2.0142857714285713,2.2428571571428573,2.157142885714286,2.0571429
2011,9,3.0285714285714285,2.8714285857142854,2.728571471428572,3.042857157142857,2.9571428714285717,2.7428571857142856
2011,10,2.8571428714285716,2.7714285857142857,2.6428572000000004,2.871428642857143,2.7857143,2.614285785714286
2011,11,3.9857144285714283,3.8000000285714286,3.628571514285714,4.028571528571429,3.8714285857142854,3.6428571857142855
2011,12,3.8714285714285714,3.7142857857142855,3.528571442857143,3.914285757142857,3.7714285857142857,3.5571428714285713
2011,13,4.100000085714286,3.9285715,3.7142858,4.185714328571429,4.0285714285714285,3.7428572285714283
2011,14,4.257142928571429,4.1,3.9142857999999996,4.328571528571429,4.157142899999999,3.9142857571428573
2011,15,3.9285714714285715,3.8142857714285716,3.642857157142857,4.028571528571429,3.8714286142857146,3.642857157142857
2011,16,3.6857143428571426,3.5714285714285716,3.4285714714285715,3.6857143428571426,3.5714285714285716,3.3571429285714283
2011,17,3.742857142857143,3.600000014285714,3.414285742857143,3.8285714428571427,3.671428614285714,3.4285714285714284
2011,18,5.057142942857142,4.885714342857143,4.671428657142857,5.157142899999999,4.9857143285714285,4.700000042857143
2011,19,3.9571428714285717,3.9285715,3.785714314285714,4.014285714285714,3.9,3.700000014285714
2011,20,4.042857157142857,3.9571429142857144,3.8428571428571425,4.071428628571428,3.9571429142857144,3.7857142857142856
2011,21,4.8428571428571425,4.771428571428571,4.657142899999999,4.871428571428572,4.757142857142857,4.600000042857142
2011,22,7.0714288000000005,6.9142858,6.671428571428572,7.214285757142856,7.014285842857142,6.642857185714286
2011,23,6.8999999999999995,6.742857142857143,6.500000042857143,7.000000185714286,6.8142857999999995,6.485714371428571
2011,24,6.4000001285714285,6.185714285714285,5.9714287,6.4428572285714285,6.2571429428571435,5.942857185714286
2011,25,6.0571429142857145,5.942857285714285,5.757142871428571,6.114285714285714,5.971428614285714,5.714285714285714
2011,26,7.4,7.171428571428572,6.928571471428571,7.457143142857142,7.242857185714286,6.885714328571429
2011,27,5.814285757142857,5.657142899999999,5.471428614285714,5.857142942857143,5.685714285714285,5.428571471428571
2011,28,5.771428614285715,5.614285799999999,5.414285714285714,5.800000085714286,5.6571428571428575,5.371428571428572
2011,29,6.700000128571429,6.485714371428571,6.271428614285715,6.771428657142857,6.571428614285714,6.2571429428571435
2011,30,6.300000171428572,6.142857185714285,5.9000001285714285,6.385714328571429,6.2,5.885714414285714
2011,31,5.871428614285714,5.700000128571429,5.514285714285714,5.942857185714287,5.785714457142857,5.528571428571429
2011,32,6.357142942857143,6.2,5.985714371428571,6.428571471428571,6.271428571428571,5.9428572285714285
2011,33,5.871428614285714,5.742857142857143,5.528571514285715,5.957142857142857,5.785714371428571,5.514285757142857
2011,34,6.057142942857142,5.885714285714286,5.657143028571428,6.1142857571428575,5.9571429,5.642857271428572
2011,35,5.557142942857142,5.385714328571429,5.200000085714286,5.600000128571429,5.428571514285714,5.142857228571429
2011,36,4.014285757142857,3.914285714285714,3.7714285714285714,4.028571528571429,3.928571442857143,3.7428572
2011,37,3.7714286,3.6571429,3.542857157142857,3.800000057142857,3.6999999999999997,3.5142857285714286
2011,38,4.485714371428571,4.371428614285714,4.228571471428571,4.542857228571429,4.400000085714286,4.157142914285714
2011,39,4.614285771428571,4.457142942857144,4.285714328571428,4.642857228571429,4.457142942857144,4.214285842857143
2011,40,3.700000014285714,3.557142914285714,3.3857143,3.7571428857142855,3.557142942857143,3.3428571428571425
2011,41,3.6000000714285716,3.4714286,3.3428571714285717,3.6142857428571427,3.4714286142857143,3.2857142857142856
2011,42,2.9285714285714284,2.8285714428571427,2.6857143142857143,2.914285714285714,2.8142857428571424,2.628571442857143
2011,43,2.428571442857143,2.357142857142857,2.242857171428571,2.442857142857143,2.3142857285714284,2.1857143142857143
2011,44,2.3857143,2.2714285857142857,2.157142885714286,2.3857143285714284,2.3142857571428572,2.142857142857143
2011,45,2.214285757142857,2.114285757142857,1.985714314285714,2.2428571857142856,2.1571428714285714,1.985714314285714
2011,46,2.1428571857142855,2.0714285714285716,1.9428571714285714,2.1571428714285714,2.1285714714285713,1.9857143285714287
2011,47,2.485714342857143,2.3857142857142857,2.2428571571428573,2.514285742857143,2.442857185714286,2.2428571571428573
2011,48,1.7,1.6428571428571428,1.542857157142857,1.7000000142857143,1.6285714285714286,1.528571457142857
2011,49,1.1428571485714285,1.0857143142857144,1.0428571714285715,1.1142857285714285,1.0714286000000002,1.0142857142857142
2011,50,1.3571428571428572,1.3000000000000003,1.2285714485714287,1.3285714285714287,1.271428577142857,1.1857143057142856
2011,51,1.1857143142857143,1.142857157142857,1.057142877142857,1.157142857142857,1.1428571485714285,1.0428571628571428
2011,52,2.0857143,2.0142857142857142,1.9285714714285713,2.1142857285714287,2.0714286,1.914285757142857
2012,1,2.085714314285714,2.0000000142857144,1.9000000000000001,2.100000042857143,2.028571428571429,1.9285714285714286
2012,2,2.1000000142857145,2.0285714571428572,1.9285714285714286,2.085714314285714,2.0571428714285713,1.9571428857142856
2012,3,2.2857143,2.1714285914285716,2.0000000200000003,2.3142857428571424,2.2285714485714285,2.071428605714286
2012,4,2.2857143285714288,2.1714286,2.0571428714285713,2.2857143285714288,2.2857143285714288,2.128571442857143
2012,5,1.6857142857142857,1.60000002,1.5285714485714286,1.6571428628571427,1.628571462857143,1.5142857342857143
2012,6,1.1285714428571427,1.1142857142857143,1.0571428714285713,1.1142857285714285,1.0714285857142858,1.0571428714285713
2012,7,1.4428571428571428,1.428571442857143,1.3571428857142858,1.4428571428571428,1.414285742857143,1.3428571857142857
2012,8,1.9857143,1.9428571714285714,1.8285714714285715,2.0000000142857144,1.9714285999999999,1.8571428714285714
2012,9,2.428571442857143,2.3285714428571427,2.228571471428572,2.4571428714285717,2.385714314285714,2.228571442857143
2012,10,3.1285714285714286,3.028571442857143,2.900000042857143,3.1571428999999998,3.1,2.900000042857143
2012,11,4.657142942857143,4.471428614285714,4.271428657142857,4.757142942857143,4.600000085714286,4.328571514285715
2012,12,3.885714342857143,3.7285714428571426,3.585714328571428,3.900000057142857,3.7714285714285714,3.5714286142857143
2012,13,5.071428571428571,4.885714371428572,4.685714371428571,5.142857185714285,4.9714287,4.700000042857143
2012,14,3.671428657142857,3.5714286142857143,3.4142857714285713,3.728571528571429,3.600000042857143,3.37142862
2012,15,3.985714342857143,3.8857144285714287,3.7428571571428573,4.014285714285714,3.9000000571428575,3.6999999999999997
2012,16,4.228571428571429,4.142857142857143,3.985714342857143,4.285714285714286,4.142857142857143,3.971428628571428
2012,17,5.200000042857143,5.085714285714286,4.914285842857143,5.257142985714286,5.114285714285714,4.871428742857143
2012,18,5.400000042857143,5.285714328571428,5.1142857571428575,5.4857143285714285,5.3428571428571425,5.071428571428571
2012,19,3.928571457142857,3.8714286285714286,3.7428571571428573,3.9857142857142853,3.885714314285714,3.7285714428571426
2012,20,5.600000171428571,5.4857143285714285,5.3,5.685714328571429,5.557142985714286,5.271428628571428
2012,21,6.171428657142857,6.028571514285715,5.857142942857143,6.242857314285715,6.085714285714286,5.8000000428571425
2012,22,5.957142942857144,5.828571471428572,5.642857185714285,6.014285757142857,5.885714328571429,5.6142857571428575
2012,23,7.128571614285714,6.957142857142857,6.742857185714286,7.200000085714286,7.0,6.700000042857143
2012,24,7.028571471428571,6.842857185714286,6.600000042857142,7.100000042857142,6.871428571428572,6.542857142857143
2012,25,8.100000285714286,7.871428657142857,7.585714471428572,8.157143,7.9285716142857146,7.5285715714285715
2012,26,7.628571614285714,7.414285757142857,7.142857142857143,7.728571428571429,7.500000142857142,7.142857328571429
2012,27,6.271428571428571,6.085714371428572,5.871428614285714,6.342857228571428,6.1285715142857144,5.8428571428571425
2012,28,6.528571471428571,6.371428571428572,6.1285715142857144,6.600000042857142,6.428571471428571,6.142857228571429
2012,29,7.028571471428571,6.785714371428571,6.528571514285715,7.100000085714285,6.871428757142858,6.500000042857144
2012,30,6.342857271428572,6.157142899999999,5.928571514285714,6.4142858,6.242857228571429,5.9428572285714285
2012,31,6.014285800000001,5.842857185714286,5.642857142857143,6.085714414285714,5.928571514285714,5.642857185714285
2012,32,6.414285757142857,6.242857185714286,6.028571471428571,6.5,6.3000000428571425,6.0
2012,33,5.714285714285714,5.585714371428572,5.3714287,5.757142857142857,5.600000085714286,5.328571471428572
2012,34,5.2,5.042857185714285,4.871428614285714,5.228571428571429,5.0714287,4.828571428571428
2012,35,6.057142942857142,5.885714285714286,5.685714414285714,6.100000042857142,5.928571428571429,5.6285715142857144
2012,36,5.271428571428571,5.128571471428572,4.942857185714286,5.3,5.171428657142857,4.914285757142857
2012,37,4.528571471428571,4.385714328571429,4.228571442857143,4.5571429,4.385714328571429,4.185714314285714
2012,38,4.585714371428572,4.457142942857144,4.285714328571428,4.585714371428572,4.442857185714286,4.214285757142857
2012,39,3.314285714285714,3.2285714428571426,3.100000057142857,3.342857157142857,3.228571457142857,3.0714286142857143
2012,40,3.0857143571428574,3.028571442857143,2.928571485714286,3.0571428714285713,2.9571428714285717,2.828571457142857
2012,41,3.3714285857142854,3.2857143,3.1857143142857143,3.3571428714285716,3.2428571857142856,3.085714285714286
2012,42,3.9714285857142855,3.8428571857142857,3.642857157142857,4.014285714285714,3.8714286142857146,3.642857157142857
2012,43,2.3000000000000003,2.257142877142857,2.1428571828571426,2.2857142914285715,2.1857143199999998,2.071428577142857
2012,44,2.757142871428571,2.6285714714285713,2.5285714285714285,2.728571457142857,2.6285714714285713,2.4714285857142855
2012,45,2.5285714628571427,2.4285714342857143,2.3285714342857142,2.5000000342857143,2.4285714485714287,2.2428571857142856
2012,46,2.2857143285714288,2.2000000285714285,2.1142857142857143,2.2571429000000003,2.1857143,2.042857142857143
2012,47,2.7857143,2.657142914285714,2.542857157142857,2.7857143,2.6714285857142857,2.4857143142857145
2012,48,2.6000000142857145,2.4714286285714286,2.3571428714285716,2.5857143,2.4857143285714285,2.2857142857142856
2012,49,1.9571428857142856,1.8571428714285714,1.7571428857142857,1.9571428857142856,1.9000000285714285,1.7285714714285714
2012,50,1.8857143,1.8000000142857142,1.685714342857143,1.9142857285714285,1.8714285857142856,1.7285714857142858
2012,51,2.1571428714285714,2.028571442857143,1.914285742857143,2.1714285714285713,2.085714314285714,1.9142857285714285
2012,52,1.042857142857143,1.01428572,0.9571428628571429,1.02857144,1.0000000057142857,0.9428571571428571
2013,1,1.2857142857142858,1.22857144,1.1857142971428571,1.2571428685714285,1.22857144,1.1571428685714287
2013,2,1.9428571714285714,1.828571442857143,1.7285714714285714,1.942857157142857,1.8714285857142856,1.7571428857142857
2013,3,1.8,1.7285714285714284,1.6285714714285715,1.8142857142857143,1.7714285714285711,1.6714285857142859
2013,4,2.6571429,2.528571442857143,2.3714286,2.671428614285714,2.5857143,2.414285714285714
2013,5,2.1142857142857143,2.0285714571428572,1.8857142857142857,2.157142857142857,2.0857143,1.9285714714285713
2013,6,2.0857143,1.9714285857142857,1.8714286,2.1000000285714284,1.9857143142857143,1.9000000285714285
2013,7,2.0285714285714285,1.957142857142857,1.8285714714285715,2.0714285857142856,2.0,1.8714286142857142
2013,8,1.6142857571428573,1.58571432,1.51428572,1.6142857485714284,1.58571432,1.51428572
2013,9,2.1857143,2.1000000285714284,1.9714285714285713,2.228571457142857,2.128571442857143,1.9571428714285715
2013,10,2.585714285714286,2.4714285714285715,2.3714285857142854,2.571428585714286,2.4857142857142853,2.342857157142857
2013,11,3.6428572000000004,3.514285714285714,3.3571428714285716,3.671428642857143,3.557142914285714,3.3857143
2013,12,2.642857142857143,2.542857142857143,2.4142857714285713,2.6714285714285713,2.6,2.400000034285714
2013,13,3.2714285857142857,3.157142914285714,3.0714286142857143,3.2714285857142857,3.214285728571429,3.0428571714285715
2013,14,3.4857143571428573,3.371428614285714,3.2285714285714286,3.5142857285714286,3.4142858142857144,3.1999999999999997
2013,15,3.3428572142857145,3.2428571571428573,3.114285771428572,3.4000000999999997,3.2714285857142857,3.0571428714285713
2013,16,2.4857143142857145,2.428571442857143,2.3285714714285715,2.5142857285714286,2.428571442857143,2.2714286057142856
2013,17,3.9142857999999996,3.800000014285714,3.657142942857143,4.000000042857143,3.8428571428571425,3.6428571857142855
2013,18,3.571428585714286,3.4857143,3.3285714428571427,3.6571428999999998,3.5142857285714286,3.3142857428571424
2013,19,3.942857157142857,3.8285714714285715,3.7142858142857142,3.9857143,3.8714286285714286,3.7142858142857142
2013,20,5.871428571428572,5.700000085714286,5.514285800000001,5.971428657142857,5.8000000428571425,5.500000128571429
2013,21,5.585714414285714,5.471428571428571,5.3000001,5.6285715142857144,5.471428571428571,5.228571528571429
2013,22,5.842857185714286,5.685714371428571,5.471428614285714,5.928571471428571,5.742857228571429,5.4285714714285715
2013,23,6.271428614285715,6.157142899999999,5.942857185714286,6.3000000428571425,6.1571428571428575,5.857142942857143
2013,24,7.614285714285714,7.4285714714285715,7.157143,7.714285757142856,7.514285757142857,7.128571614285714
2013,25,7.100000128571429,6.914285714285714,6.685714328571429,7.157142985714286,6.942857142857143,6.628571471428572
2013,26,7.100000085714286,6.928571471428571,6.7,7.157142942857143,6.985714285714286,6.657142899999999
2013,27,5.942857185714286,5.785714414285715,5.571428571428571,6.0,5.828571557142857,5.5571429000000006
2013,28,6.428571642857143,6.228571428571429,6.000000042857143,6.500000171428572,6.3000000428571425,6.014285800000001
2013,29,6.128571471428572,5.971428657142858,5.785714371428571,6.200000085714286,6.014285800000001,5.7285716
2013,30,6.228571471428571,6.0428572,5.800000085714286,6.271428614285715,6.085714385714286,5.771428614285715
2013,31,5.242857228571429,5.1142857571428575,4.885714328571429,5.3571429,5.171428657142856,4.885714371428572
2013,32,4.585714371428572,4.457142857142857,4.285714371428571,4.685714328571429,4.528571471428571,4.2714287
2013,33,5.1142857571428575,4.957142857142857,4.800000085714286,5.157142857142857,4.985714285714286,4.7428572
2013,34,4.971428614285714,4.785714328571428,4.600000057142857,5.042857142857143,4.8571429,4.571428571428571
2013,35,4.914285771428571,4.757142857142857,4.5714286571428575,5.014285714285714,4.8428571428571425,4.571428571428571
2013,36,5.0571429000000006,4.871428571428572,4.685714328571429,5.0714286571428575,4.885714285714286,4.614285714285714
2013,37,2.3857142857142857,2.357142857142857,2.2857142857142856,2.3714285857142854,2.2857143,2.2142857285714284
2013,38,3.9714285714285715,3.8714285857142854,3.7285714857142858,4.028571471428571,3.8857143,3.6857143428571426
2013,39,3.785714342857143,3.700000014285714,3.571428585714286,3.8142858142857143,3.6857143,3.500000057142857
2013,40,3.4142857714285713,3.3714285857142854,3.2714285857142857,3.4142857714285713,3.3428571428571425,3.200000014285714
2013,41,3.142857171428571,3.0428571571428575,2.9000000285714287,3.1142857428571427,3.0000000285714283,2.8142857285714284
2013,42,2.0000000285714283,1.9142857285714285,1.8571428857142855,1.9857143428571429,1.9000000142857143,1.8000000142857142
2013,43,2.5000000142857144,2.442857142857143,2.3571429142857143,2.528571442857143,2.4142857285714285,2.2714286
2013,44,2.257142857142857,2.1857143,2.128571442857143,2.242857142857143,2.1857143,2.0714286
2013,45,2.2285714714285714,2.142857157142857,2.0285714285714285,2.2000000571428573,2.142857157142857,1.9857142914285715
2013,46,2.3142857428571424,2.2285714285714286,2.0714286,2.328571457142857,2.242857142857143,2.0857143000000002
2013,47,1.5000000342857143,1.400000017142857,1.3428571685714286,1.4857143114285714,1.41428574,1.3142857285714287
2013,48,1.6571428714285716,1.5714286257142855,1.50000004,1.6142857542857143,1.6000000542857145,1.4571428714285715
2013,49,0.9714285714285714,0.9428571428571428,0.8857142857142858,0.9714285714285714,0.9428571428571428,0.8571428714285715
2013,50,1.6714285857142859,1.5999999999999999,1.5285714285714285,1.6714285857142859,1.6142857142857143,1.542857142857143
2013,51,1.9857143,1.8714285914285715,1.771428597142857,2.01428572,1.942857177142857,1.7714286057142856
2013,52,1.6857143,1.5714285857142856,1.5000000142857142,1.7142857285714288,1.6142857428571429,1.5285714428571429
2014,1,1.2857142857142858,1.2428571428571427,1.1857143142857143,1.2714285714285716,1.2714285714285716,1.1857143142857143
2014,2,1.8000000142857144,1.7285714571428572,1.6428571428571428,1.8,1.8142857142857143,1.6857143142857143
2014,3,2.457142857142857,2.3857143,2.2428571571428573,2.4714285714285715,2.414285714285714,2.2714286142857145
2014,4,2.4000000285714287,2.342857157142857,2.2428571571428573,2.400000014285714,2.3714285857142854,2.2
2014,5,0.9857142857142857,0.9571428571428571,0.9285714285714286,0.9714285714285714,0.9857142857142857,0.9142857142857144
2014,6,0.7857142999999999,0.7999999999999999,0.8142857142857143,0.7714285857142856,0.8142857285714286,0.8000000142857143
2014,7,2.228571457142857,2.1714285857142857,2.0714285714285716,2.2714285857142857,2.214285728571429,2.1000000142857145
2014,8,3.0714285714285716,2.9428571857142853,2.757142857142857,3.157142957142857,3.0428571571428575,2.8142857285714284
2014,9,1.8857143,1.8571428571428572,1.8428571714285713,1.9142857142857144,1.8714285714285714,1.8285714285714287
2014,10,2.9714286428571426,2.885714314285714,2.7428572,3.000000085714286,2.9428571714285714,2.742857142857143
2014,11,3.357142857142857,3.2142857714285715,3.0285714285714285,3.3857142857142857,3.2285715,3.0
2014,12,3.0,2.8714286285714286,2.6999999999999997,3.057142914285714,2.928571442857143,2.700000014285714
2014,13,3.8142857285714284,3.671428628571429,3.4714285714285715,3.8571428714285716,3.7428572,3.4857143
2014,14,2.8857142857142857,2.7714285857142857,2.6571428571428575,2.9571428857142856,2.842857157142857,2.642857142857143
2014,15,4.1,3.9571429142857144,3.814285714285714,4.171428571428572,4.014285757142857,3.7857142857142856
2014,16,3.9857143857142856,3.8714285857142854,3.728571457142857,4.057142857142857,3.9571429285714284,3.7428571714285717
2014,17,4.785714285714286,4.628571571428572,4.414285714285714,4.842857228571428,4.6857143428571435,4.4
2014,18,5.071428585714286,4.942857157142858,4.714285757142856,5.228571471428571,5.085714342857143,4.742857271428571
2014,19,4.157142871428571,4.085714342857143,4.000000014285715,4.2428572,4.142857157142857,3.9714285857142855
2014,20,3.7571429142857147,3.7285714428571426,3.642857171428571,3.8571429,3.7714285857142857,3.6000000285714284
2014,21,4.3714286428571425,4.357142871428572,4.257142871428572,4.457142857142857,4.3571429,4.1857143428571435
2014,22,5.471428671428571,5.385714299999999,5.200000085714286,5.557142857142857,5.4285714857142855,5.200000085714286
2014,23,5.428571428571429,5.385714371428572,5.285714414285715,5.528571428571429,5.428571514285714,5.214285757142856
2014,24,5.8571430285714285,5.785714371428571,5.6142857571428575,6.0,5.900000085714287,5.628571471428572
2014,25,6.114285799999999,6.028571514285714,5.842857142857143,6.228571471428571,6.114285799999999,5.8428571428571425
2014,26,5.957142857142857,5.8428571428571425,5.671428657142857,6.042857228571428,5.928571428571429,5.657142942857143
2014,27,6.271428614285715,6.128571471428572,5.9000001285714285,6.4000001285714285,6.242857185714286,5.900000042857143
2014,28,5.6571428571428575,5.514285885714286,5.314285714285715,5.785714285714286,5.642857185714286,5.371428614285714
2014,29,5.600000042857142,5.4857145,5.285714328571428,5.728571428571429,5.6000000000000005,5.328571471428572
2014,30,6.400000085714287,6.285714371428571,6.085714328571428,6.600000085714286,6.442857142857143,6.1142857571428575
2014,31,4.3714286428571425,4.257142914285715,4.114285814285714,4.5000001,4.357142928571428,4.1142858
2014,32,4.714285757142856,4.585714285714286,4.428571528571429,4.8000000428571425,4.657142942857143,4.428571514285714
2014,33,5.142857142857143,5.014285800000001,4.828571442857142,5.271428614285715,5.1142857571428575,4.842857157142857
2014,34,4.442857185714286,4.3428571428571425,4.171428628571428,4.557143,4.414285714285714,4.185714385714285
2014,35,3.9285715285714287,3.857142871428571,3.757142857142857,4.0285714285714285,3.9714286571428574,3.742857142857143
2014,36,4.285714328571428,4.228571471428571,4.114285728571429,4.4142858,4.285714385714286,4.1000000142857145
2014,37,3.6,3.542857142857143,3.4857143571428573,3.642857142857143,3.557142857142857,3.457143
2014,38,4.271428671428572,4.157142957142857,4.000000042857143,4.3428572,4.214285857142857,4.000000042857143
2014,39,3.971428571428571,3.857142857142857,3.7000000428571425,4.028571442857142,3.9,3.657142985714286
2014,40,2.9571429,2.857142857142857,2.7857143,2.9714286142857143,2.8714285714285714,2.757142871428571
2014,41,2.9,2.842857157142857,2.742857142857143,2.9142857285714285,2.842857157142857,2.714285728571429
2014,42,3.128571442857143,3.0142857714285713,2.928571442857143,3.085714285714286,3.000000057142857,2.8571428857142855
2014,43,3.4285714571428576,3.300000057142857,3.1714285999999996,3.4428571714285714,3.3142857285714284,3.1142857285714283
2014,44,2.5,2.428571457142857,2.342857157142857,2.4714285714285715,2.428571442857143,2.300000014285714
2014,45,2.657142914285714,2.5571428714285713,2.457142857142857,2.657142885714286,2.6000000714285716,2.457142857142857
2014,46,0.9,0.8857142857142858,0.9142857285714285,0.9000000142857143,0.8857142857142858,0.8571428714285714
2014,47,1.8428571857142857,1.7571428714285715,1.6714286,1.8428571857142857,1.828571457142857,1.6714286
2014,48,2.5428571714285715,2.442857142857143,2.3000000000000003,2.5857143,2.514285742857143,2.3142857428571424
2014,49,1.7428571714285714,1.6857143142857143,1.6285714571428573,1.7571428714285715,1.7000000285714287,1.6000000285714286
2014,50,1.857142862857143,1.8000000200000001,1.7000000285714287,1.80000002,1.7428571485714286,1.6571428914285715
2014,51,1.11428572,1.0714285714285714,1.0285714285714287,1.142857162857143,1.11428572,1.0142857142857142
2014,52,0.9857143142857143,0.9428571428571428,0.9000000142857143,1.0285714714285714,1.0000000285714286,0.9142857285714285
2015,1,0.64285716,0.64285716,0.64285716,0.6000000114285714,0.6571428685714286,0.64285716
2015,2,1.6714285914285714,1.61428572,1.5714285914285715,1.6571428914285715,1.6714285914285714,1.6285714342857143
2015,3,1.9857143057142856,1.91428572,1.8428571485714287,2.0,1.9571428771428572,1.88571432
2015,4,1.6714285857142859,1.5857143057142857,1.542857177142857,1.7000000142857143,1.6428571485714285,1.557142877142857
2015,5,2.1,2.028571442857143,1.914285742857143,2.1142857428571427,2.0714285857142856,1.942857157142857
2015,6,3.0428572428571425,2.9142857714285713,2.742857171428571,3.1,3.000000071428571,2.828571457142857
2015,7,2.3714286,2.2857142857142856,2.200000014285714,2.3714285857142854,2.314285714285714,2.200000014285714
2015,8,1.528571457142857,1.5000000285714286,1.4857143285714287,1.528571457142857,1.542857157142857,1.4857143285714287
2015,9,1.1714285771428572,1.1857142971428571,1.2142857257142856,1.1857142914285714,1.2000000114285714,1.2000000114285714
2015,10,1.7714285857142857,1.7714285857142857,1.8000000285714286,1.7428571571428573,1.7857142857142858,1.7571428857142857
2015,11,3.3285714285714287,3.200000014285714,3.0714286428571427,3.3428571428571425,3.2714285857142857,3.0714286428571427
2015,12,3.328571485714286,3.2285714857142858,3.1571428571428575,3.342857185714286,3.2714285857142857,3.1285714714285717
2015,13,3.928571442857143,3.7857143285714288,3.5857143,3.9714285857142855,3.885714385714286,3.6428571999999995
2015,14,3.642857242857143,3.5428572,3.4142857285714285,3.714285728571429,3.600000057142857,3.3857143
2015,15,3.900000014285714,3.8000000000000003,3.6857143857142853,3.985714342857143,3.8714285714285714,3.6857143857142853
2015,16,3.142857242857143,3.1000000285714284,3.0142857285714286,3.2285714285714286,3.114285785714286,2.9857142857142853
2015,17,3.4714286428571426,3.414285742857143,3.342857157142857,3.557142914285714,3.4714286428571426,3.3142857571428572
2015,18,3.9571428714285717,3.885714342857143,3.8142858142857143,4.0,3.942857142857143,3.785714385714286
2015,19,2.4,2.428571442857143,2.4714286,2.442857157142857,2.442857142857143,2.4285714285714284
2015,20,3.8142858142857143,3.8142858142857143,3.742857142857143,3.942857185714286,3.8714286571428573,3.7142857142857144
2015,21,2.700000014285714,2.8000000285714286,2.8142857285714284,2.7571429000000003,2.785714314285714,2.757142871428571
2015,22,4.528571557142857,4.471428614285714,4.371428614285714,4.6571428571428575,4.5714287,4.385714328571429
2015,23,5.014285800000001,4.942857157142858,4.828571528571429,5.085714328571428,4.985714414285715,4.785714328571428
2015,24,4.785714285714286,4.657142899999999,4.514285728571429,4.814285714285715,4.700000085714286,4.500000057142858
2015,25,6.185714371428571,6.1,5.971428571428571,6.228571557142857,6.128571471428572,5.900000085714287
2015,26,6.028571514285715,5.928571514285714,5.814285714285714,6.071428614285715,5.942857314285715,5.7571429
2015,27,5.714285757142856,5.5714286571428575,5.342857185714286,5.8142858,5.671428614285714,5.3999999999999995
2015,28,4.571428614285714,4.442857185714286,4.285714342857143,4.671428628571428,4.528571471428571,4.328571442857142
2015,29,5.685714371428571,5.485714285714286,5.271428614285715,5.814285928571429,5.628571471428572,5.357142942857143
2015,30,5.785714285714286,5.585714328571428,5.314285757142857,5.885714371428572,5.700000085714286,5.414285842857143
2015,31,6.114285714285714,5.928571471428571,5.714285714285714,6.214285757142856,6.057142942857142,5.771428657142857
2015,32,6.085714328571428,5.914285714285714,5.728571514285714,6.200000128571429,6.0571429000000006,5.742857185714286
2015,33,5.228571428571429,5.085714328571428,4.928571514285714,5.314285714285714,5.171428614285714,4.942857271428571
2015,34,5.200000171428571,5.114285799999999,5.0000000857142854,5.271428657142857,5.171428657142856,4.971428571428571
2015,35,5.685714414285714,5.542857142857143,5.342857185714286,5.771428657142857,5.6285715142857144,5.328571471428572
2015,36,4.971428614285714,4.842857271428572,4.685714328571429,5.0714286571428575,4.914285757142857,4.671428657142857
2015,37,4.914285714285714,4.785714328571428,4.628571471428572,4.971428614285714,4.814285757142857,4.557142942857142
2015,38,4.828571471428572,4.714285771428571,4.542857242857143,4.900000042857143,4.7428572,4.442857185714286
2015,39,4.4714285714285715,4.342857185714285,4.242857185714286,4.4857143285714285,4.3571429,4.1571429
2015,40,3.514285714285714,3.457142857142857,3.3571428714285716,3.4857142857142853,3.3714285857142854,3.242857142857143
2015,41,3.3000000714285713,3.1999999999999997,3.085714285714286,3.3000000999999997,3.1999999999999997,3.042857157142857
2015,42,3.585714285714286,3.5000000142857144,3.3571428714285716,3.5714285714285716,3.4714285857142855,3.2857143
2015,43,1.942857157142857,1.8714286,1.7857143000000002,1.9285714285714286,1.8714286,1.7714285857142857
2015,44,2.5571428714285713,2.4714285857142855,2.3428571857142857,2.585714285714286,2.4857143142857145,2.3142857285714284
2015,45,2.5000000142857144,2.400000042857143,2.2714285914285712,2.4857142857142853,2.4000000285714287,2.2142857342857143
2015,46,2.000000028571429,1.9571428857142856,1.828571442857143,2.0000000142857144,1.9285714714285713,1.7857143285714285
2015,47,1.9000000142857143,1.8000000714285715,1.6857142857142857,1.9142857285714285,1.8571428714285716,1.6857142857142857
2015,48,1.2285714285714284,1.2285714428571428,1.2,1.2285714285714284,1.2285714428571428,1.1714285714285713
2015,49,1.7857143142857144,1.7428571571428573,1.6428571714285716,1.7857143,1.7571428857142857,1.6428571714285716
2015,50,2.3142857285714284,2.2142857285714284,2.1000000285714284,2.357142857142857,2.2857142857142856,2.1142857428571427
2015,51,1.3714285771428572,1.357142862857143,1.3285714485714286,1.357142862857143,1.357142862857143,1.3285714485714286
2015,52,0.9285714285714286,0.8714285714285713,0.8142857342857143,0.9428571428571428,0.9,0.8142857342857143
2015,53,0.9142857285714285,0.9000000142857143,0.9142857342857144,0.9000000142857143,0.9000000142857143,0.8714285714285713
2016,1,1.0142857142857142,1.0142857142857142,0.9857142857142858,0.9714285714285714,1.0,0.9857142857142858
2016,2,1.7142857285714288,1.6857143142857143,1.5857142857142856,1.7285714285714284,1.7,1.6285714285714286
2016,3,1.9428571714285714,1.9000000571428572,1.8,1.9571429000000002,1.9285714714285713,1.8000000142857142
2016,4,1.9000000000000001,1.8142857142857143,1.7000000057142857,1.9142857285714285,1.8714285714285714,1.7285714485714287
2016,5,2.1857143,2.1428571485714287,2.0714285914285715,2.2285714485714285,2.1857143,2.1000000342857144
2016,6,2.800000057142857,2.728571471428571,2.5857142857142854,2.857142857142857,2.7714286142857145,2.628571442857143
2016,7,3.357142857142857,3.2571428857142855,3.0571428999999997,3.4285714285714284,3.3000000285714286,3.085714314285714
2016,8,1.4857142857142858,1.4428571571428572,1.4142857142857144,1.5142857142857142,1.4714285857142857,1.4000000142857143
2016,9,3.1285714285714286,3.014285742857143,2.8428571714285717,3.1714285999999996,3.0714286,2.8571428857142855
2016,10,3.1142857428571427,3.0000000142857144,2.8428571714285717,3.128571442857143,3.0857143285714286,2.8571428857142855
2016,11,2.414285734285714,2.2714285771428573,2.0857143,2.4428571485714285,2.342857148571429,2.142857171428571
2016,12,2.800000014285714,2.714285728571429,2.6285714714285717,2.828571457142857,2.7714286285714285,2.614285785714286
2016,13,3.1285715,3.0428571714285715,2.914285714285714,3.1571428571428575,3.0571428999999997,2.8857142857142857
2016,14,4.328571442857142,4.1714286,3.942857142857143,4.4,4.2285715,3.9714286142857143
2016,15,2.942857205714286,2.9000000485714286,2.7857143200000003,3.014285734285714,2.914285777142857,2.7714286057142856
2016,16,3.9714286,3.8714286,3.714285757142857,4.042857271428572,3.914285742857143,3.7000000428571425
2016,17,2.3857143142857145,2.3714286285714286,2.3285714428571427,2.414285742857143,2.357142857142857,2.2857143
2016,18,4.5000001,4.4428572285714285,4.314285771428572,4.600000042857142,4.5142858142857145,4.300000114285714
2016,19,3.8714286285714286,3.8142857285714284,3.7428572285714283,3.9142857285714285,3.8428571714285717,3.6857143000000003
2016,20,4.428571442857143,4.342857157142857,4.242857157142857,4.471428628571429,4.3714286285714286,4.157142957142858
2016,21,4.514285800000001,4.442857185714286,4.342857185714286,4.542857228571429,4.500000042857143,4.328571485714286
2016,22,5.414285842857143,5.3142858,5.185714371428572,5.471428657142857,5.342857228571428,5.142857228571429
2016,23,6.128571471428572,6.042857185714285,5.885714328571429,6.228571471428571,6.085714328571428,5.828571471428572
2016,24,6.700000142857143,6.5857143,6.400000085714287,6.757142871428571,6.628571528571428,6.3428571428571425
2016,25,6.071428571428571,6.000000042857144,5.857142985714286,6.157142942857143,6.042857142857143,5.814285842857143
2016,26,5.371428657142857,5.242857142857143,5.1000000000000005,5.457142857142857,5.314285842857143,5.1142858
2016,27,7.300000185714286,7.071428614285714,6.828571428571428,7.442857185714286,7.228571614285714,6.871428757142858
2016,28,6.557142857142857,6.385714371428572,6.200000128571429,6.628571471428572,6.471428571428571,6.157142942857143
2016,29,6.2571429,6.100000042857142,5.871428742857143,6.385714371428571,6.185714328571429,5.885714328571429
2016,30,6.1571428571428575,6.014285842857142,5.828571514285715,6.200000085714286,6.028571557142857,5.742857185714286
2016,31,5.285714414285715,5.157142899999999,4.957142942857144,5.385714285714286,5.2142858428571435,4.957142957142858
2016,32,5.828571471428572,5.685714371428571,5.500000128571429,5.900000042857143,5.757142857142857,5.4857143285714285
2016,33,5.285714371428571,5.171428614285714,4.985714371428571,5.371428571428572,5.2571429428571435,5.0000000857142854
2016,34,4.400000085714286,4.300000128571429,4.128571485714286,4.514285728571428,4.385714328571429,4.128571485714286
2016,35,4.628571557142857,4.500000042857143,4.328571471428572,4.685714328571429,4.557142942857142,4.314285714285714
2016,36,5.285714285714286,5.157142942857143,5.000000042857143,5.328571557142857,5.171428614285714,4.9142858
2016,37,4.228571514285714,4.1571428571428575,4.014285771428571,4.300000085714286,4.171428657142857,3.9714285857142855
2016,38,4.3285715,4.157142871428571,3.9571428857142856,4.385714371428572,4.200000114285714,3.9285715142857143
2016,39,3.8714286571428573,3.757142871428571,3.6142857142857143,3.8857142857142857,3.7428571571428573,3.5571428999999997
2016,40,3.7285714428571426,3.6142857285714283,3.4714286,3.7714285714285714,3.6285714857142857,3.414285742857143
2016,41,4.1857143428571435,4.042857157142857,3.871428642857143,4.214285714285714,4.085714342857143,3.8714286285714286
2016,42,3.342857242857143,3.2285714857142858,3.057142857142857,3.3714286571428573,3.1999999999999997,2.9714286
2016,43,3.4142857285714285,3.2571429000000003,3.100000042857143,3.4142857285714285,3.2428571571428573,3.042857157142857
2016,44,2.8571429142857143,2.7285714428571426,2.5428571714285715,2.8142857571428572,2.6857143142857143,2.4857143285714285
2016,45,2.6000000285714284,2.4857143142857145,2.3571428714285716,2.5428571714285715,2.4571428857142856,2.3142857285714284
2016,46,2.8428571428571425,2.7000000285714285,2.542857142857143,2.81428572,2.6857143142857143,2.4714286
2016,47,2.1714285714285713,2.0571428714285713,1.928571457142857,2.171428577142857,2.0571428714285713,1.8857143142857142
2016,48,1.442857157142857,1.3857142857142857,1.2714286057142858,1.4714285714285715,1.4285714428571428,1.3000000342857143
2016,49,1.1428571428571428,1.1142857285714285,1.042857142857143,1.157142857142857,1.1142857142857143,1.042857142857143
2016,50,1.157142862857143,1.1285714342857143,1.1285714428571427,1.171428577142857,1.1428571628571427,1.0857142914285713
2016,51,1.8714285771428572,1.8142857342857144,1.728571462857143,1.842857142857143,1.8571428771428573,1.7571429057142858
2016,52,2.0000000057142855,1.928571477142857,1.8142857485714288,2.042857157142857,1.9857143057142856,1.8285714342857144
2017,1,1.00000002,0.9571428771428572,0.91428572,0.9714285914285714,0.9714285771428572,0.91428572
2017,2,1.542857157142857,1.5,1.3571428714285714,1.5714285857142856,1.4857142857142858,1.3714285857142856
2017,3,1.4142857285714285,1.3714286,1.300000005714286,1.4428571428571428,1.414285742857143,1.3142857200000002
2017,4,1.6714285857142859,1.5857143057142855,1.442857157142857,1.6714285857142859,1.61428572,1.4714285914285714
2017,5,2.157142857142857,2.0714286,1.9571428771428572,2.1142857142857143,2.0571428857142857,1.9428571628571427
2017,6,3.442857142857143,3.3285714428571427,3.085714314285714,3.514285714285714,3.357142857142857,3.100000028571429
2017,7,3.157142914285714,3.042857157142857,2.8428571714285717,3.2000000571428573,3.057142857142857,2.842857157142857
2017,8,2.4000000285714287,2.3142857285714284,2.1,2.457142928571429,2.2857143,2.157142857142857
2017,9,3.285714314285714,3.1714285857142857,2.9571429142857144,3.3428572000000005,3.2000000571428573,2.985714328571429
2017,10,3.585714314285714,3.4428571857142853,3.2000000571428573,3.5857143,3.4000000285714287,3.142857142857143
2017,11,4.728571571428572,4.571428614285714,4.328571485714286,4.814285728571428,4.614285728571429,4.285714328571428
2017,12,3.585714285714286,3.5,3.3000000142857147,3.642857157142857,3.514285757142857,3.2714285714285714
2017,13,2.514285742857143,2.4714285857142855,2.3142857428571424,2.542857157142857,2.4571428857142856,2.342857157142857
2017,14,4.0571429000000006,3.9285714714285715,3.6857143,4.128571442857143,3.9714286142857143,3.642857142857143
2017,15,4.642857228571429,4.5,4.3000000428571425,4.685714285714285,4.5285714285714285,4.228571471428571
2017,16,4.342857157142857,4.1857143571428574,3.9714285714285715,4.314285742857143,4.171428657142857,3.8999999999999995
2017,17,3.2571428857142855,3.114285757142857,2.9000000285714287,3.3142857428571424,3.1571428714285714,2.900000014285714
2017,18,4.5428572,4.457142914285714,4.314285771428572,4.628571471428572,4.5142858142857145,4.271428571428571
2017,19,4.542857142857143,4.4857143285714285,4.314285714285714,4.600000014285714,4.471428571428571,4.2571429
2017,20,3.9285714714285715,3.857142914285714,3.6714285714285713,4.000000042857143,3.8714285714285714,3.714285728571429
2017,21,4.928571428571429,4.814285757142857,4.600000042857142,4.971428614285714,4.814285771428572,4.585714371428572
2017,22,5.0714286571428575,4.9571429,4.842857185714286,5.1142857571428575,5.000000128571429,4.785714371428571
2017,23,6.071428714285714,5.928571428571429,5.771428742857142,6.157143185714285,6.0,5.757142942857143
2017,24,6.928571428571429,6.7571429428571435,6.442857142857143,7.0,6.785714328571428,6.442857185714286
2017,25,5.871428614285714,5.742857228571429,5.471428657142858,5.957143042857142,5.8142857999999995,5.528571471428571
2017,26,6.085714371428572,5.942857142857143,5.7571429428571435,6.1714287571428565,6.028571471428571,5.728571471428571
2017,27,6.400000085714285,6.257142985714286,6.014285714285714,6.528571428571429,6.300000128571428,6.028571428571429
2017,28,5.285714328571429,5.157142942857143,4.985714414285715,5.4428572285714285,5.3,5.042857228571428
2017,29,5.971428657142857,5.785714285714286,5.500000128571429,6.085714371428572,5.885714285714286,5.528571557142857
2017,30,4.928571471428571,4.757142871428571,4.557142857142857,5.028571514285714,4.800000014285715,4.542857142857143
2017,31,5.0000000857142854,4.857142857142857,4.642857242857143,5.071428571428571,4.900000042857143,4.642857185714286
2017,32,3.842857185714286,3.7571429000000003,3.571428585714286,3.9285714285714284,3.771428614285714,3.6000000285714284
2017,33,5.200000085714286,5.042857228571428,4.871428671428572,5.285714328571428,5.085714285714286,4.828571442857142
2017,34,5.214285714285714,5.057142985714286,4.871428614285714,5.3000000428571425,5.085714371428572,4.828571428571428
2017,35,5.542857185714285,5.414285714285714,5.2142858428571435,5.628571471428572,5.428571471428571,5.157142942857143
2017,36,4.7571429428571435,4.585714385714286,4.414285757142857,4.7571429,4.628571471428572,4.371428614285714
2017,37,4.3428572,4.214285714285714,4.057142985714286,4.385714328571429,4.228571485714285,3.9857143285714285
2017,38,4.428571428571429,4.285714285714286,4.157142914285714,4.442857142857143,4.271428614285714,4.014285771428571
2017,39,2.4285714285714284,2.3571428714285716,2.200000014285714,2.4285714285714284,2.285714314285714,2.157142885714286
2017,40,2.814285714285714,2.7285714485714285,2.5857143057142857,2.8285714914285713,2.685714305714286,2.5428571485714286
2017,41,2.928571442857143,2.8000000285714286,2.671428642857143,2.8714286285714286,2.785714314285714,2.657142914285714
2017,42,4.0571429,3.9,3.6999999999999997,4.100000042857142,3.8857142857142857,3.6428571857142855
2017,43,2.7571429000000003,2.6857143,2.542857157142857,2.8000000285714286,2.6714285857142857,2.5428571714285715
2017,44,2.27142862,2.2000000057142857,2.071428577142857,2.2714286057142856,2.2000000057142857,2.028571442857143
2017,45,1.4571428714285715,1.4285714485714287,1.3857143057142858,1.4000000142857143,1.4000000057142858,1.3428571714285715
2017,46,2.842857157142857,2.7571429000000003,2.5142857285714286,2.8857143,2.7714286,2.5142857142857147
2017,47,2.9428571999999997,2.828571457142857,2.642857157142857,3.0000000285714283,2.8857143,2.6285714285714286
2017,48,2.757142871428571,2.6428571857142855,2.5000000142857144,2.7428571857142856,2.6571428999999998,2.457142857142857
2017,49,2.242857171428571,2.157142857142857,2.0142857285714286,2.3142857571428572,2.2571428857142855,2.0571428857142857
2017,50,2.1714285714285713,2.1142857428571427,2.000000028571429,2.200000042857143,2.1571428714285714,1.985714314285714
2017,51,1.4857143,1.4285714571428572,1.3714285714285714,1.5000000142857142,1.4714286142857145,1.342857142857143
2017,52,1.5000000199999999,1.4285714285714286,1.4000000142857143,1.4000000142857143,1.3714285857142856,1.3428571571428571
2018,1,1.6571429,1.6142857285714285,1.5428571857142859,1.6142857285714285,1.6000000142857143,1.528571457142857
2018,2,1.9571428857142856,1.8571429142857145,1.7714285714285716,1.942857157142857,1.8714286142857142,1.7428571571428573
2018,3,1.9571428714285715,1.8857143,1.7714286142857143,1.914285742857143,1.8857143,1.7571428857142857
2018,4,2.114285757142857,2.028571442857143,1.9,2.1142857714285714,2.085714342857143,1.9428571571428572
2018,5,2.171428614285714,2.142857171428571,2.0571428571428574,2.128571442857143,2.128571457142857,2.0571428571428574
2018,6,1.828571442857143,1.8000000142857144,1.7571428857142857,1.8142857285714287,1.8285714285714287,1.7428571571428573
2018,7,2.5857143,2.514285742857143,2.314285714285714,2.6285714285714286,2.528571442857143,2.3428571428571425
2018,8,1.0428571771428572,1.0285714342857142,0.9285714428571429,1.0857143057142857,1.0428571628571428,0.9714285714285714
2018,9,3.3714285714285714,3.2428572285714283,3.0000000571428567,3.3714285714285714,3.257142942857143,2.985714342857143
2018,10,3.128571442857143,2.985714357142857,2.7714286,3.142857171428571,3.0142858,2.7857143
2018,11,3.142857142857143,3.028571442857143,2.8142857428571424,3.1714285714285713,3.0142857285714286,2.8142857571428572
2018,12,3.4857143142857145,3.328571457142857,3.0857143428571425,3.5142857142857147,3.3142857428571424,3.071428585714286
2018,13,2.4714286,2.442857142857143,2.3142857428571424,2.4857143,2.400000014285714,2.285714342857143
2018,14,3.3285714428571427,3.285714342857143,3.0571428857142857,3.4142857714285713,3.285714342857143,3.085714314285714
2018,15,4.514285785714286,4.371428671428571,4.1,4.5857143,4.3714286285714286,4.057142957142857
2018,16,4.071428571428571,3.9285714857142855,3.685714357142857,4.114285714285715,3.900000142857143,3.6571429285714285
2018,17,4.22857152,4.185714291428572,3.9857142914285717,4.371428614285714,4.185714291428572,4.000000048571429
2018,18,4.100000128571429,4.042857199999999,3.8857143,4.157142914285714,4.0571429142857145,3.8428571428571425
2018,19,5.114285771428571,5.000000057142858,4.814285757142857,5.157142914285714,5.0,4.8142858142857134
2018,20,4.2428572,4.185714342857143,4.0285714285714285,4.257143,4.157142871428571,4.000000057142858
2018,21,6.042857228571429,5.914285757142857,5.657142942857143,6.071428614285714,5.871428614285714,5.6285715142857144
2018,22,6.071428757142857,5.914285757142857,5.7142858428571435,6.128571471428572,5.942857185714286,5.642857228571429
2018,23,7.428571428571429,7.257142857142857,6.985714428571429,7.5,7.257142985714286,6.9142857142857155
2018,24,6.4285714857142855,6.2571429,6.028571428571428,6.485714428571428,6.242857185714286,5.942857185714286
2018,25,5.285714371428571,5.185714285714285,5.0,5.328571557142857,5.171428614285714,4.957142942857142
2018,26,7.057142942857142,6.8571428999999995,6.585714328571428,7.114285942857143,6.914285757142857,6.571428614285714
2018,27,6.814285714285715,6.614285799999999,6.3999999999999995,6.914285714285714,6.700000042857143,6.357142857142857
2018,28,6.3571429,6.157142985714286,5.942857157142858,6.3999999999999995,6.242857142857143,5.885714385714286
2018,29,6.6142857571428575,6.471428614285714,6.171428614285714,6.728571428571429,6.4857143285714285,6.171428657142857
2018,30,4.900000085714287,4.785714285714286,4.585714328571428,4.9571429,4.8142858,4.614285799999999
2018,31,5.657142899999999,5.542857314285714,5.342857185714286,5.7571429,5.600000128571429,5.328571471428572
2018,32,5.828571514285714,5.685714371428571,5.5000000857142854,5.914285757142857,5.742857142857143,5.471428571428571
2018,33,5.028571557142857,4.928571471428571,4.771428614285715,5.085714414285714,4.942857185714286,4.728571428571429
2018,34,5.357142857142857,5.242857228571429,5.057142914285714,5.428571471428571,5.314285714285715,5.014285757142857
2018,35,5.328571514285714,5.228571514285714,4.985714371428571,5.428571428571429,5.242857228571428,4.971428614285714
2018,36,4.1142857571428575,4.0571429142857145,3.9285714714285715,4.171428614285714,4.0428572,3.8285714428571427
2018,37,6.171428657142856,5.985714285714286,5.800000085714286,6.185714328571429,6.042857228571428,5.7142858428571435
2018,38,4.871428657142857,4.771428571428571,4.600000085714286,4.900000085714287,4.742857142857143,4.500000042857143
2018,39,3.6142857142857143,3.5428572,3.4857142857142853,3.600000042857143,3.5428572,3.3714286
2018,40,3.157142885714286,3.0571428999999997,2.900000014285714,3.142857157142857,3.028571442857143,2.8571429142857143
2018,41,1.4285714428571428,1.3857142857142857,1.3142857200000002,1.4000000142857143,1.3714285857142858,1.3000000057142855
2018,42,2.8000000000000003,2.6714285999999996,2.528571457142857,2.7714285857142857,2.6285714571428573,2.4857143142857145
2018,43,3.1142857428571427,3.0000000285714283,2.842857157142857,3.1142857428571427,2.9857143,2.800000014285714
2018,44,2.4,2.3000000285714286,2.1142857285714287,2.414285742857143,2.2571429142857142,2.1142857285714287
2018,45,1.6714285714285713,1.6000000428571428,1.457142857142857,1.6571428714285712,1.6000000285714286,1.4428571428571428
2018,46,1.8142857285714287,1.7428571571428573,1.6142857428571429,1.8,1.7714285857142857,1.5857143142857144
2018,47,2.1285714571428573,2.0142857142857142,1.8428571999999999,2.1142857428571427,1.9857142857142858,1.8142857428571428
2018,48,1.642857157142857,1.6285714428571427,1.5285714485714286,1.6571428857142858,1.6571428714285712,1.542857177142857
2018,49,1.2142857285714286,1.157142857142857,1.042857142857143,1.2428571428571427,1.157142857142857,1.0571428714285713
2018,50,2.4714286142857143,2.3571428857142855,2.1571428714285714,2.4714286,2.3714286142857146,2.1571428714285714
2018,51,2.157142862857143,2.0714285914285715,1.9000000428571429,2.185714285714286,2.1000000285714284,1.9142857485714286
2018,52,1.2000000142857143,1.1285714542857144,1.0142857257142857,1.1857143,1.11428574,1.0142857257142857
2019,1,1.528571457142857,1.4857142857142858,1.4000000000000001,1.5142857428571428,1.5000000142857142,1.3857143
2019,2,1.2428571485714286,1.2285714342857141,1.1285714342857143,1.2285714342857141,1.21428572,1.1285714342857143
2019,3,1.8142857342857144,1.7571428771428572,1.7000000342857144,1.8428571771428572,1.8571428571428572,1.7285714771428573
2019,4,1.6857143142857143,1.6285714428571427,1.5000000142857142,1.6857143142857143,1.6857143,1.5285714428571429
2019,5,2.1000000142857145,2.0285714285714285,1.9714285857142857,2.1142857285714287,2.085714285714286,1.9714285857142857
2019,6,1.3285714285714287,1.328571442857143,1.328571442857143,1.2571428771428572,1.3,1.3
2019,7,2.1142857428571427,2.085714314285714,1.914285757142857,2.128571442857143,2.0714285857142856,1.9714285857142857
2019,8,1.1857143057142856,1.1285714285714286,1.0,1.2000000142857143,1.1571428714285712,1.0571428714285713
2019,9,1.5714285857142856,1.5714286000000002,1.6000000285714286,1.542857157142857,1.6428571571428574,1.6428571714285716
2019,10,1.7428571571428573,1.6857143,1.6714285714285715,1.7285714428571428,1.7285714285714284,1.6571429
2019,11,1.8857143142857142,1.8428571571428571,1.7714285714285711,1.9000000285714285,1.8571428714285714,1.7571428571428573
2019,12,2.571428585714286,2.4857142857142853,2.3714286285714286,2.5714285714285716,2.542857157142857,2.414285742857143
2019,13,3.0000000428571427,2.9428571999999997,2.8142857714285716,3.0428571571428575,2.9857143142857145,2.8428572285714284
2019,14,3.414285714285714,3.3285714285714287,3.157142914285714,3.485714342857143,3.3714285714285714,3.157142914285714
2019,15,3.1285714571428573,3.057142914285714,2.957142871428571,3.1857143,3.1000000142857145,2.9571428714285717
2019,16,4.214285728571428,4.128571471428572,3.957142957142857,4.314285757142857,4.1857143428571435,3.9857143857142856
2019,17,4.028571485714286,3.957142957142857,3.757142857142857,4.128571457142857,3.9857144285714283,3.7857143
2019,18,3.257142957142857,3.1857142857142855,3.0714286142857143,3.3285714285714287,3.2428572428571427,3.100000042857143
2019,19,2.9857142857142853,3.014285757142857,2.885714357142857,3.0285714285714285,3.0285714285714285,2.8857143285714284
2019,20,5.057142942857142,4.971428571428571,4.771428628571428,5.142857185714285,5.014285800000001,4.7571429571428565
2019,21,3.2142858,3.128571542857143,3.028571442857143,3.2285715142857145,3.1428571714285716,3.000000085714286
2019,22,4.5,4.385714371428572,4.228571428571429,4.528571471428571,4.400000042857143,4.171428628571428
2019,23,5.285714285714286,5.242857185714286,5.1,5.385714385714286,5.3,5.071428742857143
2019,24,5.785714328571428,5.642857142857143,5.457142857142857,5.871428657142857,5.671428614285714,5.4142858
2019,25,4.485714342857142,4.414285771428571,4.257142857142857,4.542857157142857,4.4142858,4.214285728571428
2019,26,6.6285715142857144,6.4571429,6.228571514285714,6.700000042857143,6.500000042857143,6.171428614285714
2019,27,5.942857142857143,5.800000128571428,5.628571471428572,6.085714328571428,5.9428572285714285,5.6285715142857144
2019,28,6.3571428999999995,6.185714285714285,5.928571557142858,6.457142942857144,6.300000085714286,5.942857271428571
2019,29,6.7571429,6.614285799999999,6.385714414285714,6.885714471428571,6.742857228571429,6.385714328571429
2019,30,5.614285714285714,5.514285842857142,5.328571599999999,5.757142857142857,5.585714328571428,5.300000128571428
2019,31,5.971428614285714,5.857142942857143,5.6142857571428575,6.128571428571428,5.957142942857144,5.642857185714285
2019,32,5.414285842857143,5.3000000428571425,5.0571429000000006,5.542857185714285,5.371428614285714,5.071428614285714
2019,33,6.300000128571428,6.142857228571429,5.871428614285714,6.400000042857143,6.214285885714285,5.871428657142857
2019,34,5.985714285714286,5.828571471428572,5.6142858,6.057142857142857,5.857142857142857,5.5714286571428575
2019,35,5.4571429,5.3428571428571425,5.1142857571428575,5.514285800000001,5.371428571428572,5.071428614285714
2019,36,5.242857185714286,5.1142858,4.9714287142857145,5.285714328571428,5.171428571428572,4.900000014285714
2019,37,4.814285757142857,4.685714285714286,4.500000171428572,4.8428571428571425,4.7,4.4285714714285715
2019,38,5.1285715142857144,4.942857142857143,4.7428572,5.157142942857143,4.971428571428571,4.657143
2019,39,4.842857357142857,4.728571471428571,4.542857185714285,4.871428742857143,4.742857142857143,4.471428671428571
2019,40,3.271428642857143,3.2428572,3.142857142857143,3.2428571571428573,3.1428572000000004,3.014285742857143
2019,41,3.442857142857143,3.371428642857143,3.2142857142857144,3.4857143857142856,3.314285785714286,3.142857142857143
2019,42,3.5714285714285716,3.4428571428571426,3.2714286285714285,3.5857143,3.414285757142857,3.171428614285714
2019,43,2.285714314285714,2.214285728571429,2.1000000142857145,2.328571457142857,2.1857143,2.0285714285714285
2019,44,1.41428572,1.3857142914285714,1.3714285714285714,1.3714285914285715,1.3714285771428572,1.3428571485714287
2019,45,2.4428571857142853,2.385714342857143,2.2857143285714288,2.4571429,2.400000042857143,2.2142857428571427
2019,46,2.3000000000000003,2.2142857285714284,2.0571428857142857,2.2857142857142856,2.2142857285714284,2.0571428857142857
2019,47,2.014285734285714,1.9285714285714286,1.8,1.9857143,1.942857157142857,1.7857142857142858
2019,48,0.6571428571428571,0.6571428571428571,0.7285714428571428,0.6285714285714287,0.7000000000000001,0.70000002
2019,49,1.9714285857142857,1.9285714428571428,1.8000000285714286,1.9714285857142857,1.9571428714285715,1.8142857428571428
2019,50,1.2857143285714285,1.2857143285714285,1.2000000142857143,1.3142857285714287,1.328571442857143,1.2285714428571428
2019,51,2.1571428999999998,2.0857143428571425,1.985714314285714,2.142857157142857,2.0714286142857143,1.9285714428571428
2019,52,1.1857142914285714,1.1285714485714284,1.0714285914285715,1.171428577142857,1.128571462857143,0.9857142857142858
2020,1,1.6857143142857143,1.6428571428571428,1.5714286000000002,1.7000000142857143,1.7000000142857143,1.6000000285714286
2020,2,1.7714285714285716,1.7142857285714286,1.5857143,1.7571428714285715,1.7142857285714288,1.5857143
2020,3,1.7000000142857143,1.642857157142857,1.528571457142857,1.6714285857142859,1.642857157142857,1.5142857428571428
2020,4,1.7571428714285715,1.700000042857143,1.6000000142857143,1.7714285857142857,1.7285714714285714,1.6285714571428573
2020,5,2.2285714542857145,2.1714286114285715,2.014285762857143,2.257142925714286,2.1857143257142857,2.0428571485714286
2020,6,0.9285714285714286,0.9142857285714285,0.90000002,0.9,0.9285714428571429,0.90000002
2020,7,1.5285714628571427,1.4857143057142856,1.4857142857142858,1.5000000342857143,1.5142857285714284,1.4857142857142855
2020,8,1.6714286142857144,1.6142857571428573,1.542857157142857,1.6857143285714287,1.6428571714285716,1.5714286000000002
2020,9,2.3428571714285717,2.257142857142857,2.1000000485714283,2.3714286285714286,2.257142857142857,2.1142857485714286
2020,10,3.2000000428571433,3.114285785714286,2.9571428857142856,3.257142871428571,3.1428572000000004,2.928571442857143
2020,11,2.5571428857142857,2.4714286,2.328571457142857,2.5714286,2.4714286142857143,2.3000000285714286
2020,12,2.2000000285714285,2.1714285914285716,2.1000000342857144,2.1857143142857143,2.185714305714286,2.1000000342857144
2020,13,3.1714285857142857,3.071428585714286,2.9142857285714285,3.2142857857142855,3.0857143,2.9142857285714285
2020,14,3.114285771428572,3.0142857285714286,2.8571429,3.1857143285714287,3.057142857142857,2.842857185714286
2020,15,3.9571429142857144,3.842857142857143,3.6428573571428573,4.0142858142857145,3.8714285714285714,3.6571429428571425
2020,16,2.4857143057142856,2.4285714628571426,2.3428571428571425,2.528571434285714,2.5000000200000003,2.385714291428571
2020,17,4.2714286,4.157142942857143,3.971428571428571,4.4,4.214285757142857,3.942857142857143
2020,18,5.085714428571428,4.942857242857143,4.771428657142857,5.1571428571428575,5.000000142857142,4.771428614285715
2020,19,4.642857142857143,4.5714286571428575,4.4428572285714285,4.714285757142856,4.657142942857143,4.400000042857143
2020,20,4.385714328571429,4.357142942857143,4.257142857142857,4.442857185714286,4.385714328571429,4.214285728571428
2020,21,6.185714471428571,6.014285757142857,5.785714385714286,6.200000042857143,6.028571428571429,5.714285771428571
2020,22,5.371428657142857,5.257142985714286,5.0571429000000006,5.4428572285714285,5.285714328571428,5.057142857142857
2020,23,7.3,7.1142857571428575,6.828571471428572,7.3999999999999995,7.185714328571429,6.800000128571428
2020,24,6.628571557142857,6.457142942857142,6.2,6.714285714285714,6.471428657142858,6.1285715142857144
2020,25,6.671428571428572,6.5142859,6.2571429,6.771428571428571,6.6000000000000005,6.214285714285714
2020,26,6.1714287,6.000000042857143,5.8428571428571425,6.228571514285714,6.100000085714286,5.785714285714286
2020,27,6.700000042857143,6.528571428571429,6.271428657142857,6.814285842857143,6.628571428571428,6.271428571428571
2020,28,7.5714286571428575,7.371428657142857,7.085714371428572,7.7,7.485714428571429,7.1142857571428575
2020,29,6.528571428571429,6.314285842857143,6.071428614285714,6.6142858,6.500000042857144,6.157142942857143
2020,30,5.628571471428572,5.500000042857143,5.285714328571428,5.771428657142857,5.600000085714286,5.285714328571428
2020,31,5.7142858,5.600000085714285,5.342857185714286,5.828571514285715,5.671428614285714,5.371428614285714
2020,32,6.528571557142857,6.328571471428572,6.057143028571429,6.600000085714286,6.400000042857143,6.085714371428572
2020,33,6.500000042857143,6.342857228571428,6.042857228571429,6.557142942857142,6.357142857142857,6.0714287
2020,34,6.014285757142857,5.8714287,5.628571428571428,6.0714286571428575,5.900000171428571,5.600000085714286
2020,35,5.242857142857143,5.085714328571428,4.857142942857143,5.357142942857143,5.214285714285714,4.885714328571429
2020,36,5.7,5.557142857142857,5.357142985714286,5.742857185714286,5.642857185714285,5.342857185714286
2020,37,3.5142857142857147,3.400000085714286,3.2142857857142855,3.5142857714285713,3.371428642857143,3.1571428714285714
2020,38,5.142857142857143,5.0,4.785714371428571,5.142857185714285,5.042857142857143,4.742857185714286
2020,39,4.485714414285715,4.385714371428572,4.200000057142857,4.557142942857142,4.4142858,4.200000042857143
2020,40,3.6714285714285717,3.5571428714285713,3.4285715142857143,3.6714285714285713,3.585714285714286,3.385714357142857
2020,41,4.685714328571429,4.4714287,4.271428571428571,4.628571471428572,4.457143,4.200000128571429
2020,42,3.785714357142857,3.657142885714286,3.5428571428571423,3.771428685714286,3.6714285714285713,3.5142857142857147
2020,43,2.142857157142857,2.1142857142857143,2.128571442857143,2.0571428857142857,2.100000014285714,2.085714314285714
2020,44,2.300000014285714,2.2142857428571427,2.1000000285714284,2.2857143,2.2285714714285714,2.0714285857142856
2020,45,3.7428572,3.5571428714285713,3.3285714714285715,3.7285714428571426,3.542857142857143,3.2428571571428573
2020,46,2.0571428571428574,1.9428571428571428,1.7428571714285714,2.1,1.9857142857142858,1.7714286000000001
2020,47,2.4142857285714285,2.342857157142857,2.1857143285714287,2.428571485714286,2.342857157142857,2.1714286
2020,48,1.4142857428571427,1.342857142857143,1.3,1.3857143,1.4000000142857143,1.2857142914285713
2020,49,1.9857143,1.914285742857143,1.7857142857142858,2.0000000285714283,1.9571428857142856,1.8000000285714286
2020,50,1.6857143142857143,1.6428571714285716,1.5857142914285716,1.6857143057142856,1.6428571771428573,1.5571428914285714
2020,51,1.542857157142857,1.5142857285714284,1.4571428771428572,1.5714286057142857,1.6000000142857143,1.4714285971428571
2020,52,2.5142857285714286,2.3714286285714286,2.142857157142857,2.528571442857143,2.400000042857143,2.1714285714285713
2020,53,1.3000000000000003,1.2571428714285715,1.2142857142857142,1.3000000000000003,1.3,1.2000000142857143
2021,1,1.4000000142857143,1.342857142857143,1.2571428714285715,1.4,1.3857142857142857,1.2571428714285715
2021,2,2.1000000142857145,2.0571428857142857,1.9142857285714285,2.1,2.0714285857142856,1.9428571571428572
2021,3,1.3428571571428571,1.3000000200000001,1.2000000485714286,1.342857142857143,1.3142857342857144,1.2142857628571428
2021,4,1.642857157142857,1.6428571714285714,1.5857142857142856,1.6285714285714286,1.700000042857143,1.5999999999999999
2021,5,2.457142857142857,2.3285714714285715,2.1571428714285714,2.4857143,2.3428571428571425,2.1428571714285716
2021,6,0.6142857142857142,0.6571428771428572,0.72857144,0.6,0.6571428771428572,0.72857144
2021,7,1.5714285914285713,1.5285714342857142,1.442857177142857,1.5571428714285713,1.5571428571428572,1.4714285914285714
2021,8,2.157142862857143,2.114285734285714,1.9571428771428572,2.1714285914285716,2.10000002,1.9571428771428572
2021,9,2.8857142857142857,2.7714285857142857,2.628571442857143,2.900000014285714,2.8142857571428572,2.6142857428571427
2021,10,2.0571428714285713,1.9857143,1.8571428714285714,2.071428585714286,1.9714285857142857,1.8571428714285714
2021,11,2.4571429142857144,2.371428571428571,2.3142857285714284,2.4142857285714285,2.457142857142857,2.3571429
2021,12,2.342857157142857,2.2142857428571427,2.100000042857143,2.3571428714285716,2.2714286285714285,2.100000042857143
2021,13,3.942857228571429,3.8000000428571425,3.6285714285714286,4.000000042857143,3.814285728571428,3.6142857142857143
2021,14,3.8714286285714286,3.7714285857142857,3.6571428571428575,3.9285714285714284,3.8285714428571427,3.6428571857142855
2021,15,2.085714314285714,2.014285742857143,1.8571428714285714,2.1142857285714287,1.9857143,1.8571428714285714
2021,16,2.9142857285714285,2.8428571428571425,2.757142857142857,2.957142928571429,2.8714286285714286,2.757142857142857
2021,17,4.414285814285714,4.342857157142857,4.171428571428572,4.528571471428571,4.400000142857143,4.1571428571428575
2021,18,3.7428571571428573,3.700000014285714,3.5857143857142857,3.800000057142857,3.6857143,3.5285715000000004
2021,19,3.3571429,3.342857185714286,3.2714285857142857,3.371428642857143,3.3428571714285717,3.2285714428571426
2021,20,4.957142871428571,4.857142914285714,4.771428585714285,4.985714428571429,4.857142914285714,4.671428585714286
2021,21,4.985714371428571,4.871428614285714,4.785714285714286,4.985714371428571,4.871428614285714,4.657142985714286
2021,22,5.057142942857142,4.971428614285714,4.8142858,5.157142942857143,5.0571429000000006,4.828571514285714
2021,23,7.057142942857142,6.914285757142857,6.6714287,7.157142899999999,6.928571471428571,6.600000171428571
2021,24,6.828571514285715,6.714285757142856,6.471428657142858,6.957142857142857,6.771428614285715,6.442857185714286
2021,25,5.185714328571429,5.085714328571429,4.871428657142857,5.314285728571428,5.1571428571428575,4.9000001285714285
2021,26,5.1142857571428575,4.9857143285714285,4.771428614285715,5.228571471428571,5.0714287,4.771428571428571
2021,27,6.185714328571429,6.057142857142857,5.785714328571429,6.342857185714286,6.185714328571429,5.8571428999999995
2021,28,6.085714285714286,5.900000171428571,5.700000085714286,6.185714285714285,6.014285757142857,5.685714371428572
2021,29,6.257142985714286,6.071428571428571,5.8142858,6.414285714285714,6.242857271428571,5.857142942857143
2021,30,5.785714285714286,5.614285714285715,5.371428657142857,5.9428572285714285,5.728571428571429,5.400000042857143
2021,31,5.6285715142857144,5.471428571428571,5.214285842857143,5.728571428571429,5.557142942857142,5.242857314285715
2021,32,6.014285757142857,5.828571514285715,5.614285842857143,6.1142857571428575,5.914285757142857,5.642857185714285
2021,33,5.600000042857142,5.428571471428571,5.1571428571428575,5.657142899999999,5.4571429,5.128571442857143
2021,34,5.385714371428572,5.271428614285715,5.057142857142857,5.471428657142857,5.3000000428571425,5.0
2021,35,5.185714371428571,5.042857185714285,4.842857185714286,5.242857185714286,5.1000000000000005,4.800000128571428
2021,36,5.5571429000000006,5.414285842857143,5.171428657142857,5.571428614285714,5.4000001285714285,5.142857185714285
2021,37,5.3142858,5.142857271428572,4.9142857285714285,5.342857228571428,5.2142858,4.857142914285714
2021,38,4.271428642857143,4.171428671428571,3.985714342857143,4.314285728571428,4.200000085714286,3.9571429
2021,39,3.5000000428571427,3.400000014285714,3.300000014285714,3.5285715142857144,3.400000014285714,3.2142857428571427
2021,40,3.871428571428571,3.800000042857143,3.6000000142857145,3.9571429,3.7714286285714285,3.5428571714285715
2021,41,2.7714285714285714,2.7142857142857144,2.5857143,2.8,2.714285728571429,2.5428571714285715
2021,42,3.0571428714285713,2.9571428714285717,2.8428571428571425,3.0571428714285713,2.9714285857142855,2.8000000000000003
2021,43,3.057142857142857,2.9714285714285715,2.857142857142857,3.085714314285714,2.9857142857142853,2.800000042857143
2021,44,2.4000000200000002,2.3000000199999997,2.20000002,2.40000002,2.3285714342857142,2.1714285914285716
2021,45,2.428571457142857,2.3142857285714284,2.1285714714285713,2.4142857285714285,2.342857157142857,2.1142857428571427
2021,46,2.5571428714285713,2.4428571714285714,2.2714285857142857,2.5857143,2.514285742857143,2.300000014285714
2021,47,2.728571457142857,2.6142857285714283,2.4857143,2.7714286,2.7000000285714285,2.442857157142857
2021,48,2.657142885714286,2.5714286,2.442857157142857,2.685714285714286,2.6285714571428573,2.414285757142857
2021,49,2.0285714571428572,1.9714286142857145,1.8142857285714287,2.085714314285714,2.0571428857142857,1.8714285714285717
2021,50,2.3571428857142855,2.3000000714285713,2.185714285714286,2.4000000571428575,2.3857143142857145,2.200000014285714
2021,51,2.8857143,2.7714286,2.5571428714285713,3.0000000142857144,2.842857157142857,2.6142857428571427
2021,52,1.3142857342857144,1.2285714342857141,1.1571428771428571,1.3142857285714287,1.2857142857142858,1.1571428771428571
2022,1,1.4857143,1.4857143,1.5000000285714286,1.4714285999999999,1.542857142857143,1.5000000142857144
2022,2,2.3142857428571433,2.2142857428571427,2.142857142857143,2.3142857428571424,2.3285714428571427,2.1857143
2022,3,1.3714286,1.342857142857143,1.2571428714285715,1.3571428714285714,1.3714285857142858,1.3000000285714286
2022,4,1.5999999999999999,1.5571428571428572,1.542857157142857,1.6142857142857143,1.6285714285714286,1.5571428714285713
2022,5,1.5,1.4571428714285715,1.3571428714285714,1.4714285714285715,1.4285714428571428,1.3571428714285714
2022,6,2.257142857142857,2.2142857285714284,2.1142857428571427,2.3285714285714287,2.257142871428571,2.1142857428571427
2022,7,2.2714285857142857,2.2571428857142855,2.128571442857143,2.3285714428571427,2.2714285857142857,2.1571428714285714
2022,8,1.3571428771428573,1.342857142857143,1.2714285714285716,1.3857142914285714,1.3571428571428572,1.2857142857142858
2022,9,2.6857143,2.6000000142857145,2.4285714285714284,2.6571428571428575,2.585714314285714,2.4571428714285717
2022,10,1.8142857142857143,1.7428571485714284,1.671428605714286,1.8142857142857143,1.771428577142857,1.671428605714286
2022,11,2.785714314285714,2.7142857142857144,2.585714314285714,2.8714286,2.8142857285714284,2.6142857428571427
2022,12,3.600000057142857,3.4857142857142853,3.2857142857142856,3.657142914285714,3.5714286142857143,3.271428614285714
2022,13,3.300000042857143,3.2000000285714285,3.057142928571429,3.3428571428571425,3.3000000428571425,3.1142857428571427
2022,14,4.200000014285714,4.0571429,3.8285714428571427,4.3,4.142857242857143,3.842857157142857
2022,15,3.685714285714286,3.571428585714286,3.3714285857142854,3.742857142857143,3.5857143428571425,3.342857157142857
2022,16,5.042857142857143,4.942857185714286,4.714285814285715,5.157143085714286,4.957142857142857,4.657142914285714
2022,17,4.642857185714285,4.514285800000001,4.271428628571429,4.771428571428571,4.600000085714286,4.300000042857143
2022,18,4.5857143,4.528571442857143,4.371428585714286,4.671428671428571,4.600000042857142,4.3714286285714286
2022,19,6.257142942857143,6.042857142857143,5.771428657142857,6.299999999999999,6.114285714285714,5.728571514285714
2022,20,4.728571485714285,4.600000014285714,4.442857142857143,4.771428657142857,4.642857157142857,4.428571428571429
2022,21,5.571428585714286,5.4285714857142855,5.228571471428571,5.571428628571428,5.471428671428571,5.185714285714285
2022,22,4.600000042857142,4.500000057142857,4.371428614285714,4.657142900000001,4.585714371428572,4.3571429
2022,23,6.0714286571428575,5.9571429,5.7571429,6.2,6.028571557142857,5.7571429
2022,24,7.385714471428571,7.185714328571429,6.857142942857143,7.542857185714285,7.2714288428571425,6.814285757142857
2022,25,5.914285714285714,5.785714414285715,5.528571557142857,6.071428614285714,5.885714285714286,5.5571429000000006
2022,26,5.971428657142857,5.785714285714286,5.557142985714286,6.114285842857143,5.885714328571429,5.5571430714285714
2022,27,6.3,6.157142985714286,5.885714328571429,6.4571429,6.242857271428571,5.885714371428572
2022,28,6.157142899999999,6.0,5.728571471428571,6.285714371428571,6.1000000000000005,5.7714287
2022,29,6.4571429,6.2571429,6.0000000857142854,6.614285842857143,6.385714328571429,6.028571471428571
2022,30,5.171428571428572,5.100000042857142,4.871428657142857,5.3142858,5.200000085714286,4.8999999999999995
2022,31,6.1000000000000005,5.9428572285714285,5.657142899999999,6.214285714285714,5.971428657142857,5.671428657142857
2022,32,5.985714285714286,5.814285757142857,5.528571471428571,6.085714328571428,5.828571471428572,5.542857142857143
2022,33,4.3571429,4.2571429,4.042857228571428,4.457142914285714,4.328571528571429,4.085714328571428
2022,34,5.371428614285714,5.228571514285714,5.028571514285714,5.5000000857142854,5.3428571428571425,5.028571514285715
2022,35,5.8000000428571425,5.6285715142857144,5.385714328571429,5.885714285714286,5.685714371428572,5.357142857142857
2022,36,4.685714328571429,4.614285771428571,4.400000014285714,4.742857171428571,4.614285728571429,4.385714371428572
2022,37,4.642857142857143,4.4571429857142855,4.228571485714285,4.657142899999999,4.4571429,4.157142899999999
2022,38,3.9428572428571433,3.8714285857142854,3.714285728571429,4.0,3.8714286285714286,3.6571428571428575
2022,39,3.7857143285714288,3.6428572000000004,3.5142857285714286,3.7857142857142856,3.642857242857143,3.4428571714285714
2022,40,2.600000042857143,2.571428585714286,2.457142857142857,2.642857157142857,2.528571442857143,2.4142857285714285
2022,41,3.4571428714285717,3.3571429428571427,3.242857171428571,3.5285714285714285,3.371428642857143,3.2142857428571427
2022,42,4.028571485714286,3.8571429142857143,3.6571428999999998,4.042857142857143,3.842857242857143,3.6428571857142855
2022,43,2.1000000142857145,2.0285714571428572,1.8571428857142858,2.1285714285714286,2.000000057142857,1.828571442857143
2022,44,2.585714285714286,2.4714285857142855,2.2285714428571426,2.6,2.4571428857142856,2.2285714285714286
2022,45,2.2714285714285714,2.1857143,2.0714285714285716,2.200000014285714,2.157142857142857,1.9857142857142858
2022,46,1.11428572,1.0571428571428572,1.0000000142857142,1.1142857257142857,1.0571428571428572,1.0000000285714286
2022,47,1.9571428714285715,1.8714285857142856,1.7142857571428571,1.9714285857142857,1.8857143,1.700000042857143
2022,48,1.8571428571428572,1.7857143000000002,1.6714286142857142,1.8428571571428571,1.8000000142857144,1.6714286
2022,49,1.828571442857143,1.7714285714285716,1.6571428714285716,1.885714342857143,1.7714285714285716,1.6428571428571428
2022,50,1.3571428571428572,1.3,1.2000000485714286,1.4142857342857145,1.3571428914285715,1.228571462857143
2022,51,1.3428571714285715,1.3000000285714286,1.2285714285714284,1.3571428714285714,1.3142857285714287,1.2428571571428573
2022,52,1.6285714428571427,1.5714286142857143,1.4714285771428572,1.6000000428571428,1.6142857714285714,1.4714285771428572
2023,1,1.2000000142857143,1.1857142857142857,1.1571428714285712,1.1714286,1.1857143,1.1285714428571427
2023,2,1.828571457142857,1.785714305714286,1.6857143057142856,1.8000000142857142,1.7714285714285716,1.6857143142857143
2023,3,1.0714285914285715,1.0714285914285715,0.9714285914285714,1.1000000342857144,1.057142877142857,0.9571428914285713
2023,4,1.1285714285714286,1.1000000142857143,0.9857143057142856,1.1285714285714286,1.0857142857142856,0.9714285914285714
2023,5,1.914285742857143,1.914285742857143,1.8285714285714287,1.8714285857142856,1.8714285714285714,1.8142857142857143
2023,6,1.9428571571428572,1.9285714285714286,1.7428571771428572,1.928571457142857,1.8857143142857142,1.728571462857143
2023,7,2.2000000285714285,2.1857143142857143,1.9857143,2.2285714714285714,2.157142885714286,2.0000000285714283
2023,8,2.4571428714285717,2.4142857285714285,2.1571428714285714,2.4714286142857143,2.3428571428571425,2.1285714285714286
2023,9,2.5571428714285713,2.4857143142857145,2.242857171428571,2.6142857428571427,2.457142885714286,2.242857171428571
2023,10,2.157142885714286,2.071428585714286,1.8857143285714284,2.1857143,2.0571428857142857,1.8714286
2023,11,2.6999999999999997,2.6,2.342857157142857,2.757142871428571,2.6142857285714283,2.342857157142857
2023,12,2.3428571857142857,2.2714285999999997,2.0428571714285715,2.414285742857143,2.2714285857142857,2.0428571714285715
2023,13,3.5428572000000003,3.4285714285714284,3.1857143714285714,3.657142914285714,3.5,3.171428642857143
2023,14,2.857142857142857,2.7857142857142856,2.600000028571429,2.9285715,2.7857142857142856,2.600000028571429
2023,15,4.585714285714286,4.4714285714285715,4.228571542857143,4.657142899999999,4.442857157142857,4.157142914285714
2023,16,3.800000057142857,3.700000014285714,3.500000071428571,3.9142857142857146,3.7285714285714286,3.4428571714285714
2023,17,3.8142857571428572,3.7000000428571433,3.5000000428571427,3.928571442857143,3.7428572142857144,3.4714285857142855
2023,18,4.8142857999999995,4.714285885714285,4.4285714714285715,4.871428614285714,4.671428657142856,4.371428657142857
2023,19,3.5,3.4285714285714284,3.2857142857142856,3.557142914285714,3.3857142857142857,3.214285728571429
2023,20,4.114285714285715,4.1,3.9000001714285717,4.200000014285714,4.085714285714286,3.842857242857143
2023,21,4.842857228571428,4.814285757142857,4.600000128571429,4.871428657142857,4.7142858,4.471428614285714
2023,22,4.528571528571429,4.457142871428571,4.2571429,4.5571429142857145,4.371428585714286,4.142857157142857
2023,23,4.442857242857143,4.414285814285714,4.185714328571429,4.514285757142857,4.314285714285714,4.114285771428571
2023,24,4.300000057142857,4.242857142857143,4.085714342857143,4.400000042857143,4.214285728571428,4.000000014285715
2023,25,6.157142899999999,6.085714285714286,5.828571514285714,6.200000042857143,6.0,5.657142899999999
2023,26,5.957142857142856,5.914285757142857,5.642857157142857,6.085714328571428,5.8571428999999995,5.5571429000000006
2023,27,4.914285771428571,4.842857242857143,4.542857185714285,4.971428628571429,4.757142942857143,4.485714285714286
2023,28,6.542857185714285,6.442857142857143,6.100000085714285,6.628571471428572,6.414285714285714,6.014285757142857
2023,29,6.085714328571428,5.9857143285714285,5.7000001,6.185714371428572,5.971428657142857,5.628571557142857
2023,30,6.228571471428571,6.142857142857143,5.8571428999999995,6.328571471428572,6.142857228571429,5.800000085714286
2023,31,4.842857185714286,4.728571471428571,4.5000000857142854,4.971428614285714,4.742857142857143,4.471428657142857
2023,32,5.357142942857143,5.214285714285714,4.971428657142857,5.471428614285714,5.242857142857143,4.914285842857143
2023,33,6.271428571428571,6.085714371428572,5.8142858,6.414285757142857,6.157142899999999,5.785714328571429
2023,34,5.5428572,5.371428728571429,5.085714471428572,5.657142857142857,5.4142857285714285,5.042857142857143
2023,35,5.471428657142857,5.3571428999999995,5.057142985714286,5.5714286571428575,5.328571428571428,5.014285757142857
2023,36,5.142857142857143,5.028571471428571,4.757142942857143,5.228571428571429,4.9857143285714285,4.642857185714285
2023,37,3.557142957142857,3.500000014285714,3.257142871428571,3.6000000857142855,3.385714314285714,3.1428571999999995
2023,38,4.400000085714286,4.2714286999999995,4.0285714285714285,4.471428657142857,4.2571429,3.957142928571429
2023,39,4.957142871428571,4.814285842857143,4.542857185714285,5.000000057142857,4.7142858,4.385714328571429
2023,40,3.442857157142857,3.3000000999999997,3.0857143,3.5,3.228571471428571,3.000000014285714
2023,41,2.9571428857142856,2.8571428714285716,2.6428571857142855,2.9714286,2.7428571571428573,2.557142857142857
2023,42,3.5857143,3.442857142857143,3.2714286,3.6285714285714286,3.4,3.200000014285714
2023,43,1.714285742857143,1.7000000142857143,1.6000000142857143,1.6714285714285713,1.5999999999999999,1.5142857342857143
2023,44,2.9428571714285714,2.885714342857143,2.6857143142857143,3.028571442857143,2.9000000571428575,2.657142885714286
2023,45,2.5714285714285716,2.4571428714285717,2.242857177142857,2.657142914285714,2.4571428714285717,2.1714285714285713
2023,46,2.6571428714285714,2.5142857571428574,2.3285714428571427,2.6857143,2.5571428857142857,2.3
2023,47,1.2857143,1.1857143200000002,1.0571428714285713,1.2857143,1.2000000142857143,1.01428572
2023,48,1.6571428714285716,1.6000000142857143,1.50000002,1.657142857142857,1.6142857285714285,1.4857143057142856
2023,49,2.1857143114285713,2.0571428714285713,1.9000000285714285,2.257142877142857,2.1285714342857145,1.8714286
2023,50,1.5285714285714285,1.4857143,1.342857142857143,1.5571428857142855,1.4857143,1.342857142857143
2023,51,1.8000000285714286,1.7285714571428572,1.5142857142857142,1.8428571999999999,1.7142857285714286,1.5
2023,52,1.600000014285714,1.557142877142857,1.4714285999999999,1.6142857428571429,1.6000000142857143,1.4571428771428572
2024,1,1.0428571485714286,1.0000000057142857,0.8857143171428571,1.0285714342857142,0.9142857400000001,0.82857144
2024,2,0.9714285857142857,0.8714285971428571,0.7714285714285715,0.9714285857142857,0.8857143114285714,0.7571428714285714
2024,3,1.3142857142857143,1.3000000142857142,1.2142857285714286,1.3142857285714287,1.3000000285714286,1.2428571571428573
2024,4,1.4714285914285714,1.4000000342857142,1.2857143000000002,1.4714285914285714,1.38571432,1.2714285857142857
2024,5,1.6857143,1.6142857342857142,1.4857143342857142,1.6857142857142857,1.5714285914285713,1.4714286342857144
2024,6,1.557142857142857,1.557142857142857,1.4142857142857144,1.5571428714285713,1.4428571857142856,1.3857142857142857
2024,7,1.7142857285714288,1.6428571714285714,1.5142857428571428,1.7142857142857142,1.5999999999999999,1.4857143285714287
2024,8,3.1428571857142855,3.0714285714285716,2.7571428857142855,3.242857157142857,2.9857142857142853,2.7285714428571426
2024,9,3.3714285857142854,3.2428571571428573,2.957142857142857,3.457142857142857,3.2142857428571427,2.942857142857143
2024,10,2.1571428714285714,2.1142857285714287,1.9142857285714285,2.1714285857142857,2.0428571714285715,1.842857142857143
2024,11,2.18571432,2.0857143485714285,1.9428571485714288,2.157142885714286,2.0142857485714285,1.7857143285714285
2024,12,3.2571428857142855,3.1142857285714283,2.928571442857143,3.2714286,3.0142857142857147,2.7285714428571426
2024,13,2.728571457142857,2.642857157142857,2.5142857285714286,2.757142857142857,2.5714285714285716,2.342857162857143
2024,14,4.157142899999999,4.0571429142857145,3.7428571571428573,4.185714414285714,3.9571429142857144,3.6285714714285717
2024,15,4.400000057142857,4.228571442857143,4.000000042857143,4.428571442857143,4.185714328571429,3.9000000999999997
2024,16,3.4714286285714286,3.3142858000000004,3.171428614285714,3.5285715714285715,3.2428571857142856,3.0428572000000003
2024,17,4.042857142857143,3.9285715714285714,3.7142858142857142,4.042857142857143,3.8142857285714284,3.542857185714286
2024,18,4.885714371428571,4.742857185714286,4.471428614285714,4.914285842857143,4.614285714285714,4.314285771428572
2024,19,3.6285714857142857,3.4714285857142855,3.3285714285714287,3.7000001142857144,3.428571485714286,3.1714285999999996
2024,20,5.585714414285714,5.4714287,5.242857185714286,5.685714285714285,5.428571471428571,5.100000042857142
2024,21,5.314285757142857,5.185714371428571,4.942857185714286,5.385714371428572,5.128571471428572,4.828571485714286
2024,22,5.8000000428571425,5.685714371428571,5.514285842857142,5.828571471428572,5.657142942857143,5.400000042857143
2024,23,6.628571471428572,6.414285757142857,6.228571471428571,6.700000085714286,6.371428657142857,6.071428614285715
2024,24,6.6142857571428575,6.414285757142857,6.185714328571429,6.671428571428572,6.342857271428572,6.028571557142857
2024,25,6.5000000857142854,6.3000000428571425,6.028571514285715,6.528571428571429,6.185714328571429,5.828571428571428
2024,26,6.971428614285714,6.800000085714286,6.628571428571428,7.042857142857143,6.857142942857143,6.542857185714285
2024,27,6.285714285714286,6.142857228571429,5.871428571428572,6.385714328571429,6.142857228571429,5.771428571428571
2024,28,7.100000042857142,6.928571428571429,6.614285714285714,7.185714285714285,6.942857142857143,6.528571471428571
2024,29,5.9000001285714285,5.800000085714286,5.528571471428571,6.0000000857142854,5.785714285714286,5.4571429
2024,30,6.257143042857143,6.1285715142857144,5.8571428999999995,6.271428614285715,6.114285714285714,5.800000085714286
2024,31,6.885714371428572,6.728571428571429,6.457142942857142,6.885714371428572,6.7,6.357142985714286
2024,32,4.928571542857143,4.857142957142857,4.642857185714285,4.971428671428571,4.7857143,4.542857199999999
2024,33,5.471428614285714,5.357142857142857,5.114285799999999,5.528571514285714,5.328571428571428,5.042857228571428
2024,34,5.385714328571429,5.271428657142857,5.028571514285715,5.414285757142857,5.214285757142856,4.914285757142857
2024,35,5.828571514285715,5.685714371428571,5.457142857142857,5.857142942857143,5.628571471428572,5.3142858
2024,36,5.0,4.885714471428571,4.614285714285714,4.957142914285714,4.800000057142857,4.485714371428571
2024,37,5.114285799999999,4.971428571428571,4.771428571428571,5.100000042857142,4.928571514285714,4.642857185714285
2024,38,4.457142957142858,4.342857228571428,4.142857185714286,4.514285800000001,4.3,4.000000114285714
2024,39,4.614285714285714,4.528571471428571,4.328571485714286,4.557142857142857,4.4285714714285715,4.185714328571429
2024,40,4.357142942857143,4.3,4.142857142857143,4.3428571428571425,4.200000014285714,3.9714286714285714
2024,41,3.6428571999999995,3.557142857142857,3.414285742857143,3.642857142857143,3.5,3.3285714285714287
2024,42,3.2428572,3.1285714714285713,2.9857143142857145,3.200000014285714,2.9857142857142853,2.785714314285714
2024,43,3.2142857428571427,3.0857143285714286,2.9571428857142856,3.1857143000000003,3.0571428999999997,2.8142857428571424
2024,44,2.5000000200000003,2.414285734285714,2.2571429000000003,2.5571428771428573,2.4000000200000002,2.185714285714286
2024,45,1.328571442857143,1.2857142857142858,1.1285714342857143,1.3285714285714285,1.2428571571428573,1.1000000342857144
2024,46,2.285714314285714,2.2142857142857144,2.085714314285714,2.2428571571428573,2.1857143,1.985714314285714
2024,47,2.2571429000000003,2.1714285857142857,2.014285757142857,2.228571457142857,2.171428614285714,1.9571428714285715
2024,48,1.3857143057142858,1.3142857285714287,1.2000000142857143,1.3428571571428571,1.3285714342857144,1.2000000142857143
2024,49,1.9857143142857143,1.8714285857142856,1.7428571857142856,1.8857142857142857,1.7857143285714285,1.6142857428571429
2024,50,1.9142857571428569,1.8428571714285715,1.7000000142857143,1.9000000285714285,1.8285714428571427,1.6142857428571429
2024,51,2.3,2.2000000285714285,2.0714286142857143,2.214285728571429,2.142857142857143,1.9571428857142856
2024,52,1.600000062857143,1.5571429057142858,1.4142857142857144,1.57142862,1.5142857428571428,1.328571457142857
2025,1,1.5000000285714286,1.4285714428571428,1.3714285771428574,1.4285714571428572,1.3714286057142857,1.28571432
2025,2,1.8571428771428573,1.8000000485714287,1.6714285714285713,1.8428571771428572,1.7714285914285715,1.6285714285714286
2025,3,2.0857142914285713,2.0142857342857146,1.8714286142857142,2.057142862857143,1.9571428857142856,1.8000000142857144
2025,4,1.828571442857143,1.785714305714286,1.6714286057142858,1.8000000114285712,1.7571428914285716,1.6285714485714284
2025,5,3.1000000142857145,3.0,2.8142857285714284,3.1428572000000004,2.9714285857142855,2.742857142857143
2025,6,3.0857143428571425,2.9285714285714284,2.700000028571428,3.1142857285714287,2.857142857142857,2.6142857285714283
2025,7,1.61428572,1.5714285914285713,1.4857142857142858,1.6428571628571427,1.5428571628571428,1.4428571571428572
2025,8,2.157142857142857,2.1142857142857143,1.9714285857142857,2.157142857142857,2.042857157142857,1.9000000000000001
2025,9,4.171428585714286,4.028571471428571,3.7714286285714285,4.285714342857142,3.9857143,3.642857142857143
2025,10,2.3428571714285717,2.242857171428571,2.1000000142857145,2.357142857142857,2.2714286,2.1000000342857144
2025,11,3.7285714285714286,3.5571428571428574,3.2857142857142856,3.8000000428571425,3.5571429,3.228571457142857
2025,12,3.8571428714285716,3.6571428714285714,3.3142857428571424,3.9857143,3.728571442857143,3.3428571714285717
2025,13,3.842857185714286,3.7285715,3.4714285714285715,3.914285742857143,3.657142857142857,3.4
2025,14,2.428571457142857,2.3571428857142855,2.242857171428571,2.4857143,2.328571457142857,2.1142857142857143
2025,15,5.014285728571429,4.857142871428572,4.671428628571428,5.042857157142857,4.800000014285715,4.528571514285714
2025,16,3.5714285714285716,3.4428571999999997,3.2857143,3.628571442857143,3.3571428714285716,3.1142857428571427
2025,17,4.357142871428572,4.214285842857143,4.057142857142857,4.400000057142857,4.185714285714285,3.8714286285714286
2025,18,4.571428614285714,4.414285757142857,4.171428614285714,4.628571428571428,4.371428614285714,4.071428571428571
2025,19,4.042857285714286,3.957142871428571,3.7714286142857145,3.9857143714285717,3.8428571428571425,3.642857157142857
2025,20,5.685714371428571,5.514285757142857,5.228571471428571,5.7142858,5.385714328571429,5.042857228571428
2025,21,4.9857143285714285,4.828571471428572,4.685714371428571,5.014285800000001,4.700000014285714,4.428571442857143
2025,22,4.814285771428572,4.742857142857142,4.585714328571428,4.814285771428572,4.600000042857142,4.371428657142857
2025,23,4.571428614285714,4.500000042857143,4.3428572,4.600000042857142,4.414285757142857,4.228571428571429
2025,24,6.600000042857142,6.485714414285715,6.200000042857143,6.585714328571428,6.385714371428572,6.057142985714286
2025,25,7.628571585714285,7.471428628571429,7.171428671428571,7.657143042857143,7.414285757142857,7.0285715714285715
2025,26,6.042857271428572,5.928571428571429,5.6714287428571435,6.028571557142857,5.828571428571428,5.5571429000000006
2025,27,6.457143028571429,6.328571428571428,6.028571471428571,6.442857142857143,6.228571471428571,5.8999999999999995
2025,28,6.785714371428571,6.585714285714286,6.2714287,6.842857185714286,6.600000042857142,6.257143071428572
2025,29,6.242857228571429,6.0857145,5.785714371428571,6.228571514285714,6.014285714285714,5.700000085714286
2025,30,6.314285757142857,6.1142857571428575,5.785714285714286,6.3142858,6.114285799999999,5.742857142857143
2025,31,5.571428614285714,5.385714371428572,5.185714328571429,5.542857185714285,5.371428614285714,5.0714287
2025,32,7.300000228571428,7.071428571428571,6.771428571428571,7.357142857142857,7.128571428571428,6.685714285714285
2025,33,5.942857271428571,5.814285757142857,5.514285800000001,5.942857314285715,5.7571429428571435,5.414285842857143
2025,34,5.314285842857143,5.185714285714285,4.942857271428571,5.342857185714286,5.157142914285714,4.8571428999999995
2025,35,3.800000014285714,3.6714285714285713,3.4285715285714287,3.8000000000000003,3.6000000285714284,3.342857157142857
2025,36,4.871428614285714,4.728571485714285,4.485714285714286,4.842857185714286,4.642857271428572,4.328571471428572
2025,37,4.800000057142857,4.642857228571429,4.4285714714285715,4.714285714285714,4.5000000857142854,4.214285757142857
2025,38,4.042857157142857,3.900000014285714,3.700000014285714,4.014285728571428,3.8428571857142857,3.5714286
2025,39,3.7285715,3.614285714285714,3.4,3.6571428999999998,3.4714285714285715,3.2142857342857143
2025,40,4.1857143428571435,4.0571429142857145,3.8000000000000003,4.142857228571429,3.9428571428571426,3.6714285857142857
2025,41,2.8571428714285716,2.7714286,2.657142885714286,2.8000000142857147,2.671428642857143,2.514285742857143
2025,42,3.428571442857143,3.3000000285714286,3.1571428714285714,3.3142857428571424,3.085714314285714,2.914285742857143
2025,43,2.9,2.8142857571428572,2.6857143142857143,2.8142857428571424,2.700000014285714,2.542857157142857
2025,44,2.5142857857142857,2.414285742857143,2.3000000285714286,2.485714328571429,2.3428571714285717,2.1857143142857143
2025,45,2.6857143714285714,2.5714286,2.4285714285714284,2.6857143,2.5571428857142857,2.3571428714285716
2025,46,3.1714285714285713,3.042857157142857,2.842857157142857,3.1285714571428573,3.0000000142857144,2.7428571571428573
2025,47,2.0142857285714286,1.9142857142857144,1.75714292,1.9571428628571428,1.8428571771428572,1.6428571428571428
2025,48,1.3142857714285714,1.2714286142857143,1.2000000285714287,1.3142857714285714,1.2142857571428571,1.142857157142857
2025,49,1.3142857428571428,1.2857143,1.1714285857142859,1.3285714857142856,1.3428571571428571,1.2142857285714286
2025,50,2.685714285714286,2.6000000142857145,2.414285742857143,2.6857143,2.5571428857142857,2.342857157142857
2025,51,3.085714285714286,2.942857157142857,2.714285728571429,3.114285771428571,2.928571457142857,2.671428614285714
2025,52,3.0285714571428572,2.9285714914285714,2.757142857142857,3.0571428857142857,2.94285722,2.7285714428571426
2026,1,1.9333333333333333,1.8666667,1.8666667,1.9000000333333336,1.8666667,1.7666667
