year,week,39.7333_-105.1833,39.7333_-105.225,39.7333_-105.2667,39.775_-105.1833,39.775_-105.225,39.775_-105.2667
1999,52,1.6,1.9000000000000001,1.75,1.65,1.5500001,1.7
2000,1,0.4714285714285714,0.8,0.9571429,0.4571428571428572,0.6285714285714284,0.9285714285714286
2000,2,0.04285714285714286,0.05714285714285715,0.05714285714285715,0.04285714285714286,0.05714285714285715,0.09999999999999999
2000,3,0.1142857142857143,0.21428571428571427,0.24285714285714285,0.09999999999999999,0.18571428571428572,0.31428571428571433
2000,4,1.2285714285714284,1.557142857142857,1.5285714714285714,1.1999999999999997,1.2285714714285714,1.4428571428571428
2000,5,0.0,0.0,0.0,0.0,0.0,0.0
2000,6,0.0,0.0,0.0,0.0,0.0,0.0
2000,7,1.0857142857142856,1.3142857142857143,1.4142857142857144,0.9857142857142858,1.200000042857143,1.7428571428571427
2000,8,0.21428571999999999,0.28571430000000003,0.3714285771428572,0.18571428571428572,0.2571428571428572,0.40000000571428573
2000,9,0.2285714285714286,0.24285715714285713,0.22857144285714287,0.15714285714285717,0.17142857142857143,0.18571430000000003
2000,10,0.0,0.0,0.0,0.0,0.0,0.0
2000,11,2.914285714285714,3.3857142857142857,3.6142857142857143,2.7857144285714286,3.057143,3.5857144285714284
2000,12,1.042857142857143,1.2571428571428573,1.4142857142857141,1.0142857142857142,1.1714285714285713,1.4142857142857144
2000,13,4.042857285714286,4.6142857571428575,4.92857172,3.828571428571429,4.242857148571429,5.028571442857142
2000,14,0.5857142857142856,0.7285714285714285,0.8857142914285714,0.5,0.6857142857142857,0.8857142857142858
2000,15,0.5285714285714286,0.5428571428571429,0.5428571428571428,0.5428571428571429,0.5571428571428572,0.5857142857142856
2000,16,0.6428571428571429,0.8285714428571429,1.0285714714285714,0.6285714428571428,0.7999999999999999,1.0857142857142856
2000,17,1.8428571428571427,1.9285714285714286,1.9714286142857145,1.6571429000000002,1.8285714714285715,2.100000042857143
2000,18,0.07142857142857142,0.07142857142857142,0.1285714285714286,0.07142857142857142,0.1142857142857143,0.17142857142857143
2000,19,1.8000000000000003,1.9285714285714286,2.3714285714285714,1.7428572857142857,1.9285715714285714,2.1714285714285717
2000,20,2.5285714285714285,2.471428571428571,2.714285857142857,2.742857142857143,2.6857145714285715,2.657143
2000,21,1.242857142857143,1.0714285714285714,0.9857142999999999,1.2285714714285716,1.1285714285714286,1.0142857285714286
2000,22,0.0,0.0,0.0,0.0,0.0,0.0
2000,23,0.04285714285714286,0.04285714285714286,0.04285714285714286,0.0,0.0,0.04285714285714286
2000,24,1.7571428714285715,1.6142857285714285,1.457142857142857,1.6999999999999997,1.6714285714285713,1.6142857285714283
2000,25,0.9714285714285714,1.0142857142857142,1.0428571485714284,1.042857142857143,1.1285714285714286,1.1428571428571428
2000,26,2.514285877142857,2.585714285714286,2.6571428571428575,2.6428571485714287,2.8142857285714284,2.9142857199999996
2000,27,0.18571430000000003,0.2285714285714286,0.25714287142857145,0.21428571428571427,0.2857142857142857,0.32857142857142857
2000,28,3.357142871428571,3.371428571428571,3.1285714285714286,3.3999999999999995,3.6000001571428575,3.471428585714286
2000,29,4.442857285714286,4.528571428571429,4.242857142857143,4.828571428571428,4.885714285714286,4.5
2000,30,0.09999999999999999,0.2285714285714286,0.32857142857142857,0.1285714342857143,0.22857144285714287,0.3
2000,31,0.5285714285714286,0.5285714285714286,0.5285714285714286,0.4857142857142857,0.5142857142857142,0.5571428571428572
2000,32,0.7285714285714285,0.6714285714285715,0.6,0.6285714285714287,0.6428571485714285,0.7000000142857142
2000,33,3.7857142857142856,4.171428771428571,4.614285862857143,3.714285728571429,3.957143,4.585714305714285
2000,34,0.8714285714285713,1.1000000142857143,1.3428571542857142,0.8142857285714287,1.0285714428571429,1.3428571771428572
2000,35,2.8142857571428572,3.057142914285714,3.3714285714285714,2.7000000571428573,2.842857148571429,3.242857142857143
2000,36,0.31428571428571433,0.31428571428571433,0.31428571428571433,0.34285714285714286,0.3714285771428571,0.38571428571428573
2000,37,0.0,0.0,0.0,0.0,0.0,0.0
2000,38,5.557142871428572,5.600000014285714,5.614285771428571,5.542857185714285,5.8000000428571425,6.085714657142857
2000,39,0.0,0.0,0.0,0.0,0.0,0.0
2000,40,0.8428571428571427,0.8142857142857142,0.7714285714285715,0.8857142857142856,0.9428571428571428,0.9142857142857144
2000,41,0.0,0.0,0.0,0.04285714285714286,0.0,0.0
2000,42,0.5428571428571428,0.6000000428571429,0.6428571428571429,0.6857142857142857,0.7714285714285715,0.7999999999999999
2000,43,0.35714285714285715,0.32857144285714285,0.3,0.31428571428571433,0.31428571428571433,0.2571428571428572
2000,44,1.7142857142857142,1.6142857142857143,1.4000000428571429,1.7428571428571427,1.6428571428571428,1.5857142999999998
2000,45,0.4428571428571429,0.5285714342857143,0.5857142914285715,0.4714285714285714,0.5285714342857143,0.6285714428571428
2000,46,0.39999999999999997,0.5,0.5857142857142856,0.39999999999999997,0.5142857142857142,0.6285714428571428
2000,47,0.0,0.0,0.0,0.0,0.0,0.0
2000,48,0.0,0.0,0.0,0.0,0.0,0.0
2000,49,0.8571428571428571,1.0857142857142856,1.0999999999999999,0.7714285857142856,0.9000000000000001,1.1428571428571428
2000,50,0.2285714285714286,0.3857142857142857,0.4428571428571428,0.19999999999999998,0.34285714285714286,0.5428571485714285
2000,51,0.18571430000000003,0.30000001428571427,0.35714285714285715,0.17142857142857143,0.2571428571428572,0.38571428571428573
2000,52,0.3714285857142857,0.4571428714285714,0.4571428714285714,0.3142857142857142,0.3857142857142857,0.4571428571428572
2001,1,0.0,0.0,0.0,0.0,0.0,0.0
2001,2,0.0,0.0,0.0,0.0,0.0,0.0
2001,3,1.4571428999999998,1.457142857142857,1.4571428999999998,1.342857142857143,1.3285714714285715,1.4714286142857145
2001,4,0.7000000000000001,0.6000000142857144,0.5142857142857143,0.6857143,0.5428571428571428,0.4857142857142857
2001,5,0.08571428571428572,0.07142857142857142,0.07142857142857142,0.08571428571428572,0.08571428571428572,0.09999999999999999
2001,6,1.0571428571428572,1.2142857142857142,1.3714285857142856,0.9571429,1.1142857142857143,1.4
2001,7,1.6142857142857143,1.5285714285714285,1.4000000000000001,1.5428571857142859,1.4285714285714286,1.4571429000000002
2001,8,0.0,0.0,0.0,0.0,0.0,0.0
2001,9,0.09999999999999999,0.2714285714285714,0.39999999999999997,0.1142857142857143,0.2857142857142857,0.42857142857142855
2001,10,1.8285714285714287,2.1571428571428575,2.242857142857143,1.7142857142857142,1.8857142857142857,2.242857142857143
2001,11,0.7142857428571429,1.0000000114285714,1.17142862,0.7000000000000001,0.9285714428571429,1.200000042857143
2001,12,0.40000000571428573,0.5714285714285714,0.7142857285714286,0.5428571428571428,0.6571428571428571,0.8571428571428571
2001,13,1.7571428714285715,2.142857142857143,2.3000000000000003,1.657142857142857,1.8428571571428571,2.1571428999999998
2001,14,0.08571428571428572,0.08571428571428572,0.08571428571428572,0.08571428571428572,0.08571428571428572,0.09999999999999999
2001,15,4.657142857142857,4.757143042857143,4.799999999999999,4.514285714285714,4.657142857142857,4.871428571428572
2001,16,2.5285715714285715,2.871428757142857,3.185714285714286,2.642857142857143,3.057142857142857,3.4857142857142853
2001,17,0.15714285714285717,0.2285714285714286,0.34285714285714286,0.15714285714285717,0.24285714285714285,0.38571428571428573
2001,18,9.542857185714285,8.942857428571429,8.971428857142858,9.400000148571428,9.071428757142858,8.628571571428571
2001,19,0.0,0.0,0.0,0.0,0.0,0.0
2001,20,1.6714285714285713,1.7000000142857143,1.8571428714285714,1.6142857142857143,1.7142857285714286,1.814285757142857
2001,21,0.7428571857142857,0.9,1.1142857142857143,0.6571428571428571,0.8142857571428571,1.0
2001,22,1.3428571428571427,1.3142857285714287,1.3571428571428572,1.3142857142857143,1.2857143485714286,1.3
2001,23,0.6000000114285714,0.5571428628571429,0.5142857200000001,0.7142857142857143,0.6714285714285715,0.6428571428571429
2001,24,1.9714285714285715,1.7714285714285716,1.5999999999999999,1.9428572857142856,1.8571428714285714,1.6857144342857142
2001,25,0.38571428571428573,0.35714287142857143,0.41428571428571426,0.3,0.3285714285714286,0.3571428714285715
2001,26,0.6714285714285715,0.8428571428571429,1.0714285714285714,0.6571428571428571,0.8571428571428571,1.0999999999999999
2001,27,2.4,2.1428571485714287,2.200000157142857,2.357142857142857,2.1999999999999997,2.314285714285714
2001,28,4.871428585714286,4.61428572,5.1000000000000005,4.757143042857143,4.585714428571428,5.1571428571428575
2001,29,0.0,0.04285714285714286,0.05714285714285715,0.09999999999999999,0.04285714285714286,0.07142857142857142
2001,30,1.1142857285714285,1.3000000142857144,1.6285714428571427,0.9857142857142858,1.2285714485714287,1.6857143
2001,31,1.842857142857143,1.8142857142857143,1.9142857142857144,1.5999999999999999,1.7571429,1.8000000428571428
2001,32,4.6,5.128571442857143,5.642857142857143,4.728571428571429,5.642857171428572,5.971428571428571
2001,33,1.1285714285714286,1.4714285714285715,1.7714285714285716,1.200000057142857,1.6428571428571428,1.8714285914285715
2001,34,1.042857142857143,0.9142857142857144,0.8714285857142857,1.0571428571428572,1.028571457142857,0.9285714285714286
2001,35,0.0,0.05714285714285715,0.09999999999999999,0.0,0.05714285714285715,0.18571428571428572
2001,36,3.685714428571429,3.757142871428571,3.685714285714286,3.6714285714285713,4.157142857142857,4.171428585714286
2001,37,1.0857143,1.3142857142857143,1.4714285714285715,1.1571428571428573,1.5571428571428572,1.7285714428571428
2001,38,0.45714285714285713,0.45714285714285713,0.45714285714285713,0.4857142857142857,0.5142857142857143,0.5000000142857143
2001,39,0.0,0.0,0.0,0.0,0.0,0.0
2001,40,0.34285714285714286,0.37142857142857144,0.34285714857142857,0.38571428571428573,0.37142859142857143,0.4571428571428572
2001,41,0.3142857342857143,0.39999999999999997,0.4571428714285714,0.38571428571428573,0.42857142857142855,0.6285714285714287
2001,42,0.1142857142857143,0.14285714285714285,0.15714285714285717,0.15714285714285717,0.15714285714285717,0.2285714285714286
2001,43,0.0,0.0,0.0,0.0,0.0,0.0
2001,44,0.0,0.0,0.0,0.0,0.0,0.0
2001,45,1.557142857142857,1.5714285714285714,1.5428571857142859,1.5285714285714285,1.5999999999999999,1.7142857142857142
2001,46,0.5,0.5714285714285714,0.6142857142857142,0.4714285714285714,0.5714285714285714,0.6714286142857143
2001,47,1.1000000428571428,1.0142857142857142,0.9,1.0714285714285714,1.0,0.9428571571428572
2001,48,0.18571430000000003,0.22857144285714287,0.22857144285714287,0.19999999999999998,0.19999999999999998,0.2285714285714286
2001,49,0.04285714285714286,0.05714285714285715,0.07142857142857142,0.04285714285714286,0.05714285714285715,0.07142857142857142
2001,50,0.9571428571428572,1.1714285714285713,1.2,0.8857142857142858,1.0285714285714287,1.1999999999999997
2001,51,0.1285714285714286,0.1285714285714286,0.1285714285714286,0.1142857142857143,0.1142857142857143,0.09999999999999999
2001,52,0.09999999999999999,0.1285714285714286,0.15714285714285717,0.05714285714285715,0.1285714285714286,0.15714285714285717
2002,1,0.92857144,0.9857143199999999,1.0285714571428572,0.7571428628571429,0.8428571571428571,0.9571428714285714
2002,2,0.7571428571428571,0.8285714285714285,0.8428571428571429,0.8571428571428571,0.8571428571428571,0.9142857142857143
2002,3,0.0,0.0,0.0,0.0,0.0,0.0
2002,4,0.8428571428571427,0.8714285714285713,0.8428571428571429,0.7571428714285714,0.7428571628571429,0.7571428571428571
2002,5,0.19999999999999998,0.3428571571428571,0.42857142857142855,0.24285714285714285,0.3428571571428571,0.4714285714285714
2002,6,0.0,0.0,0.04285714285714286,0.0,0.0,0.04285714285714286
2002,7,0.1285714342857143,0.17142857142857143,0.2571428571428572,0.1142857142857143,0.14285714285714285,0.27142857142857146
2002,8,0.15714285714285717,0.15714285714285717,0.1285714285714286,0.19999999999999998,0.2,0.17142857142857146
2002,9,1.8000000428571428,2.100000057142857,2.2285714285714286,1.6857142857142857,1.928571485714286,2.3714286571428573
2002,10,0.38571428571428573,0.6000000142857144,0.7571428714285714,0.41428571428571426,0.5571428571428572,0.6857143
2002,11,1.8142857714285714,1.7571428571428573,1.7142857714285715,1.8571428857142855,1.7428571428571427,1.7428571857142856
2002,12,1.042857157142857,1.0142857285714286,0.9571428571428572,0.8285714428571429,0.7857142857142857,0.8000000142857143
2002,13,0.17142857142857143,0.15714285714285717,0.14285714285714285,0.1285714285714286,0.1285714285714286,0.1285714285714286
2002,14,0.0,0.05714285714285715,0.08571428571428572,0.0,0.0,0.09999999999999999
2002,15,0.21428571428571427,0.2571428571428571,0.3428571428571429,0.24285714285714288,0.2285714285714286,0.35714285714285715
2002,16,0.05714285714285715,0.09999999999999999,0.1285714285714286,0.08571428571428572,0.1285714285714286,0.1857142857142857
2002,17,0.1142857142857143,0.1142857142857143,0.14285714285714285,0.0,0.1142857142857143,0.2285714285714286
2002,18,0.5285714285714286,0.5142857142857142,0.6285714571428571,0.4714285714285714,0.5714285914285714,0.5857142857142856
2002,19,1.6571429000000002,1.7428571428571427,2.2714285714285714,1.8285714285714287,2.1714285714285713,2.3000000000000003
2002,20,0.8571429,0.7714286142857143,0.9142857142857144,0.8571428571428571,0.8857142857142856,0.8285714285714285
2002,21,4.628571571428572,4.714286,5.957142857142856,4.571428571428571,5.357143,5.628571428571428
2002,22,0.0,0.0,0.0,0.0,0.0,0.0
2002,23,2.042857185714286,2.1142857142857143,2.2,1.885714285714286,1.9714285714285715,2.2000001428571427
2002,24,0.04285714285714286,0.0,0.0,0.04285714285714286,0.0,0.0
2002,25,1.0714285857142856,0.9857142999999999,0.9428571428571428,1.042857157142857,0.8714285714285713,0.8428571571428571
2002,26,0.21428571428571427,0.15714285714285717,0.08571428571428572,0.1285714285714286,0.08571428571428572,0.08571428571428572
2002,27,1.6714285714285713,1.714285777142857,1.5857142971428573,1.5999999999999999,1.5000000571428571,1.5571428571428572
2002,28,1.1428571428571428,1.1142857142857143,1.0142857142857142,1.1,0.9428571428571428,0.942857142857143
2002,29,0.6857142857142857,0.6428571857142857,0.5571428571428572,0.5857142857142856,0.5714285857142858,0.5714285857142858
2002,30,0.2285714285714286,0.30000001428571427,0.3714285857142857,0.14285714285714285,0.18571428571428572,0.3
2002,31,0.5428571428571428,0.8857143142857142,1.1714286142857142,0.6142857285714286,0.9285714285714286,1.2285714285714289
2002,32,1.6142858,1.9142857142857144,2.157142857142857,1.5999999999999999,1.9857142857142858,2.2857142857142856
2002,33,0.0,0.0,0.0,0.0,0.0,0.0
2002,34,0.7142857142857143,0.714285742857143,0.7000000142857142,0.7285714285714285,0.6857142857142857,0.7000000142857142
2002,35,0.9714285714285714,1.2142857714285715,1.4000000000000001,0.8857143,1.1285714285714286,1.3285714285714285
2002,36,0.05714285714285715,0.09999999999999999,0.1142857142857143,0.04285714285714286,0.04285714285714286,0.09999999999999999
2002,37,5.457143042857142,5.800000057142857,6.071428714285714,5.271428571428571,5.757142857142857,6.300000185714286
2002,38,1.4714285714285715,1.6857142857142857,1.9000000000000001,1.2571428571428573,1.4285714428571428,1.6142857142857143
2002,39,0.6571428571428571,0.7285714428571428,0.7714285714285715,0.6142857285714286,0.6714285714285715,0.7999999999999999
2002,40,2.8142857571428572,3.057142857142857,3.1571428571428575,2.8000000000000003,2.957143,3.3428571428571425
2002,41,0.0,0.0,0.0,0.0,0.0,0.0
2002,42,0.0,0.0,0.0,0.0,0.0,0.0
2002,43,0.08571428571428572,0.14285714285714285,0.17142857142857146,0.1142857142857143,0.21428571428571427,0.2714285771428571
2002,44,2.5142858714285716,2.642857142857143,2.7285714428571426,2.6285714571428573,2.742857191428571,3.0714285914285715
2002,45,0.08571428571428572,0.15714285714285717,0.2285714285714286,0.05714285714285715,0.1285714342857143,0.2285714285714286
2002,46,0.3714285771428571,0.34285714285714286,0.3571428714285715,0.2857142857142857,0.3285714342857143,0.35714285714285715
2002,47,0.9285714285714286,0.7857142857142857,0.7285714285714285,0.9428571428571428,0.9285714428571428,0.9714285714285714
2002,48,0.0,0.08571428571428572,0.14285714285714285,0.0,0.1142857142857143,0.19999999999999998
2002,49,0.0,0.0,0.0,0.0,0.0,0.0
2002,50,0.0,0.0,0.0,0.0,0.0,0.0
2002,51,0.07142857142857142,0.2285714285714286,0.24285714285714285,0.0,0.14285714285714285,0.28571429142857147
2002,52,0.0,0.0,0.05714285714285715,0.0,0.0,0.09999999999999999
2003,1,0.18571428571428572,0.2714285714285714,0.24285714285714285,0.15714285714285717,0.17142857142857146,0.2285714285714286
2003,2,0.2857142857142857,0.5714285714285714,0.7142857142857143,0.2714285714285714,0.39999999999999997,0.6428571428571429
2003,3,0.0,0.0,0.0,0.0,0.0,0.0
2003,4,0.0,0.0,0.0,0.0,0.0,0.0
2003,5,0.25714287142857145,0.4857142857142857,0.6857142857142857,0.1285714342857143,0.39999999999999997,0.7000000000000001
2003,6,1.5857142999999998,1.8,1.8571428714285714,1.5285714428571429,1.728571442857143,1.9428571571428572
2003,7,0.8714285714285713,1.0142857142857142,1.1857142857142855,0.7571428714285714,0.9428571857142858,1.157142857142857
2003,8,0.21428571428571427,0.1857142857142857,0.17142857142857143,0.19999999999999998,0.19999999999999998,0.18571428571428572
2003,9,2.571428585714286,2.8857143285714284,3.028571585714286,2.7000000714285717,2.9142857285714285,3.157142871428572
2003,10,0.30000001428571427,0.32857142857142857,0.3142857142857142,0.24285714285714285,0.27142857142857146,0.31428571428571433
2003,11,0.04285714285714286,0.05714285714285715,0.05714285714285715,0.05714285714285715,0.05714285714285715,0.07142857142857142
2003,12,15.257143042857143,17.700000614285717,19.08571442857143,14.071428571428571,16.18571447142857,19.014285857142855
2003,13,1.5571428714285713,1.5000000142857142,1.4142857142857144,1.8,1.5714285714285714,1.5
2003,14,1.2714286142857143,1.4285714285714286,1.571428577142857,1.4142857142857141,1.6285714428571427,1.7000000142857143
2003,15,0.8857142857142858,0.942857142857143,0.9714286142857144,0.8857142857142856,1.0,1.0285714714285714
2003,16,3.371428585714285,3.4285714285714284,3.414285742857143,3.5428571571428575,3.700000014285714,3.6142857285714283
2003,17,3.0142857142857147,2.8142857571428572,2.585714285714286,3.114286,3.0428571428571423,2.7285714428571426
2003,18,0.47142858571428575,0.3857142857142857,0.3428571571428571,0.4285714428571428,0.4285714428571428,0.3857142857142857
2003,19,4.7428573,3.9428571428571426,3.5857142857142854,4.957143142857142,4.242857157142857,3.5714285714285716
2003,20,0.9714286285714285,1.2571428571428573,1.7714285714285716,0.8571428571428571,1.2142857142857142,1.7285714285714284
2003,21,0.0,0.21428571428571427,0.4714285714285714,0.0,0.21428571428571427,0.41428572
2003,22,0.5714285771428571,0.6571428571428573,0.8571428857142858,0.47142857714285713,0.6142857342857143,0.7714285857142856
2003,23,3.1571428714285714,3.028571571428571,2.8857143,3.0142857142857147,2.871428714285714,2.7285714285714286
2003,24,0.7714285857142856,0.9857142857142858,1.1428571428571428,0.6285714571428571,0.8857143000000001,1.1000000142857143
2003,25,1.714285734285714,1.6285714714285715,1.5285714857142858,2.1714285714285713,1.9428571714285714,1.6857143428571428
2003,26,0.42857142857142855,0.5000000057142857,0.5571428571428572,0.3571428628571428,0.45714286285714284,0.5571428571428572
2003,27,0.04285714285714286,0.04285714285714286,0.04285714285714286,0.0,0.0,0.0
2003,28,0.0,0.0,0.0,0.0,0.0,0.0
2003,29,0.7571428628571429,0.8000000057142858,0.9285714285714286,0.6714285714285715,0.6857142857142857,0.9428571914285715
2003,30,0.5,0.5571428571428572,0.6857142914285715,0.4714285714285715,0.5142857142857143,0.7714285857142856
2003,31,1.4000000142857143,1.4000000428571429,1.6000000142857143,1.342857142857143,1.328571442857143,1.6714285714285715
2003,32,0.6285714428571428,0.7428571428571429,0.8571428571428571,0.6285714428571428,0.7285714571428572,0.8285714285714285
2003,33,0.34285714285714286,0.3571428628571428,0.37142857142857144,0.3428571571428572,0.31428572571428576,0.34285714285714286
2003,34,1.9857143057142859,2.314285714285714,2.6571428714285714,1.957142857142857,2.3285714285714287,2.742857142857143
2003,35,5.671428585714286,5.585714428571428,5.799999999999999,6.000000185714286,5.985714285714286,6.314285757142857
2003,36,1.2000000285714287,1.4428571714285714,1.7571429,0.9714285771428572,1.2714285857142857,1.9714285714285713
2003,37,0.17142857142857143,0.24285714285714288,0.29999999999999993,0.15714285714285717,0.20000000571428572,0.31428571428571433
2003,38,0.6142857142857142,0.5571428857142857,0.5714285714285714,0.6142857142857144,0.5571428571428572,0.6571428571428571
2003,39,0.0,0.0,0.0,0.0,0.0,0.0
2003,40,0.0,0.1285714285714286,0.1857142857142857,0.0,0.05714285714285715,0.18571428571428572
2003,41,0.0,0.0,0.0,0.0,0.0,0.0
2003,42,0.0,0.0,0.0,0.0,0.0,0.0
2003,43,0.0,0.0,0.0,0.0,0.0,0.0
2003,44,0.7571428714285714,0.7857142857142857,0.7428571428571429,0.7714285857142856,0.8428571714285714,0.9
2003,45,0.14285714285714285,0.21428571428571427,0.2571428571428572,0.18571428571428572,0.27142857142857146,0.42857142857142855
2003,46,0.0,0.0,0.0,0.0,0.0,0.0
2003,47,0.9571428571428572,1.0,1.0142857285714286,0.9,1.0285714714285714,1.1857142857142857
2003,48,0.1142857142857143,0.09999999999999999,0.08571428571428572,0.1142857142857143,0.1142857142857143,0.21428571428571427
2003,49,0.0,0.0,0.0,0.0,0.0,0.0
2003,50,1.6571429,2.0285715914285714,2.1142857142857143,1.5999999999999999,1.9285715714285714,2.2714285857142857
2003,51,0.15714285714285717,0.17142857142857143,0.15714285714285717,0.1285714342857143,0.14285714285714285,0.15714285714285717
2003,52,0.15714285714285717,0.19999999999999998,0.19999999999999998,0.17142857142857143,0.19999999999999998,0.24285714285714285
2004,1,0.7428571428571429,0.8714285857142857,0.9285714285714286,0.7428571485714286,0.8285714285714285,0.9857142857142857
2004,2,0.04285714285714286,0.04285714285714286,0.05714285714285715,0.04285714285714286,0.04285714285714286,0.05714285714285715
2004,3,0.0,0.0,0.0,0.0,0.0,0.0
2004,4,0.8285714285714285,0.9000000142857143,0.8857142857142856,0.7000000000000001,0.7,0.7571428714285714
2004,5,0.8428571428571429,1.0285714285714287,1.1571428628571427,0.7857143000000001,0.9,1.1
2004,6,1.0857143142857144,1.3428571571428571,1.528571457142857,1.1000000142857143,1.328571442857143,1.6285714428571427
2004,7,0.8857142857142856,0.9428571428571428,0.9857143285714286,0.6857142857142858,0.7857142857142857,0.8428571428571427
2004,8,1.5,1.642857157142857,1.7285714285714284,1.3857142857142857,1.5999999999999999,1.8428571571428571
2004,9,0.7428571428571429,0.6000000057142857,0.4571428714285714,0.8142857285714287,0.7000000000000001,0.6
2004,10,2.257142857142857,2.8857144285714287,3.314285857142857,2.0571429,2.614285714285714,3.2571428571428567
2004,11,0.0,0.0,0.0,0.0,0.0,0.0
2004,12,0.0,0.0,0.0,0.0,0.0,0.04285714285714286
2004,13,0.0,0.0,0.0,0.0,0.0,0.0
2004,14,3.557142857142857,3.6999999999999997,3.7857142857142856,3.228571571428571,3.5571430000000004,3.8428571428571425
2004,15,5.571428614285714,5.971428614285714,6.2142858571428565,5.4571429,6.042857334285714,6.528571614285714
2004,16,0.7428571857142857,0.7428571857142857,0.7285714285714285,0.6285714285714287,0.6571428571428571,0.6571428571428571
2004,17,3.8285714428571427,4.114286,4.300000142857143,3.542857142857143,3.957142871428571,4.314285757142857
2004,18,1.5428571428571427,1.5571429,1.5142857857142857,1.4857143,1.5714285714285714,1.6142857285714285
2004,19,0.0,0.0,0.0,0.0,0.0,0.0
2004,20,4.300000014285715,4.114285714285715,4.371428571428571,4.271428571428571,4.185714285714286,4.314285857142857
2004,21,0.0,0.04285714285714286,0.09999999999999999,0.07142857142857142,0.07142857142857142,0.08571428571428572
2004,22,0.3,0.3,0.3,0.38571428571428573,0.35714286285714286,0.34285714857142857
2004,23,0.08571428571428572,0.05714285714285715,0.07142857142857142,0.04285714285714286,0.04285714285714286,0.07142857142857142
2004,24,2.300000142857143,2.0714285714285716,1.9000000000000001,2.2714285714285714,2.2857142857142856,2.2428573285714286
2004,25,3.3857144285714287,3.3428572,3.328571442857143,3.1714285857142857,3.3571429,3.4
2004,26,6.428571428571429,6.214285771428571,6.085714285714286,5.985714285714287,6.100000142857143,6.042857285714286
2004,27,1.1285714714285715,1.1857142914285714,1.2714285714285711,1.0857142857142856,1.200000042857143,1.2857142857142858
2004,28,1.1285714285714286,0.9285714571428573,0.9285714285714286,0.8000000142857143,0.6857142857142857,0.7000000342857142
2004,29,1.6714285714285713,1.9285715714285714,2.4285715857142853,1.6714285714285715,1.9428571571428572,2.4571428714285717
2004,30,3.957142862857143,3.9285715857142853,4.371428585714286,4.428571428571429,4.285714285714286,4.614285857142858
2004,31,0.4571428571428572,0.6285714285714287,0.8571428714285714,0.5999999999999999,0.7428571485714286,0.9428571428571428
2004,32,1.4000000142857143,1.5714286285714285,1.8000000571428572,1.3142857285714287,1.5285714857142858,1.7571428714285715
2004,33,1.2857142914285713,0.9285714342857142,0.6000000057142857,1.3142858571428573,1.014285762857143,0.71428572
2004,34,7.357142857142857,7.0,6.814285871428572,7.314285857142857,7.1000000000000005,7.128571442857143
2004,35,2.2571428714285715,2.0428571428571427,1.9428571428571428,2.0285714285714285,1.8714287142857142,1.8
2004,36,0.21428571428571427,0.21428571428571427,0.2285714285714286,0.24285714285714285,0.24285714285714285,0.30000001428571427
2004,37,0.0,0.0,0.07142857142857142,0.0,0.04285714285714286,0.07142857142857142
2004,38,0.0,0.0,0.0,0.04285714285714286,0.04285714285714286,0.04285714285714286
2004,39,3.028571442857143,3.21428572,3.5142857142857147,2.8142857142857136,3.085714285714286,3.5428571714285715
2004,40,2.9571429,2.7571429285714286,2.5714285714285716,3.1714285857142857,2.957142857142857,2.7857142857142856
2004,41,2.8857142857142857,3.0285715714285715,3.128571428571429,2.971428571428571,3.1285714285714286,3.3285714285714287
2004,42,1.885714285714286,2.1142857142857143,2.242857142857143,1.9714285714285715,2.1857142857142855,2.442857142857143
2004,43,0.04285714285714286,0.08571428571428572,0.1285714342857143,0.08571428571428572,0.1142857142857143,0.15714285714285717
2004,44,0.6428571428571429,0.6714286142857143,0.6714286142857143,0.6285714285714287,0.6857142857142857,0.7428571857142857
2004,45,1.1428571428571428,1.157142857142857,1.1285714285714286,1.1714285857142859,1.2142857571428571,1.1714286142857142
2004,46,1.7428572914285714,2.0285714285714285,2.2714285999999997,1.714285714285714,2.0571428857142857,2.357142857142857
2004,47,0.7428571571428572,0.7142857285714285,0.6571428714285714,0.7000000000000001,0.7000000285714286,0.6571428571428571
2004,48,2.1857142857142855,2.357142857142857,2.3714285857142863,2.042857142857143,2.385714314285714,2.6000000142857145
2004,49,0.4857143,0.5142857142857143,0.5285714485714286,0.5428571571428572,0.5428571571428572,0.6428571428571429
2004,50,0.0,0.09999999999999999,0.17142857142857143,0.0,0.15714285714285717,0.31428571428571433
2004,51,0.31428571428571433,0.48571428571428577,0.5285714285714286,0.30000001428571427,0.38571428571428573,0.47142858571428575
2004,52,0.8571428628571428,1.1142857285714285,1.0857143,0.7285714485714285,0.8571428571428571,0.9857142857142858
2004,53,0.0,0.0,0.05714285714285715,0.0,0.04285714285714286,0.07142857142857142
2005,1,0.7571428571428571,0.8428571714285714,0.8571428714285715,0.7428571428571429,0.8000000142857143,0.8857143
2005,2,1.042857142857143,1.0571428571428572,1.0000000142857144,0.9571428571428572,0.9285714428571429,0.9285714285714286
2005,3,0.0,0.0,0.0,0.0,0.0,0.0
2005,4,1.8571428571428572,2.142857142857143,2.2857142857142856,1.8857144285714287,2.1,2.385714285714286
2005,5,1.0,1.2142857142857142,1.3,0.8285714285714285,1.0714285714285714,1.3285714285714287
2005,6,0.0,0.0,0.0,0.0,0.0,0.0
2005,7,0.27142858571428574,0.3,0.34285714285714286,0.2714285714285714,0.25714287142857145,0.4571428571428572
2005,8,0.0,0.0,0.0,0.0,0.0,0.0
2005,9,0.0,0.04285714285714286,0.08571428571428572,0.0,0.0,0.04285714285714286
2005,10,1.0571428571428572,1.2142857285714288,1.2428571428571427,0.9428571857142857,1.042857142857143,1.1857142857142857
2005,11,1.042857142857143,1.2857142914285713,1.4000000142857143,0.9857142999999999,1.1428571485714285,1.4285714285714286
2005,12,1.8142857199999998,2.0714285714285716,2.1000000142857145,1.5857142857142856,1.7571428771428572,2.028571442857143
2005,13,0.5142857142857143,0.8428571571428571,1.0714285914285715,0.5142857285714285,0.7571428628571428,1.0857142857142856
2005,14,3.7714285714285714,4.0571430428571436,4.142857142857143,3.5857143,3.942857142857143,4.314285714285714
2005,15,1.2285714285714284,1.2714287142857141,1.2571428571428573,1.2000001428571427,1.3142857142857143,1.457142857142857
2005,16,3.5857142857142854,3.8999999999999995,3.957143,3.600000142857143,3.9285715714285714,4.314285714285715
2005,17,3.7428573000000003,4.257143,4.671428571428572,3.928571442857143,4.400000057142857,4.8999999999999995
2005,18,0.05714285714285715,0.17142857142857143,0.3,0.05714285714285715,0.19999999999999998,0.31428572857142856
2005,19,1.5000000142857142,1.5571428714285713,1.957142857142857,1.5285714285714285,1.7428573,1.9285714285714286
2005,20,0.0,0.0,0.0,0.0,0.0,0.0
2005,21,0.9142857628571429,0.9285714285714286,1.1285714342857143,0.9285714285714286,1.0142857142857142,1.0714285714285714
2005,22,4.928571571428571,4.542857185714285,4.628571434285715,4.9714285857142855,4.771428614285715,4.642857142857143
2005,23,4.228571471428571,4.200000042857143,4.371428571428572,4.314285857142857,4.285714328571428,4.442857328571429
2005,24,0.37142857142857144,0.2857142857142857,0.2714285714285714,0.24285714285714285,0.2285714285714286,0.24285714857142857
2005,25,1.614285714285714,1.7142857285714286,1.8142857142857143,1.5857143,1.6285714285714283,1.7571428571428573
2005,26,0.07142857142857142,0.07142857142857142,0.08571428571428572,0.07142857142857142,0.07142857142857142,0.08571428571428572
2005,27,0.0,0.0,0.0,0.0,0.0,0.0
2005,28,0.07142857142857142,0.08571428571428572,0.09999999999999999,0.05714285714285715,0.07142857142857142,0.09999999999999999
2005,29,0.9000000571428571,0.7999999999999999,0.8285714285714285,0.7285714771428572,0.6571428571428571,0.7000000142857142
2005,30,1.4285714285714286,1.3142857142857143,1.4571428714285715,1.4714285714285713,1.3571428571428572,1.5000001428571428
2005,31,5.828571428571428,5.400000142857143,4.857143,5.457143,5.2857144285714295,4.5857145714285705
2005,32,3.328571614285714,3.7857144285714286,4.100000042857142,3.471428628571428,4.100000042857142,4.271428571428571
2005,33,0.6142857142857142,0.8285714285714285,0.9714285714285714,0.6,0.8142857142857143,0.9
2005,34,0.5857143,0.62857144,0.6428571428571429,0.6714285714285715,0.7571428771428571,0.7428571428571429
2005,35,0.0,0.04285714285714286,0.05714285714285715,0.0,0.0,0.05714285714285715
2005,36,0.35714285714285715,0.4857142857142857,0.7142857285714286,0.27142858571428574,0.42857142857142855,0.7142857285714286
2005,37,0.9857142857142857,0.9857142857142857,1.0,0.8571428571428571,0.9142857571428572,1.0285714714285714
2005,38,0.17142857142857143,0.18571430000000003,0.21428571428571427,0.15714285714285717,0.18571430000000003,0.21428571428571427
2005,39,0.8571428571428571,0.8571428714285714,0.8857143142857142,0.8142857142857142,0.8571428714285714,0.9857142999999999
2005,40,5.428571442857142,5.471428571428571,5.471428571428571,5.357142857142857,5.357142857142857,5.514285719999999
2005,41,2.6571428571428575,2.442857142857143,2.2142857142857144,2.657142857142857,2.442857142857143,2.3285714285714287
2005,42,0.32857142857142857,0.34285714285714286,0.37142857142857144,0.42857142857142855,0.42857142857142855,0.4571428714285714
2005,43,0.18571430000000003,0.19999999999999998,0.21428571428571427,0.18571430000000003,0.19999999999999998,0.2285714285714286
2005,44,0.4428571571428571,0.5142857142857142,0.5142857142857142,0.4428571428571428,0.5142857142857142,0.6285714285714287
2005,45,0.0,0.0,0.0,0.0,0.0,0.0
2005,46,1.3714285714285714,1.6285714485714284,1.800000005714286,1.342857142857143,1.728571477142857,2.3285714428571427
2005,47,0.2,0.3428571571428572,0.4571428571428572,0.07142857142857142,0.25714287142857145,0.4857142914285714
2005,48,1.142857157142857,1.5142857714285713,1.6000000485714285,0.9428571428571428,1.0857142857142856,1.5428571857142859
2005,49,0.38571428571428573,0.5857142857142856,0.6571428771428571,0.32857142857142857,0.47142858571428575,0.7571428714285714
2005,50,0.04285714285714286,0.05714285714285715,0.07142857142857142,0.0,0.05714285714285715,0.08571428571428572
2005,51,0.04285714285714286,0.08571428571428572,0.14285714285714285,0.04285714285714286,0.08571428571428572,0.21428571428571427
2005,52,0.04285714285714286,0.14285714285714285,0.19999999999999998,0.04285714285714286,0.14285714285714285,0.2857142857142857
2006,1,0.0,0.04285714285714286,0.09999999999999999,0.0,0.04285714285714286,0.14285714285714285
2006,2,0.0,0.0,0.0,0.0,0.0,0.05714285714285715
2006,3,1.7285714714285714,2.1714285857142857,2.2142857142857144,1.5999999999999999,1.7571428571428573,2.028571471428571
2006,4,0.0,0.0,0.0,0.0,0.0,0.0
2006,5,0.0,0.09999999999999999,0.21428571428571427,0.0,0.1142857142857143,0.2857142857142857
2006,6,0.7428571628571429,0.8142857142857142,0.7857143142857144,0.6285714285714287,0.7000000000000001,0.7428571571428572
2006,7,0.5142857285714285,0.5857143,0.6428571428571429,0.5571428571428572,0.6285714285714287,0.8285714714285713
2006,8,0.07142857142857142,0.08571428571428572,0.08571428571428572,0.07142857142857142,0.07142857142857142,0.08571428571428572
2006,9,0.0,0.0,0.0,0.0,0.0,0.0
2006,10,2.142857157142857,2.4857142857142853,2.6285714285714286,1.957142857142857,2.228571442857143,2.6000000142857145
2006,11,1.7,2.1142857142857143,2.442857148571428,1.542857157142857,1.9142858571428572,2.4571428714285717
2006,12,1.1714285857142859,1.5,1.8,1.0571428571428572,1.3000000285714286,1.7000000285714285
2006,13,0.0,0.0,0.0,0.0,0.0,0.0
2006,14,0.5571428571428572,0.6285714285714287,0.6857143,0.4857142857142857,0.5428571428571428,0.7285714285714286
2006,15,0.1142857142857143,0.1285714285714286,0.12857142857142856,0.09999999999999999,0.1142857142857143,0.1285714285714286
2006,16,0.42857142857142855,0.42857142857142855,0.41428571428571426,0.38571428571428573,0.38571428571428573,0.4428571571428571
2006,17,1.7428571428571427,1.9142857142857144,2.085714285714286,1.5999999999999999,1.8000000628571429,2.228571434285714
2006,18,1.1857143142857143,1.3428571571428571,1.6428571428571428,1.0714285857142856,1.3,1.5857143142857144
2006,19,0.9714285857142857,0.8571428571428571,0.8428571571428571,1.0,0.9285714285714286,0.9142857142857144
2006,20,0.0,0.05714285714285715,0.1285714285714286,0.0,0.04285714285714286,0.07142857142857142
2006,21,0.5142857285714285,0.5428571428571428,0.6428571428571429,0.4857142857142857,0.5285714285714286,0.6142857142857142
2006,22,0.5571428857142857,0.5999999999999999,0.6714285714285714,0.4428571428571428,0.4714285714285714,0.5285714428571429
2006,23,0.2571428571428572,0.21428571999999999,0.17142857142857146,0.27142858571428574,0.2285714285714286,0.19999999999999998
2006,24,0.6428571428571429,0.6714286142857143,0.7000000000000001,0.5571428571428572,0.6000000428571429,0.6571428571428571
2006,25,1.2714285714285716,1.2142857142857142,1.1428571428571428,1.1000000142857143,1.0999999999999999,1.0714285714285714
2006,26,0.2285714285714286,0.21428571428571427,0.22857143428571428,0.17142857142857143,0.18571428571428572,0.2285714285714286
2006,27,6.900000142857143,7.342857285714286,8.55714287142857,6.528571428571429,6.714285714285714,7.871428714285713
2006,28,0.07142857142857142,0.08571428571428572,0.09999999999999999,0.07142857142857142,0.07142857142857142,0.1142857142857143
2006,29,0.4571428714285714,0.6285714285714287,0.81428572,0.5285714428571427,0.6571428571428571,0.8857143057142858
2006,30,1.542857157142857,1.5714286285714285,1.7571429142857142,1.5142857142857142,1.4857143,1.6571428571428573
2006,31,2.3714287285714284,2.2285714285714286,2.2142857142857144,2.442857142857143,2.5571428628571424,2.557143014285714
2006,32,1.4857142857142858,1.314285762857143,1.257142857142857,1.2714285714285716,1.3285714285714287,1.3285714285714287
2006,33,1.6857143285714284,1.5857143285714286,1.5285714428571429,1.7428571571428573,1.657142857142857,1.5285714342857144
2006,34,0.9000000142857143,0.9285714714285714,0.9714285714285715,0.7571428571428572,0.8571428714285715,0.9285714285714285
2006,35,0.4000000142857143,0.4285714428571429,0.5,0.3714285857142857,0.41428572857142854,0.5285714285714286
2006,36,1.4428571857142856,1.6857142857142857,1.9142857142857144,1.4285714428571428,1.6857143285714287,2.1571428714285714
2006,37,0.9,1.000000042857143,1.0857142857142859,0.7857142914285714,0.9285714342857142,1.171428577142857
2006,38,1.7857142857142858,1.928571577142857,2.085714442857143,1.514285714285714,1.6857142857142857,2.0714287285714286
2006,39,0.0,0.0,0.0,0.0,0.0,0.0
2006,40,0.4285714428571429,0.4714285714285714,0.4714285714285714,0.2571428571428572,0.28571429142857147,0.31428571428571433
2006,41,1.6714285857142859,1.7428573,1.6571429999999998,1.7428572857142857,1.7000000057142857,1.7142857285714286
2006,42,3.714285728571429,4.114285714285714,4.142857142857143,3.6,3.6000000142857145,3.814285714285714
2006,43,4.685714428571429,5.442857142857143,5.685714285714285,4.614285714285715,4.942857142857143,5.485714285714286
2006,44,0.0,0.0,0.0,0.0,0.0,0.0
2006,45,0.08571428571428572,0.1142857142857143,0.1285714342857143,0.08571428571428572,0.1142857142857143,0.1285714342857143
2006,46,0.0,0.05714285714285715,0.19999999999999998,0.05714285714285715,0.14285714285714285,0.31428571428571433
2006,47,0.0,0.0,0.0,0.0,0.0,0.0
2006,48,2.628571428571429,3.1714285714285713,3.085714291428572,2.5142857142857147,2.857142857142857,3.1
2006,49,0.14285714285714285,0.18571430000000003,0.19999999999999998,0.15714285714285717,0.17142857142857143,0.18571430000000003
2006,50,0.0,0.0,0.0,0.0,0.0,0.0
2006,51,7.4428573,8.800000014285713,8.671428714285714,7.400000157142857,7.928571428571428,8.242857157142856
2006,52,3.6000001428571435,4.657142857142857,4.957142857142857,3.357142857142857,4.028571428571429,4.571428728571428
2007,1,2.1428573,2.3142857485714288,2.3428571771428572,2.100000005714286,2.3,2.3285714342857142
2007,2,0.6857142914285715,0.7857142857142857,0.7999999999999999,0.8000000057142856,0.8714285714285713,0.8857143000000001
2007,3,0.9428571428571428,1.1142857142857143,1.2571428571428573,1.2857142857142858,1.4857144285714285,1.5999999999999999
2007,4,0.9571428571428572,0.9857143285714286,0.9142857571428572,0.8000000142857143,0.7857143142857144,0.7142857142857143
2007,5,0.6571428714285714,0.7857143000000001,0.8714285714285713,0.6285714285714287,0.7571428714285714,0.942857142857143
2007,6,0.0,0.0,0.0,0.0,0.0,0.0
2007,7,1.0142857428571428,1.2285714285714284,1.3285714285714287,0.9142857285714285,1.1285714285714286,1.4000000485714286
2007,8,0.0,0.0,0.0,0.0,0.0,0.0
2007,9,1.0857142857142856,1.342857142857143,1.4000000000000001,1.0,1.1857142857142855,1.4714287142857143
2007,10,0.5285714285714286,0.5428571428571428,0.5428571428571428,0.5,0.5142857142857143,0.5285714285714286
2007,11,0.0,0.0,0.0,0.0,0.0,0.0
2007,12,3.6285714285714286,4.057142857142857,4.357143014285715,3.5714285714285716,3.9285714285714284,4.428571428571429
2007,13,1.2285714714285714,1.300000042857143,1.3428571571428571,1.2,1.2428571485714284,1.314285757142857
2007,14,1.0142857142857142,1.0571428714285713,1.0571428714285713,0.9285714285714286,1.0000000142857142,1.0857142857142856
2007,15,0.2571428571428571,0.2857142857142857,0.35714285714285715,0.2714285714285714,0.3000000057142857,0.31428571428571433
2007,16,1.957142857142857,2.3142857571428572,2.5428571571428575,2.0,2.3714285714285714,2.642857142857143
2007,17,7.514285720000001,8.042857142857143,8.100000285714286,7.542857148571429,8.085714328571429,8.385714285714286
2007,18,4.200000014285714,4.342857185714285,4.557142857142857,4.157142899999999,4.300000142857143,4.457142942857143
2007,19,0.2714285714285714,0.34285714285714286,0.42857142857142855,0.24285714285714285,0.31428571428571433,0.39999999999999997
2007,20,2.5142857285714286,2.4285714285714284,2.3000000000000003,2.4,2.3285715714285713,2.1571428571428575
2007,21,2.7285714285714286,2.5285714285714285,2.400000157142857,2.4285714285714284,2.257142871428571,2.100000014285714
2007,22,2.2,2.185714285714286,2.2285714285714286,2.3000000000000003,2.314285714285714,2.3428572857142855
2007,23,0.04285714285714286,0.04285714285714286,0.07142857142857142,0.0,0.0,0.05714285714285715
2007,24,1.8285715857142857,1.7285715714285712,1.6857142857142857,1.7571428714285715,1.6571429999999998,1.6000001428571429
2007,25,0.0,0.0,0.0,0.0,0.0,0.0
2007,26,0.0,0.08571428571428572,0.1285714285714286,0.04285714285714286,0.09999999999999999,0.14285714285714285
2007,27,0.5571428714285714,0.5428571428571428,0.7000000000000001,0.5,0.5142857142857142,0.6714285771428571
2007,28,0.38571429142857144,0.41428572,0.5714285714285714,0.34285714285714286,0.38571429142857144,0.5714285714285714
2007,29,0.31428571428571433,0.32857142857142857,0.4714285714285714,0.17142857142857143,0.18571428571428572,0.3714285857142857
2007,30,2.8000000199999997,2.414285714285714,2.5428571571428575,2.5142857142857147,2.2000000142857146,2.5142857142857147
2007,31,3.1857143142857143,3.4142857714285713,3.6285715714285707,3.0571428857142857,3.1714285714285713,3.4571430485714285
2007,32,0.7142857142857143,0.8285714285714285,0.9000000000000001,0.6428571571428572,0.7571428571428571,0.8571428628571428
2007,33,1.8142857142857143,2.028571457142857,2.228571542857143,1.7142857285714286,1.9285714714285718,2.1571428714285714
2007,34,1.6285714285714283,1.5714287142857142,1.51428572,1.7142857142857142,1.6285714285714283,1.6142857571428573
2007,35,1.0714285857142856,1.2142857285714286,1.2857142857142858,1.1142857142857143,1.1857142857142857,1.2714285714285716
2007,36,0.6571428571428571,0.7000000000000001,0.7714285714285715,0.5142857142857143,0.5571428857142857,0.6714285714285715
2007,37,0.38571428571428573,0.34285714857142857,0.34285714285714286,0.28571429142857147,0.2571428571428572,0.2714285714285714
2007,38,0.17142857142857143,0.18571430000000003,0.18571430000000003,0.15714285714285717,0.17142857142857143,0.18571430000000003
2007,39,1.6714285714285713,1.757142857142857,1.7571428571428573,1.8714285714285717,2.0428571428571427,2.300000142857143
2007,40,0.0,0.0,0.0,0.0,0.0,0.0
2007,41,3.6,3.9142857142857146,4.085714285714286,3.5285714285714285,3.5714287142857137,3.7571428571428567
2007,42,1.5857142857142859,1.61428572,1.5571430142857143,1.7000000057142857,1.5714285857142856,1.5142857285714284
2007,43,0.09999999999999999,0.1142857142857143,0.1142857142857143,0.08571428571428572,0.09999999999999999,0.14285714285714285
2007,44,0.21428571428571427,0.37142857142857144,0.4857142857142857,0.24285714857142857,0.35714285714285715,0.4285714428571429
2007,45,0.0,0.0,0.0,0.0,0.0,0.0
2007,46,0.0,0.04285714285714286,0.04285714285714286,0.0,0.0,0.04285714285714286
2007,47,0.8428571428571429,0.8571428571428571,0.8428571571428571,0.7857142857142857,0.8285714428571429,0.8428571571428571
2007,48,0.6571428628571429,0.7285714628571428,0.7571428571428571,0.5857142857142856,0.6285714342857143,0.7285714571428572
2007,49,0.7428571428571429,0.9714285714285714,1.1571428714285712,0.6857142857142857,0.9000000285714285,1.142857157142857
2007,50,2.342857185714286,2.928571477142857,3.2000000857142856,2.457142857142857,2.97142862,3.4714286285714286
2007,51,0.32857144285714285,0.4285714428571428,0.4571428714285714,0.31428571428571433,0.41428571428571426,0.4714285714285715
2007,52,1.9285714428571428,2.1285714285714286,2.085714285714286,1.742857157142857,1.8571428571428572,1.9285714714285713
2008,1,0.7,0.7285714285714285,0.6857142857142858,0.6428571428571429,0.6714285714285715,0.7000000000000001
2008,2,0.5571428571428572,0.6,0.6714285714285715,0.5142857142857143,0.5714285714285714,0.8142857571428571
2008,3,0.17142857142857146,0.18571428571428572,0.22857144285714287,0.15714285714285717,0.18571428571428572,0.2285714285714286
2008,4,0.0,0.0,0.0,0.0,0.0,0.0
2008,5,0.4000000142857143,0.31428571428571433,0.24285715714285713,0.42857142857142855,0.34285714285714286,0.2571428571428571
2008,6,0.7285714428571428,0.8142857342857143,0.9857142999999999,0.6571428571428571,0.8142857342857143,1.2714286000000001
2008,7,0.5,0.4571428714285714,0.47142858571428575,0.5,0.5,0.6142857199999999
2008,8,0.0,0.0,0.05714285714285715,0.0,0.0,0.05714285714285715
2008,9,0.7428571571428572,0.8571428571428571,1.0000000142857144,0.6857143114285714,0.7857142857142857,1.042857142857143
2008,10,0.3714285714285714,0.39999999999999997,0.4857142857142857,0.3428571571428571,0.37142857142857144,0.4714285714285714
2008,11,0.3714285714285714,0.5571428571428572,0.7857142857142857,0.3857142857142857,0.5428571428571428,0.7428571428571428
2008,12,2.3142857285714284,2.828571457142857,3.2714285714285714,2.3,2.6571428714285714,3.257142871428571
2008,13,0.35714285714285715,0.4857143,0.5857143,0.38571428571428573,0.4714285714285714,0.6142857285714286
2008,14,0.6714285714285715,0.6857142857142857,0.7285714285714285,0.6142857285714286,0.6571428571428571,0.7000000057142858
2008,15,1.2714286142857143,1.442857157142857,1.6285714714285715,1.2714285714285716,1.4285714285714286,1.6714286142857142
2008,16,1.5142857142857142,1.6571428714285716,1.7857142857142858,1.3714285714285714,1.5857143,1.7857142857142858
2008,17,0.04285714285714286,0.0,0.0,0.0,0.0,0.0
2008,18,0.9142857142857144,0.9,0.9857142857142858,0.9285714285714286,0.9571429,1.0
2008,19,1.5714285714285714,1.442857157142857,1.4714285914285716,1.5142857428571428,1.4000000142857143,1.4142857142857144
2008,20,4.085714285714286,4.371428571428572,5.114285714285714,4.000000142857143,4.342857157142857,4.757142857142857
2008,21,0.2285714285714286,0.24285714285714285,0.30000001428571427,0.24285714285714285,0.2714285714285714,0.31428571428571433
2008,22,1.4000000142857143,1.6571429999999998,2.1,1.4571428571428573,1.7857142857142858,2.142857142857143
2008,23,2.257142857142857,2.5,2.5142857142857147,2.542857148571428,2.757142857142857,2.914285714285714
2008,24,0.0,0.0,0.0,0.0,0.0,0.0
2008,25,0.17142857142857143,0.15714285714285717,0.1285714342857143,0.15714285714285717,0.1285714342857143,0.09999999999999999
2008,26,0.05714285714285715,0.05714285714285715,0.09999999999999999,0.07142857142857142,0.05714285714285715,0.08571428571428572
2008,27,0.08571428571428572,0.1857142857142857,0.2571428571428572,0.07142857142857142,0.1285714285714286,0.20000000571428572
2008,28,0.2857142857142857,0.3714285857142857,0.4714285714285714,0.24285714285714285,0.2857142857142857,0.38571428571428573
2008,29,0.0,0.07142857142857142,0.1285714342857143,0.0,0.05714285714285715,0.09999999999999999
2008,30,0.9714286000000001,0.9285714428571428,0.9142857142857144,0.8428571428571429,0.6714285857142858,0.7000000142857142
2008,31,0.08571428571428572,0.09999999999999999,0.22857142857142856,0.08571428571428572,0.09999999999999999,0.12857142857142856
2008,32,2.542857142857143,2.6142857142857143,2.7428571428571433,2.7142857428571427,2.7428571628571428,2.8142857142857145
2008,33,9.228571428571428,8.9142859,8.942857428571429,9.014285714285714,9.100000471428572,9.300000285714287
2008,34,0.3,0.39999999999999997,0.48571430000000004,0.2714285714285714,0.3000000057142857,0.38571429142857144
2008,35,0.19999999999999998,0.19999999999999998,0.21428571428571427,0.19999999999999998,0.19999999999999998,0.21428571428571427
2008,36,0.4428571428571428,0.4428571428571429,0.4428571571428571,0.41428572857142854,0.4571428571428572,0.4714285714285715
2008,37,5.128571428571429,5.457142857142857,5.6000000000000005,4.9714285771428575,5.457142857142857,5.928571585714286
2008,38,0.18571428571428572,0.19999999999999998,0.24285714285714288,0.09999999999999999,0.1285714342857143,0.14285714285714285
2008,39,0.0,0.0,0.0,0.0,0.0,0.04285714285714286
2008,40,0.8,0.8142857142857143,0.8000000485714286,0.8142857142857143,0.7999999999999999,0.81428572
2008,41,1.542857142857143,1.6571429000000002,1.6714285714285713,1.6428571428571428,1.6857142857142857,1.8142857142857143
2008,42,0.04285714285714286,0.12857142857142856,0.15714285714285717,0.04285714285714286,0.08571428571428572,0.14285714285714285
2008,43,0.7285714285714285,0.8714285714285713,0.9714285714285714,0.6857143,0.7714285857142859,0.9
2008,44,0.0,0.0,0.0,0.0,0.0,0.0
2008,45,0.15714285714285717,0.14285714285714285,0.09999999999999999,0.14285714285714285,0.14285714285714285,0.09999999999999999
2008,46,0.17142857142857143,0.18571428571428572,0.17142857142857146,0.17142857142857143,0.17142857142857143,0.19999999999999998
2008,47,0.0,0.0,0.0,0.0,0.0,0.0
2008,48,1.1714285857142859,1.1428571428571428,1.0857142999999998,1.0857143,1.1142857285714285,1.2571428571428573
2008,49,0.5,0.7428571428571429,0.8571428628571429,0.49999999999999994,0.6571428571428571,0.8285714342857143
2008,50,2.342857157142857,3.042857154285714,3.228571614285714,2.1285715714285716,2.5571428628571424,2.8000000000000003
2008,51,0.04285714285714286,0.07142857142857142,0.09999999999999999,0.04285714285714286,0.05714285714285715,0.08571428571428572
2008,52,0.1285714342857143,0.24285714285714285,0.37142857142857144,0.1285714342857143,0.19999999999999998,0.3714285771428572
2009,1,0.14285714285714285,0.15714285714285717,0.14285714285714285,0.14285714285714285,0.14285714285714285,0.14285714285714285
2009,2,0.5857142857142857,0.6428571428571429,0.6285714285714287,0.5714285714285714,0.6,0.6571428571428571
2009,3,1.0571428714285713,1.1285714428571427,1.0714285714285714,1.1000000142857143,1.0999999999999999,1.1571428714285712
2009,4,0.14285714285714285,0.3,0.3714285714285714,0.09999999999999999,0.2714285714285714,0.4142857142857143
2009,5,0.5428571428571429,0.5714285714285714,0.5428571428571428,0.6000000142857143,0.5571428571428572,0.5571428714285714
2009,6,0.0,0.0,0.07142857142857142,0.0,0.0,0.05714285714285715
2009,7,0.4714285714285714,0.5571428571428572,0.5,0.4714285714285714,0.5571428571428572,0.6142857285714286
2009,8,0.14285714285714285,0.15714285714285717,0.1285714342857143,0.14285714285714285,0.14285714285714285,0.1285714342857143
2009,9,0.0,0.0,0.05714285714285715,0.0,0.0,0.05714285714285715
2009,10,0.07142857142857142,0.14285714285714285,0.19999999999999998,0.04285714285714286,0.08571428571428572,0.18571429142857143
2009,11,0.08571428571428572,0.12857142857142856,0.12857142857142856,0.14285714285714285,0.09999999999999999,0.14285714285714285
2009,12,0.7142857571428571,0.8714285714285713,0.9571429,0.6428571857142857,0.7714285714285714,0.8857143285714286
2009,13,3.7142857142857144,4.271428571428571,4.6000000000000005,3.9,4.385714285714285,4.885714428571428
2009,14,2.957142885714286,3.3142857285714284,3.557142914285714,2.8142857571428572,3.171428614285714,3.5000000142857144
2009,15,0.34285714285714286,0.4857142857142857,0.6285714285714287,0.34285714285714286,0.4857142857142857,0.6571428571428571
2009,16,10.842857442857142,11.971428714285713,12.87142857142857,10.72857157142857,12.1,13.514286142857143
2009,17,1.9714285714285713,1.9714285714285713,1.957142857142857,1.8714285714285714,2.0,2.142857142857143
2009,18,1.7428571571428573,1.857143,2.042857142857143,1.6285714285714286,1.8,1.9428572914285713
2009,19,1.0571428571428572,1.0571429,1.2428571428571427,1.0285714714285714,1.1142857714285714,1.1857142857142857
2009,20,0.5142857142857143,0.5142857142857143,0.6142857142857142,0.4857142914285714,0.5142857285714285,0.5428571428571429
2009,21,3.8285714285714283,3.457142857142857,3.685714285714286,3.857142857142857,3.757142857142857,3.6142857142857143
2009,22,5.628571428571428,5.214285714285714,5.571428571428571,5.085714428571429,5.042857185714285,5.014285857142857
2009,23,5.428571428571429,5.257142857142858,4.7857144285714295,5.442857142857143,5.071428571428571,4.757142857142857
2009,24,4.3,4.1285715142857144,3.7571429142857147,4.6142857571428575,4.257143042857143,3.9285714857142855
2009,25,0.7000000142857142,0.8571428571428571,0.9857142999999999,0.7714285857142856,0.9714285714285714,1.0714285857142858
2009,26,3.528571434285714,3.5857143285714286,3.442857142857143,3.3857143,3.3285714285714287,3.3
2009,27,3.042857142857143,2.9285714285714284,3.085714328571428,3.0142857571428574,2.9714286142857143,3.0857143714285717
2009,28,1.5857142857142854,1.542857157142857,1.6428571428571428,1.1857143428571428,1.2285714285714284,1.3285714285714287
2009,29,0.4428571428571429,0.4428571428571429,0.5,0.3857143,0.39999999999999997,0.4571428714285714
2009,30,3.057142857142857,2.6,2.400000005714286,2.685714428571429,2.3571430057142857,2.2142857142857144
2009,31,2.9714285714285715,3.071428585714286,3.3857144285714287,2.9857144285714283,3.0714286142857143,3.3000000628571433
2009,32,0.9,0.9714285914285714,1.0428571714285715,0.9142857142857144,0.9285714485714286,1.028571457142857
2009,33,0.4571428571428572,0.4428571428571429,0.47142857714285713,0.38571428571428573,0.38571428571428573,0.39999999999999997
2009,34,1.0000000142857142,0.9285714428571428,0.9142857285714285,0.8857142857142856,0.8428571428571429,0.8285714428571429
2009,35,0.32857142857142857,0.38571428571428573,0.4428571428571429,0.3000000057142857,0.34285714857142857,0.34285714857142857
2009,36,0.17142857142857143,0.24285714285714288,0.37142857142857144,0.17142857142857143,0.21428571428571427,0.2857142914285714
2009,37,1.3571428571428572,1.5428571857142859,1.7142857142857142,1.1714285714285713,1.4142857142857144,1.6857142914285714
2009,38,0.0,0.0,0.0,0.0,0.0,0.0
2009,39,2.2857142857142856,2.457142885714286,2.628571442857143,2.0000000714285715,2.2142857142857144,2.514285714285714
2009,40,0.0,0.04285714285714286,0.07142857142857142,0.0,0.04285714285714286,0.07142857142857142
2009,41,0.8714285828571429,0.9142857142857144,0.9000000057142856,0.9571428685714285,0.9857142971428571,1.071428577142857
2009,42,0.0,0.0,0.0,0.0,0.0,0.0
2009,43,3.271428577142857,3.2857144285714286,3.1142858999999996,3.142857142857143,3.0428572,3.071428591428571
2009,44,7.0285715714285715,7.4,7.3999999999999995,7.085714285714286,7.185714428571429,7.614285714285714
2009,45,0.0,0.0,0.0,0.0,0.0,0.0
2009,46,3.457142871428571,3.9,3.9,3.185714428571429,3.414285714285714,3.714285857142857
2009,47,0.3000000057142857,0.35714285714285715,0.38571428571428573,0.24285714285714285,0.2857142857142857,0.32857144285714285
2009,48,0.0,0.0,0.0,0.0,0.0,0.0
2009,49,1.0857142857142856,1.4428571714285714,1.5714285714285714,1.1285714285714286,1.2857142857142858,1.428571442857143
2009,50,0.2285714285714286,0.35714285714285715,0.44285714857142855,0.15714285714285717,0.31428572,0.4428571428571429
2009,51,0.0,0.0,0.0,0.0,0.0,0.0
2009,52,1.5285714285714285,1.8714285714285717,1.8857144285714287,1.542857142857143,1.642857142857143,1.742857142857143
2009,53,0.0,0.0,0.08571428571428572,0.0,0.0,0.1142857142857143
2010,1,0.8142857571428571,0.9571429,0.8714285714285713,0.7285714285714285,0.8428571428571429,0.9428571428571428
2010,2,0.0,0.0,0.0,0.0,0.0,0.0
2010,3,0.0,0.0,0.0,0.0,0.0,0.0
2010,4,0.09999999999999999,0.17142857142857143,0.21428571428571427,0.07142857142857142,0.1285714342857143,0.19999999999999998
2010,5,0.8142857571428571,0.9,0.8571428571428571,0.8857143285714286,0.8571428571428571,0.8714285714285713
2010,6,0.9142857142857144,0.9571428571428571,0.7857142857142857,0.9285714428571428,0.9428571428571428,1.0285714285714287
2010,7,1.542857142857143,1.6857143,1.5142857142857142,1.542857142857143,1.642857157142857,1.8000000571428572
2010,8,0.8571428571428571,1.0571428571428572,1.2571428571428573,0.6285714285714287,0.9000000142857143,1.1857142857142857
2010,9,0.0,0.05714285714285715,0.09999999999999999,0.0,0.05714285714285715,0.05714285714285715
2010,10,1.4285714428571428,1.8857142857142857,2.214285857142857,1.21428572,1.5999999999999999,1.9285714285714286
2010,11,2.9714285714285715,3.7714287142857144,4.2,2.671428614285714,3.442857142857143,4.242857142857143
2010,12,4.814285728571428,5.200000014285714,5.228571428571429,4.242857142857143,5.214285714285714,6.400000014285715
2010,13,0.0,0.0,0.0,0.0,0.0,0.0
2010,14,0.8000000428571429,0.9428571857142858,1.0142857571428572,0.7285714285714285,0.9285714285714286,0.8571428571428571
2010,15,0.08571428571428572,0.07142857142857142,0.04285714285714286,0.08571428571428572,0.07142857142857142,0.05714285714285715
2010,16,10.000000142857143,10.057142857142859,9.757142857142856,10.085714757142858,10.357142857142858,10.714285714285714
2010,17,0.8285714428571429,1.0285714285714287,1.1714285714285713,0.8571428571428571,1.0714285714285714,1.2428571428571427
2010,18,0.24285714285714285,0.2857142857142857,0.3714285857142857,0.24285714285714285,0.32857142857142857,0.38571428571428573
2010,19,5.7142858571428565,5.714285714285714,6.185714285714285,5.471428571428571,5.814285714285715,5.742857142857143
2010,20,0.0,0.0,0.0,0.0,0.0,0.0
2010,21,0.0,0.31428571428571433,0.6000000428571429,0.32857142857142857,0.6571428571428571,0.7857142857142857
2010,22,0.0,0.0,0.0,0.0,0.0,0.0
2010,23,8.414286,8.814285857142858,8.771428585714284,8.000000142857143,8.571428571428573,8.614285714285714
2010,24,0.0,0.0,0.14285714285714285,0.0,0.0,0.08571428571428572
2010,25,0.6142857142857142,0.8857143285714286,0.8857143285714286,0.5,0.6428571428571429,0.6428571428571429
2010,26,2.2714285714285714,2.1714285714285713,2.5142858714285716,1.957142857142857,2.0142857142857142,2.5571430000000004
2010,27,1.8000000142857144,2.057142857142857,2.128571442857143,2.1428571857142855,2.2285714714285714,2.4
2010,28,0.34285714285714286,0.4714285714285714,0.5142857285714285,0.6142857142857142,0.6142857142857142,0.7285714285714285
2010,29,1.2142857142857142,1.1285714285714286,1.3714285714285714,0.7714285857142856,0.8142857142857143,0.9142857142857144
2010,30,0.41428572,0.8571428571428571,1.2428571714285714,0.2714285714285714,0.81428572,1.1857142857142855
2010,31,0.9571428571428572,1.5285714285714285,1.8714286285714288,1.8000000057142853,1.928571442857143,2.3000000000000003
2010,32,1.8714285714285714,1.9142858571428572,2.057143,1.6428571428571428,2.185714285714286,2.242857142857143
2010,33,0.35714285714285715,0.7285714285714285,0.9285714285714286,0.9428571428571428,1.2285714285714284,1.342857142857143
2010,34,0.19999999999999998,0.18571430000000003,0.25714287142857145,0.2285714285714286,0.18571430000000003,0.15714285714285717
2010,35,0.0,0.0,0.0,0.0,0.0,0.0
2010,36,0.0,0.0,0.07142857142857142,0.0,0.04285714285714286,0.1285714342857143
2010,37,0.0,0.0,0.0,0.0,0.0,0.0
2010,38,0.6857143142857144,0.38571428571428573,0.2714285771428572,0.41428571428571426,0.2285714285714286,0.1285714342857143
2010,39,0.0,0.0,0.0,0.0,0.0,0.0
2010,40,1.3714285714285714,1.5142857571428572,1.5142857571428572,1.4000000428571429,1.342857142857143,1.3714285714285714
2010,41,1.3428571571428571,1.4285714714285713,1.442857157142857,1.4142857285714285,1.4000000000000001,1.4857144285714285
2010,42,0.17142857714285714,0.29999999999999993,0.4714285714285714,0.14285714285714285,0.18571430000000003,0.31428572857142856
2010,43,0.1285714342857143,0.17142857142857143,0.17142857142857143,0.08571428571428572,0.14285714285714285,0.14285714285714285
2010,44,0.0,0.0,0.0,0.0,0.0,0.0
2010,45,0.7142857285714285,0.5714285714285714,0.42857142857142855,0.8142857142857142,0.6285714285714287,0.5428571428571428
2010,46,0.21428571428571427,0.29999999999999993,0.2714285714285714,0.41428571428571426,0.3857143,0.3428571571428572
2010,47,0.0,0.0,0.0,0.0,0.0,0.0
2010,48,0.0,0.0,0.0,0.0,0.0,0.0
2010,49,0.0,0.0,0.0,0.0,0.0,0.0
2010,50,0.14285714285714285,0.2714285771428572,0.31428571428571433,0.07142857142857142,0.21428571428571427,0.30000001428571427
2010,51,0.0,0.0,0.0,0.0,0.0,0.0
2010,52,1.1142857142857143,1.3714285714285714,1.3857142857142857,1.0714286142857143,1.3428572857142858,1.5285714285714285
2011,1,0.6714286142857143,0.6571428571428571,0.5428571428571428,0.8428571428571429,0.7000000000000001,0.6000000428571429
2011,2,1.042857142857143,1.1428571428571428,1.0571428571428572,1.0142857142857142,0.9285714285714286,0.9285714285714286
2011,3,0.3,0.4857143,0.7428571428571429,0.31428571428571433,0.41428571428571426,0.7142857142857143
2011,4,0.32857142857142857,0.42857142857142855,0.37142857142857144,0.3,0.3,0.34285714285714286
2011,5,2.028571434285714,2.0142857142857142,2.0,1.9857142914285715,2.0,2.142857142857143
2011,6,1.9714286142857145,2.2142857142857144,2.3571429,1.7428571857142858,2.028571471428571,2.485714334285714
2011,7,0.2714285771428572,0.31428571428571433,0.3428571571428572,0.2571428685714286,0.3,0.38571428571428573
2011,8,0.19999999999999998,0.2714285714285714,0.31428571428571433,0.19999999999999998,0.2714285714285714,0.34285714285714286
2011,9,0.14285714285714285,0.14285714285714285,0.15714285714285717,0.1142857142857143,0.1142857142857143,0.1285714342857143
2011,10,0.37142857142857144,0.35714285714285715,0.35714285714285715,0.30000001428571427,0.2714285714285714,0.2857142857142857
2011,11,0.5428571428571428,0.6857142857142858,0.8428571428571429,0.41428572857142854,0.5142857142857143,0.6571428571428571
2011,12,0.05714285714285715,0.08571428571428572,0.17142857714285714,0.05714285714285715,0.08571428571428572,0.1142857142857143
2011,13,1.428571442857143,1.6000000571428572,1.7714285714285716,1.4000000000000001,1.4714285714285715,1.6142857571428573
2011,14,0.15714285714285717,0.21428571428571427,0.2714285714285714,0.17142857142857143,0.22857142857142856,0.2857142857142857
2011,15,1.0285714428571429,1.0857142857142856,1.1285714285714286,1.0857142857142859,1.1285714285714286,1.2714285857142857
2011,16,2.8285714428571427,3.1142857342857146,3.342857185714286,3.1428571857142855,3.2857142914285715,3.5142857285714286
2011,17,0.4285714428571429,0.6285714285714287,0.8571428628571428,0.42857142857142855,0.6,0.7857143000000001
2011,18,0.09999999999999999,0.09999999999999999,0.12857142857142856,0.07142857142857142,0.07142857142857142,0.07142857142857142
2011,19,8.128571485714286,7.9714285857142855,8.371428628571428,8.028571442857142,8.300000285714287,8.300000328571429
2011,20,5.914285714285714,6.028571442857142,6.614285857142858,6.171428585714286,6.457143014285714,6.428571428571429
2011,21,0.8857143285714286,0.9142857285714285,0.9571428571428572,0.8857143000000001,0.9,0.9285714285714286
2011,22,0.0,0.0,0.0,0.0,0.0,0.0
2011,23,0.2571428571428572,0.2571428571428572,0.2571428571428571,0.24285714285714285,0.24285714285714285,0.2285714285714286
2011,24,0.9,1.0285714714285714,1.1000000428571428,1.1285714428571427,1.1285714714285715,1.2571428571428573
2011,25,4.8999999999999995,5.0,5.085714571428572,4.785714285714286,4.928571428571429,5.128571428571428
2011,26,0.7428571428571429,0.8142857285714287,0.8428571428571429,0.7000000000000001,0.6857142857142857,0.7857143000000001
2011,27,6.5571430428571436,6.285714342857142,6.442857142857143,6.6000000000000005,6.442857142857143,6.914285714285714
2011,28,5.714285862857143,5.4714285771428575,5.57142862,5.228571614285714,5.042857142857143,5.400000142857143
2011,29,2.0142857142857142,2.1571428571428575,2.4428571714285714,1.9571428714285715,2.0714285714285716,2.4142857285714285
2011,30,1.3000000428571428,1.4,1.5571428571428572,1.3285714714285715,1.4000000000000001,1.5857142999999998
2011,31,0.51428572,0.6285714428571428,0.7571428714285714,0.4428571485714286,0.6,0.7571428571428571
2011,32,0.0,0.05714285714285715,0.07142857142857142,0.04285714285714286,0.05714285714285715,0.07142857142857142
2011,33,0.44285717142857145,0.5428571571428572,0.6571428571428571,0.5,0.6571428714285714,0.7714285714285715
2011,34,0.3,0.51428572,0.6714285714285715,0.34285714285714286,0.5571428571428572,0.7142857142857143
2011,35,0.24285715714285713,0.22857144285714287,0.17142857142857143,0.2,0.15714285714285717,0.24285714285714288
2011,36,1.1000000142857143,1.5571429142857143,2.000000142857143,1.1142857714285714,1.6571428571428573,2.2857142857142856
2011,37,4.157142857142857,4.5285715714285715,4.685714285714285,3.8857142857142857,4.542857285714286,5.114286014285715
2011,38,0.04285714285714286,0.04285714285714286,0.1142857142857143,0.08571428571428572,0.09999999999999999,0.15714285714285717
2011,39,0.07142857142857142,0.05714285714285715,0.05714285714285715,0.08571428571428572,0.07142857142857142,0.07142857142857142
2011,40,2.1285714285714286,1.8714285714285717,1.7428571485714284,2.314285714285714,1.9714287142857143,1.957142857142857
2011,41,0.07142857142857142,0.07142857142857142,0.07142857142857142,0.05714285714285715,0.05714285714285715,0.05714285714285715
2011,42,0.1857142857142857,0.2571428571428572,0.30000000571428576,0.21428571428571427,0.2714285771428571,0.3285714285714286
2011,43,3.6285714285714286,3.4000002857142855,3.314285714285714,3.742857285714286,3.4714287285714285,3.6714285714285713
2011,44,2.1714285714285713,2.142857142857143,2.1285714285714286,2.1285714285714286,2.357142857142857,2.3428571428571425
2011,45,0.07142857142857142,0.05714285714285715,0.09999999999999999,0.05714285714285715,0.05714285714285715,0.09999999999999999
2011,46,0.0,0.04285714285714286,0.04285714285714286,0.0,0.04285714285714286,0.05714285714285715
2011,47,0.07142857142857142,0.15714285714285717,0.21428571428571427,0.05714285714285715,0.12857142857142856,0.2285714285714286
2011,48,2.6571428571428575,3.0142857142857147,2.9428572857142856,2.671428771428571,2.7857142857142856,3.085714471428571
2011,49,0.21428571428571427,0.25714287142857145,0.25714287142857145,0.21428571428571427,0.2285714285714286,0.25714287142857145
2011,50,0.07142857142857142,0.08571428571428572,0.08571428571428572,0.07142857142857142,0.08571428571428572,0.09999999999999999
2011,51,2.800000034285714,3.4142857285714285,3.6142857428571427,2.4714285714285715,2.8428571628571433,3.442857142857143
2011,52,0.2857142857142857,0.4857142857142857,0.6285714285714287,0.19999999999999998,0.41428571428571426,0.6
2012,1,0.5285714285714286,0.7285714285714286,0.7999999999999999,0.5285714285714286,0.6428571428571429,0.8285714714285716
2012,2,0.7714285771428572,1.0142857142857142,0.9714285714285714,0.71428572,0.8428571485714286,0.9571429
2012,3,0.14285714285714285,0.18571428571428572,0.2285714285714286,0.08571428571428572,0.15714285714285717,0.17142857142857143
2012,4,0.2857142857142857,0.35714285714285715,0.34285714285714286,0.15714285714285717,0.2571428571428571,0.24285714285714288
2012,5,4.171428757142857,4.342857285714286,4.10000002,4.014285714285714,4.328571428571428,4.757142885714286
2012,6,1.028571457142857,1.1714285857142859,1.2714286000000001,0.8857142857142858,1.0857142857142856,1.3
2012,7,0.04285714285714286,0.1142857142857143,0.20000000571428572,0.0,0.1142857142857143,0.21428571999999999
2012,8,1.6714285714285715,1.600000157142857,1.3857142857142857,1.6142857285714285,1.6285714285714283,1.6857142857142855
2012,9,0.2285714285714286,0.2714285714285714,0.31428572857142856,0.12857142857142856,0.17142857142857143,0.19999999999999998
2012,10,0.0,0.0,0.0,0.0,0.0,0.0
2012,11,0.0,0.0,0.0,0.0,0.0,0.0
2012,12,0.0,0.0,0.0,0.0,0.0,0.0
2012,13,0.0,0.0,0.0,0.0,0.0,0.0
2012,14,1.9142857142857144,2.1714285714285717,2.3,1.842857142857143,2.0714285714285716,2.342857157142857
2012,15,2.1714285714285713,2.3571429142857143,2.442857142857143,2.314285728571428,2.4142857571428573,2.5714286142857143
2012,16,0.08571428571428572,0.08571428571428572,0.07142857142857142,0.05714285714285715,0.05714285714285715,0.05714285714285715
2012,17,0.42857142857142855,0.47142858571428575,0.4857143057142857,0.35714285714285715,0.4000000142857143,0.4000000142857143
2012,18,1.1142857142857143,1.2571428571428573,1.4714285714285715,1.1714285857142859,1.3285714285714287,1.4285714285714286
2012,19,2.8142857142857145,3.2,3.8285714714285715,2.9714286142857143,3.3428571428571425,3.7000001428571427
2012,20,1.3285714285714287,1.342857142857143,1.442857142857143,1.3285714714285715,1.4,1.4428572857142856
2012,21,2.0142857285714286,2.0428572857142857,2.185714285714286,1.9428571571428572,2.0428572857142857,2.0285715714285715
2012,22,0.31428571428571433,0.35714285714285715,0.38571428571428573,0.18571430000000003,0.30000001428571427,0.38571428571428573
2012,23,1.857143,1.6571428571428573,1.2285714285714289,1.1857142857142857,1.2714285714285716,1.0857142857142856
2012,24,0.05714285714285715,0.1142857142857143,0.1285714285714286,0.04285714285714286,0.05714285714285715,0.09999999999999999
2012,25,0.0,0.0,0.0,0.0,0.0,0.0
2012,26,0.2857142857142857,0.3714285771428571,0.42857142857142855,0.21428571428571427,0.30000000571428576,0.38571428571428573
2012,27,4.4714285857142855,4.885714285714286,5.328571577142857,4.885714285714286,4.8428572999999995,5.528571448571428
2012,28,0.3857143,0.41428571428571426,0.4428571428571429,0.4285714428571428,0.3857143,0.38571428571428573
2012,29,0.9000000000000001,1.0857143285714286,1.3285714342857144,0.7571428571428571,0.8857142857142856,1.2428571857142856
2012,30,2.000000028571429,2.3714285714285714,2.8285714342857142,1.8000000142857142,2.042857142857143,2.5714285914285715
2012,31,1.5,1.5428571714285713,1.6714286285714286,1.4000000000000001,1.40000002,1.41428572
2012,32,0.08571428571428572,0.07142857142857142,0.1285714285714286,0.14285714285714285,0.17142857714285714,0.17142857142857143
2012,33,0.0,0.0,0.0,0.0,0.0,0.0
2012,34,0.45714286285714284,0.6,0.7285714285714285,0.32857142857142857,0.4857142857142857,0.6285714428571428
2012,35,0.3571428714285715,0.39999999999999997,0.41428572,0.2285714285714286,0.32857142857142857,0.3857142857142857
2012,36,0.09999999999999999,0.1142857142857143,0.14285714285714285,0.14285714285714285,0.15714285714285717,0.15714285714285717
2012,37,6.04285742857143,5.685714285714285,5.128571471428572,5.528571428571428,5.271428571428571,5.171428571428572
2012,38,0.0,0.04285714285714286,0.07142857142857142,0.0,0.04285714285714286,0.08571428571428572
2012,39,1.8571428571428572,2.2142857142857144,2.471428585714286,1.9285714285714286,2.3000000000000003,2.7285714285714286
2012,40,0.5142857142857143,0.5571428714285714,0.5428571571428572,0.6,0.5714285771428571,0.5857142914285715
2012,41,0.04285714285714286,0.04285714285714286,0.0,0.05714285714285715,0.05714285714285715,0.1142857142857143
2012,42,0.0,0.0,0.04285714285714286,0.0,0.0,0.09999999999999999
2012,43,2.9714285857142855,3.0285714285714285,2.842857157142857,3.1714285857142857,3.0142857142857147,3.071428577142857
2012,44,0.42857142857142855,0.42857142857142855,0.38571428571428573,0.31428571428571433,0.2714285714285714,0.24285715714285713
2012,45,0.4857142857142857,0.5428571428571428,0.5857142857142856,0.6571428571428571,0.6571428571428571,0.7000000000000001
2012,46,0.0,0.0,0.0,0.0,0.0,0.0
2012,47,0.0,0.0,0.0,0.0,0.0,0.0
2012,48,0.0,0.0,0.0,0.0,0.0,0.0
2012,49,0.1142857142857143,0.18571428571428572,0.18571428571428572,0.07142857142857142,0.08571428571428572,0.17142857142857143
2012,50,0.07142857142857142,0.1285714342857143,0.15714285714285717,0.08571428571428572,0.14285714285714285,0.22857144285714287
2012,51,0.6285714571428571,1.0857142857142856,1.3285714714285715,0.6000000142857144,1.0571428714285713,1.3571428571428572
2012,52,0.5571428571428572,0.7428571714285714,0.6857142914285715,0.38571428571428573,0.5571428714285714,0.5428571571428572
2013,1,0.07142857142857142,0.05714285714285715,0.04285714285714286,0.04285714285714286,0.0,0.0
2013,2,0.0,0.0,0.0,0.0,0.0,0.0
2013,3,0.35714285714285715,0.3714285857142857,0.34285714285714286,0.39999999999999997,0.3857142857142857,0.3857142857142857
2013,4,0.18571428571428572,0.34285714285714286,0.42857143999999997,0.15714285714285717,0.2571428571428571,0.4285714342857143
2013,5,0.7857142857142857,1.0142857142857142,1.0857143142857144,0.8428571428571429,1.042857142857143,1.2285714285714284
2013,6,0.6142857142857142,0.7285714285714286,0.8142857142857143,0.5285714428571429,0.6428571428571429,0.8428571428571429
2013,7,0.4,0.3714285857142857,0.29999999999999993,0.29999999999999993,0.2857142857142857,0.3
2013,8,1.2714285857142857,1.4000000000000001,1.3714285714285714,1.5142857142857142,1.6714285857142859,1.8571428571428572
2013,9,1.5285714285714285,1.9714285714285715,2.2142857142857144,1.342857142857143,1.7714285857142857,2.2142857428571427
2013,10,3.085714328571428,3.6,3.542857142857143,2.6000000057142856,3.0000001428571426,3.428571442857143
2013,11,0.39999999999999997,0.5142857142857142,0.5571428714285714,0.5428571571428572,0.6714285714285715,0.7714285857142859
2013,12,2.442857157142857,2.857142857142857,2.8285714285714283,2.442857142857143,2.757142871428571,3.057142857142857
2013,13,0.4428571428571429,0.5285714428571429,0.6428571428571429,0.4142857285714286,0.4571428571428572,0.6
2013,14,0.3857143,0.5714285714285714,0.7285714285714285,0.34285714285714286,0.6000000142857143,0.8571428571428571
2013,15,2.2857143714285715,2.4000000714285714,2.3857143,2.2142857142857144,2.342857157142857,2.4571429
2013,16,4.128571428571428,4.514285734285714,4.8428571485714285,4.271428577142857,4.671428571428572,5.100000048571429
2013,17,1.785714342857143,2.0571428571428574,2.2857142857142856,1.8714285714285714,2.2142858142857142,2.5000000142857144
2013,18,2.642857285714286,2.6857143,2.8714285857142854,2.442857157142857,2.6000000142857145,2.6857142914285714
2013,19,3.257142857142857,3.5571428628571424,4.128571442857143,3.0857143342857145,3.6142857285714283,3.985714571428571
2013,20,0.5,0.5571428714285714,0.6571428571428571,0.4714285714285715,0.5428571771428572,0.5714285857142858
2013,21,0.4571428571428572,0.5,0.5428571571428572,0.7000000142857142,0.7285714285714285,0.7285714285714285
2013,22,1.6857143,1.6714285857142859,1.7428571428571427,1.6285714714285715,1.6714285714285713,1.6428571428571428
2013,23,0.8857143,0.7714285714285715,0.7571428571428571,0.8571428714285714,0.8285714428571429,0.8285714428571429
2013,24,0.28571430000000003,0.25714287142857145,0.2571428571428571,0.32857144285714285,0.30000001428571427,0.29999999999999993
2013,25,0.6714285914285715,0.4714285714285714,0.35714286285714286,0.6142857142857142,0.5000000142857143,0.42857142857142855
2013,26,0.34285714857142857,0.37142857142857144,0.41428571428571426,0.44285714857142855,0.40000000571428573,0.42857142857142855
2013,27,2.3,2.1571428714285714,2.228571434285714,1.642857157142857,1.6285714571428573,1.8571428571428572
2013,28,5.285714457142857,5.457143,6.014286014285714,4.857142871428572,4.900000014285714,5.728571571428572
2013,29,0.9571428628571429,0.7571428571428571,0.6571428714285714,0.8285714285714285,0.6714285714285714,0.6142857142857142
2013,30,1.1285714285714286,1.3285714714285715,1.6142857571428573,1.1142857142857143,1.3285714285714287,1.7285714428571428
2013,31,1.557142885714286,1.3714285914285715,1.4285714428571428,1.4000000000000001,1.271428577142857,1.3857143
2013,32,1.0,0.9285714285714286,1.0,0.8714285714285713,0.9142857142857143,1.0857142857142856
2013,33,2.542857142857143,2.057142862857143,2.0285715714285715,2.242857285714286,2.085714285714286,2.2
2013,34,1.7428571428571427,1.8000000142857142,2.1714286714285715,1.6428572057142858,1.88571432,2.342857157142857
2013,35,0.7571428628571429,1.0285714428571429,1.3142857142857143,0.6714285714285715,1.0000000342857143,1.4857143
2013,36,1.1857143,1.2714285714285716,1.1857143057142856,0.7857143057142857,0.9285714285714286,1.0571428714285713
2013,37,24.042857285714287,29.728571614285716,31.78571457142857,25.285714428571428,31.614286,38.42857214285714
2013,38,0.6428571628571429,0.8714285714285713,1.0142857142857142,0.6142857142857144,0.8285714285714285,1.157142857142857
2013,39,2.2,2.471428628571428,2.357142857142857,2.185714285714286,2.5000000571428567,2.771428571428572
2013,40,1.9000000000000001,1.8857142914285714,1.9571429999999999,1.9714285714285713,1.9,2.0714285714285716
2013,41,0.0,0.07142857142857142,0.1142857142857143,0.04285714285714286,0.08571428571428572,0.1285714342857143
2013,42,1.5428572,1.5714285857142856,1.6571429,1.6000000142857143,1.5999999999999999,1.7285714285714289
2013,43,0.2285714285714286,0.2285714285714286,0.2,0.32857142857142857,0.25714287142857145,0.25714287142857145
2013,44,0.4857143,0.5142857142857142,0.5142857285714285,0.5857143,0.5857142857142856,0.6428571428571429
2013,45,0.0,0.0,0.0,0.0,0.0,0.0
2013,46,0.0,0.0,0.1142857142857143,0.0,0.09999999999999999,0.1857142857142857
2013,47,0.4714285714285714,0.5285714285714286,0.4857142857142857,0.5857142857142856,0.5714285714285714,0.5857142857142856
2013,48,0.39999999999999997,0.4428571428571429,0.37142857142857144,0.3,0.2714285771428571,0.2714285771428571
2013,49,1.157142857142857,1.5000000142857142,1.6428571485714285,1.1285714285714286,1.4000000000000001,1.6714285714285713
2013,50,0.2285714285714286,0.2285714285714286,0.19999999999999998,0.14285714285714285,0.14285714285714285,0.14285714285714285
2013,51,0.0,0.04285714285714286,0.12857142857142856,0.0,0.05714285714285715,0.1285714285714286
2013,52,0.4000000142857143,0.4285714485714286,0.38571428571428573,0.30000001428571427,0.32857142857142857,0.32857142857142857
2014,1,1.2714285857142857,1.6999999999999997,1.8000000057142855,1.6428571428571428,1.6857142857142855,1.914285757142857
2014,2,0.0,0.0,0.0,0.0,0.0,0.0
2014,3,0.14285714285714285,0.21428571428571427,0.21428571428571427,0.07142857142857142,0.14285714285714285,0.19999999999999998
2014,4,0.6142857142857144,0.7000000000000001,0.7285714285714285,0.7142857142857143,0.6857142857142857,0.7285714428571428
2014,5,3.1571428571428575,3.5428571485714286,3.414285905714286,3.257142871428571,3.200000014285714,3.5571428571428574
2014,6,0.5,0.6428571428571429,0.6428571571428571,0.4857143,0.6000000142857144,0.6857142857142858
2014,7,0.0,0.0,0.0,0.0,0.0,0.0
2014,8,0.24285715714285713,0.2285714285714286,0.19999999999999998,0.21428571428571427,0.2285714285714286,0.2857142857142857
2014,9,0.4714285714285714,0.5571428857142857,0.5000000142857143,0.5,0.6142857285714286,0.7000000142857142
2014,10,3.8857144285714287,4.457142857142857,3.942857142857143,3.7142857142857144,4.228571428571429,4.642857142857143
2014,11,0.5857142857142856,0.9,1.1857142857142857,0.4714285714285714,0.7142857142857143,1.0285714714285714
2014,12,0.18571430000000003,0.25714287142857145,0.2857142857142857,0.14285714285714285,0.21428571428571427,0.30000001428571427
2014,13,0.0,0.0,0.05714285714285715,0.0,0.0,0.04285714285714286
2014,14,2.042857291428571,2.4142857142857146,2.8000001485714288,1.8285714285714287,2.1142857200000003,2.5571428714285713
2014,15,2.0714285714285716,2.5142859,2.9285714285714284,1.9142857142857144,2.5142857142857147,2.757142857142857
2014,16,0.4428571571428571,0.6857142857142857,0.8285714285714285,0.35714285714285715,0.6428571428571429,0.8285714285714285
2014,17,0.4571428571428572,0.31428571428571433,0.25714287142857145,0.21428571428571427,0.18571430000000003,0.15714285714285717
2014,18,0.0,0.0,0.0,0.0,0.0,0.0
2014,19,7.800000142857143,8.614285857142857,10.014285714285714,7.728571585714286,8.528571428571428,9.128571571428571
2014,20,0.2714285714285714,0.41428572857142854,0.5714285714285714,0.31428571428571433,0.42857142857142855,0.5571428571428572
2014,21,5.942857157142858,7.371428571428572,7.7,5.500000014285715,6.757142871428571,7.128571585714285
2014,22,2.4857142857142853,2.2714287142857144,2.2857142857142856,2.3857142857142857,2.485714428571429,2.457143005714286
2014,23,2.2714285857142857,2.014285857142857,1.9142858714285715,2.2142857142857144,1.8857142857142857,1.9142857142857144
2014,24,0.37142857142857144,0.4857142857142857,0.5,0.37142857142857144,0.4428571571428571,0.4714285714285714
2014,25,0.6000000428571429,0.4714285714285714,0.3857142857142857,0.5571428571428572,0.4571428571428572,0.35714285714285715
2014,26,0.2857142857142857,0.2571428571428571,0.24285714285714285,0.2714285714285714,0.2714285714285714,0.24285714285714285
2014,27,0.2714285714285714,0.21428571428571427,0.24285714285714285,0.34285714285714286,0.2714285714285714,0.2285714285714286
2014,28,2.9857143,3.1285714285714286,3.1714285914285716,4.428571428571429,4.114285857142858,3.4714285714285715
2014,29,1.3857142857142857,1.3571429,1.3714285714285717,1.5142857571428574,1.3285714285714287,1.5
2014,30,0.6571428571428571,0.6285714285714287,0.6857143,0.7000000142857142,0.5857142857142856,0.6428571428571429
2014,31,9.242857142857144,10.171428571428573,9.842857142857143,9.299999999999999,9.671428571428569,10.042857428571429
2014,32,1.2714285714285716,1.7,1.657142857142857,1.1428571428571428,1.5142857142857142,1.7000000142857143
2014,33,1.0000000142857142,1.457142857142857,1.7142857142857142,1.1000000142857143,1.3,1.4142857142857144
2014,34,0.9,1.2285714285714284,1.6285714342857143,0.8428571428571429,1.0571428571428572,1.4000000000000001
2014,35,2.9714285714285715,3.214285757142857,3.4142857999999996,2.157142885714286,2.5000000428571427,2.9285714714285715
2014,36,2.257142857142857,2.3285715714285713,2.4285714285714284,2.185714285714286,2.3285714428571427,2.6714285714285717
2014,37,2.0857143285714286,2.242857142857143,2.042857142857143,2.3285714285714283,2.457143,2.3285714285714283
2014,38,0.7000000000000001,0.6857142857142857,0.8285714285714285,0.39999999999999997,0.4857142857142857,0.6285714285714287
2014,39,0.7000000057142858,0.6857142857142857,0.6,0.4285714428571428,0.5000000142857143,0.5
2014,40,3.1999999999999997,2.9285714285714284,2.814285714285714,3.357143,3.1285714285714286,3.242857285714286
2014,41,3.457142857142857,3.2,3.057142857142857,3.9857142857142853,3.528571428571429,3.671428614285714
2014,42,0.0,0.0,0.0,0.0,0.0,0.0
2014,43,0.0,0.0,0.0,0.07142857142857142,0.05714285714285715,0.0
2014,44,0.5,0.5571428571428572,0.5714285714285714,0.5714285714285714,0.6000000428571429,0.5714285714285714
2014,45,0.7714285714285715,0.6714286142857143,0.5714285714285714,0.9285714285714286,0.7857142857142857,0.7714285714285715
2014,46,1.3714285857142858,1.5714285857142858,1.771428642857143,1.2428571571428573,1.4714285714285715,1.7428571714285714
2014,47,0.0,0.0,0.0,0.0,0.0,0.0
2014,48,0.09999999999999999,0.1285714342857143,0.15714285714285717,0.14285714285714285,0.15714285714285717,0.17142857142857143
2014,49,0.0,0.0,0.0,0.0,0.0,0.0
2014,50,0.5285714285714286,0.9571429,1.1857142857142857,0.5142857285714285,0.8285714285714285,1.1000000428571428
2014,51,0.7428571857142857,0.7428571857142857,0.7142857142857143,0.7142857142857143,0.7000000000000001,0.7428571857142857
2014,52,1.8428571428571427,2.3000000000000003,2.6142857142857143,1.614285714285714,2.0000001428571426,2.4285714714285715
2015,1,1.1285714428571427,1.3285714285714287,1.3285714714285715,0.9714285714285714,1.0999999999999999,1.200000042857143
2015,2,0.24285714285714285,0.28571430000000003,0.38571428571428573,0.17142857142857143,0.15714285714285717,0.21428571999999999
2015,3,0.21428571428571427,0.2857142857142857,0.31428571428571433,0.18571430000000003,0.24285714285714285,0.2857142857142857
2015,4,1.0857142857142856,1.1857142857142857,1.2142857142857142,0.9857142857142858,1.0571428571428572,1.3
2015,5,0.9571429,0.8857143285714286,0.7000000000000001,0.9714285714285714,0.9428571428571428,0.8857143285714286
2015,6,0.4857142857142857,0.5142857200000001,0.50000002,0.4857142857142857,0.5571428571428572,0.6571428571428571
2015,7,2.8000000000000003,3.2285714285714286,3.3000000000000003,2.371428757142857,2.971428571428571,3.5285714285714285
2015,8,3.471428571428571,3.6714285714285713,3.1999999999999997,3.5142857142857147,3.7000000857142856,3.7142857142857144
2015,9,2.857142857142857,3.100000142857143,2.914285714285714,2.6999999999999997,2.871428571428571,3.4142858571428576
2015,10,0.2714285714285714,0.30000001428571427,0.30000001428571427,0.24285714285714285,0.25714287142857145,0.2857142857142857
2015,11,0.18571430000000003,0.25714287142857145,0.38571428571428573,0.17142857142857143,0.19999999999999998,0.24285714285714285
2015,12,0.4714285714285714,0.38571428571428573,0.34285714285714286,0.4571428571428572,0.3714285857142857,0.3714285857142857
2015,13,1.042857142857143,1.1714285714285713,1.1428571428571428,0.9428571914285715,0.9714285714285714,0.9714285714285714
2015,14,0.9571429,1.0857142857142856,1.2428571428571427,0.8857143285714286,1.0714285714285714,1.2285714285714284
2015,15,0.0,0.0,0.0,0.09999999999999999,0.05714285714285715,0.0
2015,16,8.814285714285715,10.299999999999999,11.642857142857142,7.671429000000002,9.614285714285716,11.5571429
2015,17,3.914285714285714,3.9857143,3.8714287142857144,3.5857142857142854,3.8428573,3.9857142857142853
2015,18,1.5,1.7285714285714284,2.028571442857143,1.4857142857142858,1.8142857142857143,2.1
2015,19,14.1,15.357142999999999,16.88571442857143,15.242857142857144,16.057142857142857,16.271428571428572
2015,20,1.1857142857142857,1.1714285714285713,1.4000000000000001,0.7285714285714285,0.9714285714285715,1.2428571428571427
2015,21,7.6000001571428575,7.771428714285714,8.042857148571429,7.485714585714286,7.6285716,7.714285757142858
2015,22,1.1142857428571429,0.8857143000000001,1.1857142857142855,1.2428571428571427,1.0571428714285713,1.042857142857143
2015,23,6.642857328571429,5.828571428571428,5.228571428571429,6.671428871428572,6.0,5.757142885714286
2015,24,6.042857442857143,5.242857285714286,4.8428571428571425,6.328571428571429,5.957143,5.7142858571428565
2015,25,0.22857143428571428,0.3428571571428572,0.4,0.35714285714285715,0.4714285714285714,0.5571428714285714
2015,26,1.3428572142857145,1.4142857142857144,1.342857142857143,0.9285714485714286,0.9571428714285715,1.0714285714285714
2015,27,0.7857143000000001,0.8142857142857143,1.2571428857142857,0.8285714428571429,0.8428571571428571,1.1142857485714284
2015,28,5.085714285714286,5.814285914285714,6.528571614285715,6.842857285714286,6.457142857142857,6.414285914285714
2015,29,1.0857142914285713,1.0285714285714287,1.1285714285714286,0.9857142857142858,0.9285714428571428,0.9714285857142857
2015,30,0.38571428571428573,0.4857142914285714,0.6857143,0.5,0.50000002,0.6428571571428571
2015,31,0.04285714285714286,0.0,0.04285714285714286,0.21428571428571427,0.1142857142857143,0.05714285714285715
2015,32,0.05714285714285715,0.14285714285714285,0.14285714285714285,0.1142857142857143,0.14285714285714285,0.1142857142857143
2015,33,1.7285714285714284,1.7714286000000001,2.0571428714285713,1.3857143,1.3142857142857143,1.3714285714285717
2015,34,0.5428571485714285,0.6142857142857142,0.6428571571428572,0.47142858571428575,0.45714286285714284,0.5428571628571428
2015,35,0.14285714285714285,0.28571430000000003,0.3,0.1142857142857143,0.2285714285714286,0.3
2015,36,0.38571428571428573,0.35714285714285715,0.5142857142857142,0.41428571428571426,0.41428571428571426,0.5142857142857143
2015,37,0.14285714285714285,0.15714285714285717,0.17142857142857143,0.17142857142857143,0.18571430000000003,0.19999999999999998
2015,38,0.0,0.0,0.0,0.0,0.0,0.0
2015,39,0.0,0.0,0.0,0.0,0.0,0.0
2015,40,1.457142857142857,1.4000000000000001,1.042857142857143,2.0000001485714285,1.4857143,1.5571428628571429
2015,41,0.6428571428571429,0.7000000000000001,0.7571428571428571,0.5714285714285714,0.6,0.6428571628571429
2015,42,0.0,0.0,0.05714285714285715,0.0,0.0,0.0
2015,43,5.857143000000001,6.300000142857143,6.885714571428571,5.7142858571428565,6.071428571428571,6.814285714285714
2015,44,0.0,0.04285714285714286,0.05714285714285715,0.0,0.0,0.0
2015,45,2.914285714285714,2.485714285714286,2.0,2.6571428571428575,2.3857142857142857,2.2714285714285714
2015,46,1.4428571428571428,1.5,1.3714285714285714,1.4000000000000001,1.3428572857142858,1.4142858571428572
2015,47,2.257143,2.557142857142857,2.6000000142857145,2.242857142857143,2.257142857142857,2.4285715857142853
2015,48,2.028571442857143,1.9571429142857144,2.0285714285714285,1.942857157142857,2.0142857285714286,2.442857142857143
2015,49,0.0,0.0,0.0,0.0,0.0,0.0
2015,50,0.8428571428571429,1.042857142857143,1.1714286142857142,0.7571428571428571,0.9285714285714286,1.2142857142857142
2015,51,2.7142857142857144,3.6285714285714286,3.8428572857142855,2.5285714285714285,3.2857142857142856,4.0
2015,52,0.5571428571428572,0.6857142857142857,0.7428571428571429,0.5857142857142856,0.7000000000000001,0.8571428571428571
2015,53,0.0,0.0,0.0,0.0,0.0,0.0
2016,1,0.9714285857142857,1.0714285714285714,1.0285714285714285,0.9857142857142858,0.9571429,1.0571428571428572
2016,2,0.0,0.0,0.0,0.0,0.0,0.0
2016,3,0.1285714342857143,0.19999999999999998,0.19999999999999998,0.14285714285714285,0.15714285714285717,0.17142857142857143
2016,4,1.4428571428571428,1.7571428571428573,1.6285714714285715,1.3285714714285715,1.542857142857143,1.7571429
2016,5,2.6285714285714286,2.942857142857143,2.7571428571428567,2.3428572857142855,2.557142857142857,2.8000001428571433
2016,6,0.0,0.0,0.0,0.0,0.0,0.0
2016,7,0.0,0.0,0.0,0.0,0.0,0.0
2016,8,1.2571428571428573,1.7000001428571427,2.042857142857143,0.9857142857142858,1.4142858571428572,1.9714285714285715
2016,9,0.0,0.0,0.0,0.0,0.0,0.05714285714285715
2016,10,0.08571428571428572,0.04285714285714286,0.0,0.04285714285714286,0.0,0.1285714285714286
2016,11,2.3000000000000003,2.714285857142857,2.914285757142857,2.5285714285714285,2.6999999999999997,3.042857142857143
2016,12,7.957142857142856,8.557143014285714,8.271428857142856,7.3428571428571425,7.742857142857143,8.314286000000001
2016,13,1.0285714428571429,1.200000042857143,1.5285714285714285,0.8285714285714285,1.0714286285714285,1.4857143485714286
2016,14,1.3285714285714287,1.3,1.2571428571428573,1.4000000000000001,1.2714287142857141,1.2714287142857141
2016,15,7.57142857142857,7.800000185714286,8.642857285714285,6.957142857142857,7.785714285714286,9.285714285714286
2016,16,0.05714285714285715,0.08571428571428572,0.09999999999999999,0.0,0.0,0.0
2016,17,4.528571442857143,4.714285871428571,5.228571585714286,4.028571442857142,4.514285757142857,5.085714328571428
2016,18,1.4857142857142858,1.4285714285714286,1.5142857142857142,1.557143,1.6000001428571429,1.557142857142857
2016,19,0.7142857571428571,0.7571428628571429,0.7142857142857143,0.6714285714285715,0.7571429,0.8428571428571429
2016,20,1.657142857142857,1.8571428571428572,1.857143,1.6428571428571428,1.8285714285714285,1.7857142857142858
2016,21,0.41428571428571426,0.6857143057142857,1.0142857142857145,0.9571428628571429,1.0285714342857142,1.0142857142857142
2016,22,0.9285714285714286,0.7142857142857143,0.5142857285714285,0.9142857142857144,0.8428571428571429,0.6571428571428571
2016,23,0.7571428571428571,0.7142857285714285,0.7571428571428571,1.2285714857142858,1.0,1.0428571485714286
2016,24,2.057143,1.5142857142857142,1.2142857142857142,1.4428571428571428,1.2571428571428573,0.9142857142857144
2016,25,0.3428571428571429,0.5571428571428572,0.80000002,0.32857142857142857,0.5571428685714286,0.9142857285714285
2016,26,2.4285714285714284,2.142857142857143,2.2285714285714286,2.857142857142857,2.1,2.0857143
2016,27,0.0,0.05714285714285715,0.05714285714285715,0.05714285714285715,0.04285714285714286,0.04285714285714286
2016,28,0.04285714285714286,0.08571428571428572,0.15714285714285717,0.0,0.0,0.1285714342857143
2016,29,1.0285714285714287,1.1142857342857142,1.5142857200000002,0.5714285714285714,0.5714285771428571,1.01428572
2016,30,0.30000001428571427,0.24285714285714285,0.2857142857142857,0.17142857142857143,0.18571430000000003,0.15714285714285717
2016,31,0.27142858571428574,0.32857142857142857,0.39999999999999997,0.2285714285714286,0.2571428571428572,0.2571428628571429
2016,32,0.28571429142857147,0.2285714285714286,0.38571428571428573,0.38571428571428573,0.24285714857142857,0.22857143428571428
2016,33,1.9857142857142858,3.114285714285714,3.6571428571428575,1.5142857142857142,2.0571428999999997,2.5
2016,34,1.4000000142857143,1.4857143,1.800000042857143,1.1285714485714287,0.9857143057142856,1.3000000057142855
2016,35,1.3285714285714287,2.242857285714286,2.814285714285714,1.0714285857142858,1.6999999999999997,3.1285714285714286
2016,36,0.0,0.0,0.0,0.0,0.0,0.0
2016,37,0.7857142857142857,0.9714285714285714,1.2142857571428571,0.9428571428571428,1.1428571428571428,1.2714285714285716
2016,38,0.0,0.0,0.0,0.0,0.0,0.0
2016,39,0.0,0.0,0.0,0.0,0.0,0.0
2016,40,1.157142857142857,1.0857142857142856,0.9714285714285714,1.1714285714285713,1.0000000571428571,1.042857142857143
2016,41,0.14285714285714285,0.17142857142857143,0.14285714285714285,0.34285714285714286,0.3142857142857142,0.24285714285714285
2016,42,0.0,0.0,0.0,0.0,0.0,0.0
2016,43,0.0,0.0,0.0,0.0,0.0,0.0
2016,44,0.0,0.0,0.0,0.0,0.0,0.0
2016,45,0.0,0.0,0.0,0.0,0.0,0.0
2016,46,1.0857142857142856,1.3714285714285714,1.542857142857143,1.1285714285714286,1.4285714285714286,1.6714285714285713
2016,47,0.6571428571428571,0.6428571428571429,0.6428571428571429,0.41428572857142854,0.47142857714285713,0.4428571571428571
2016,48,0.0,0.0,0.07142857142857142,0.0,0.0,0.08571428571428572
2016,49,0.9571428571428571,1.3285714857142856,1.4857142857142855,0.9000000142857143,1.0714285714285714,1.3571428571428572
2016,50,2.585714285714286,2.8428571428571425,2.7857142857142856,2.542857285714286,2.442857142857143,2.6142858571428573
2016,51,0.0,0.0,0.0,0.0,0.0,0.0
2016,52,0.0,0.0,0.0,0.0,0.0,0.0
2017,1,1.8285714428571427,2.1,1.9857144285714285,2.2714285857142857,2.2000001428571427,2.357142857142857
2017,2,1.0571428571428572,1.2428571428571427,1.1714285714285715,1.3285714285714287,1.2142857142857142,1.1714285714285713
2017,3,0.39999999999999997,0.38571428571428573,0.34285714285714286,0.31428571428571433,0.32857142857142857,0.30000001428571427
2017,4,0.0,0.0,0.0,0.0,0.0,0.0
2017,5,0.1142857142857143,0.08571428571428572,0.05714285714285715,0.08571428571428572,0.09999999999999999,0.04285714285714286
2017,6,0.0,0.0,0.0,0.0,0.0,0.0
2017,7,0.0,0.0,0.0,0.0,0.0,0.0
2017,8,0.9142857142857144,1.2142857142857142,1.4000000000000001,0.8142857571428571,1.157142857142857,1.3571428571428572
2017,9,0.0,0.0,0.0,0.0,0.0,0.0
2017,10,0.0,0.0,0.0,0.0,0.0,0.0
2017,11,0.0,0.0,0.0,0.0,0.0,0.0
2017,12,1.4714285714285713,2.0714285857142856,2.5285714285714285,1.3571428571428572,1.8142857142857143,2.3714285714285714
2017,13,3.442857157142857,4.042857285714286,4.571428571428571,3.0142857571428574,3.642857285714286,4.371428571428571
2017,14,4.128571428571428,4.928571571428571,5.871428571428571,3.5285715714285715,4.0285715714285715,5.142857142857143
2017,15,0.0,0.0,0.0,0.0,0.0,0.0
2017,16,0.8571428571428571,1.000000042857143,1.11428572,1.3000000057142855,1.2142857571428571,1.4428571428571428
2017,17,4.242857142857143,5.171428571428572,6.1000000000000005,3.442857142857143,4.214285757142856,5.5
2017,18,0.8142857142857143,0.8714285714285713,0.8285714285714285,0.9857143142857143,0.9714285714285714,1.0000000285714286
2017,19,4.485714285714286,4.442857285714286,6.428571428571429,4.885714285714286,6.071428571428571,6.642857142857143
2017,20,8.4571429,8.742857185714286,9.557142857142859,8.528571428571428,8.842857328571428,9.442857142857141
2017,21,3.6,3.6857143285714287,3.2571429000000003,4.571428714285714,4.428571577142857,3.8285714342857142
2017,22,0.6714285714285715,1.0571428571428572,1.557143,0.6285714571428571,0.8714285857142857,1.3571429
2017,23,0.32857144285714285,0.8714285714285713,1.1571428714285712,0.2857142857142857,0.6000000142857144,1.0142857285714286
2017,24,0.0,0.0,0.0,0.04285714285714286,0.0,0.0
2017,25,0.6,0.4857142857142857,0.5285714285714286,0.5714285714285714,0.4857143,0.6285714285714287
2017,26,0.7142857142857143,0.42857142857142855,0.4428571571428571,0.5142857285714285,0.34285714285714286,0.32857142857142857
2017,27,0.0,0.0,0.0,0.0,0.0,0.0
2017,28,0.7285714285714285,0.5285714285714286,0.7571428714285714,0.6714285714285715,0.6,0.6714285914285715
2017,29,0.17142857142857143,0.19999999999999998,0.3571428714285715,0.27142858571428574,0.2714285714285714,0.35714285714285715
2017,30,2.728571571428571,2.6714285914285716,3.528571442857143,3.0000001485714285,3.0000001714285713,3.842857162857143
2017,31,1.3857142857142857,1.5857142999999998,1.9714286142857145,1.2,1.3571429342857144,1.5714285714285714
2017,32,4.8571429,4.828571428571428,5.200000005714286,5.3428571428571425,5.9142857285714285,6.142857185714285
2017,33,0.27142858571428574,0.5285714285714286,0.5571428857142857,0.41428572857142854,0.7428571571428572,0.7000000000000001
2017,34,0.0,0.08571428571428572,0.19999999999999998,0.0,0.07142857142857142,0.15714285714285717
2017,35,0.0,0.0,0.09999999999999999,0.0,0.0,0.05714285714285715
2017,36,0.0,0.0,0.0,0.0,0.0,0.0
2017,37,0.6000000142857144,0.5428571714285714,0.5142857142857142,0.47142858571428575,0.4857142857142857,0.5142857142857143
2017,38,3.7571429000000003,4.057142857142857,4.557142857142857,3.7142857142857144,4.1000000000000005,4.557142862857143
2017,39,4.928571428571429,5.414285757142857,6.442857142857143,5.8142857771428575,6.028571442857142,6.800000142857144
2017,40,3.4714285714285715,3.3285714285714283,3.1999999999999997,3.728571571428571,3.4857144285714283,3.6142857142857143
2017,41,0.9428571428571428,1.042857142857143,1.0857142857142856,1.042857142857143,0.9857142857142858,1.0571428571428572
2017,42,0.0,0.0,0.0,0.0,0.0,0.0
2017,43,0.5857143,0.7428571428571429,0.8428571428571429,0.5857143,0.7000000000000001,0.7857142857142857
2017,44,0.0,0.07142857142857142,0.08571428571428572,0.0,0.0,0.0
2017,45,0.47142858571428575,0.5857142857142856,0.5857142857142856,0.5285714428571429,0.6285714285714287,0.6428571428571429
2017,46,0.5,0.4571428571428572,0.39999999999999997,0.4428571571428571,0.42857142857142855,0.42857142857142855
2017,47,0.05714285714285715,0.09999999999999999,0.1285714342857143,0.04285714285714286,0.09999999999999999,0.1142857142857143
2017,48,0.04285714285714286,0.0,0.0,0.0,0.0,0.0
2017,49,0.0,0.05714285714285715,0.08571428571428572,0.0,0.0,0.0
2017,50,0.4571428571428572,0.8857143285714286,1.0857142857142856,0.32857142857142857,0.6571428571428571,0.9
2017,51,0.8285714285714285,1.11428572,1.200000042857143,0.8714285714285713,1.0285714285714287,1.1999999999999997
2017,52,0.0,0.0,0.0,0.0,0.0,0.0
2018,1,0.0,0.0,0.0,0.0,0.0,0.0
2018,2,0.0,0.0,0.0,0.0,0.0,0.0
2018,3,2.2285715857142856,2.542857185714286,2.7000000428571425,2.4285714285714284,2.357142857142857,2.5000000428571427
2018,4,0.0,0.0,0.0,0.0,0.0,0.0
2018,5,0.0,0.05714285714285715,0.07142857142857142,0.0,0.04285714285714286,0.09999999999999999
2018,6,0.6428571428571429,0.6285714285714287,0.5714285714285714,0.6,0.5857143,0.6428571571428571
2018,7,0.4714285714285715,0.4857142857142857,0.4714285714285714,0.3714285857142857,0.37142857142857144,0.32857144285714285
2018,8,2.085714471428571,2.0714286142857143,2.042857142857143,2.085714285714286,2.0285715714285715,2.2571429000000003
2018,9,0.0,0.0,0.0,0.0,0.0,0.0
2018,10,0.0,0.0,0.0,0.0,0.0,0.0
2018,11,2.742857142857143,2.7428571428571433,2.357142857142857,2.6571428571428575,2.542857142857143,2.585714285714286
2018,12,0.0,0.0,0.0,0.0,0.0,0.08571428571428572
2018,13,4.1,4.457143014285714,4.414285714285714,4.042857285714286,4.442857285714286,5.042857142857143
2018,14,0.5428571428571428,0.71428572,0.8285714714285713,0.4714285714285714,0.5714285714285714,0.7142857142857143
2018,15,0.5142857285714285,0.29999999999999993,0.14285714285714285,0.6,0.35714285714285715,0.21428571428571427
2018,16,1.4857142857142855,1.4714285714285715,1.5,1.7285715714285712,1.3714286142857142,1.428571442857143
2018,17,1.3857142857142857,1.8428571428571427,2.0714286142857143,1.157142857142857,1.557142857142857,1.7142857142857142
2018,18,6.7285715714285725,6.628571442857143,7.857142857142857,6.828571571428571,7.0857142857142845,7.7857142999999995
2018,19,0.6571428714285714,0.6428571428571429,0.9,0.7142857142857143,0.7571428857142857,1.0000000142857142
2018,20,3.1714286571428576,2.8857142857142857,3.728571471428572,2.2285714714285714,2.6428571857142855,3.2285714285714286
2018,21,0.0,0.0,0.0,0.0,0.0,0.0
2018,22,0.5142857142857143,0.5571428714285714,0.5714285714285714,0.5000000142857143,0.4571428571428572,0.4285714485714286
2018,23,0.0,0.07142857142857142,0.08571428571428572,0.0,0.08571428571428572,0.08571428571428572
2018,24,1.9000000000000001,2.3714287142857144,2.7857142857142856,1.6857142857142857,2.2714287142857144,2.642857142857143
2018,25,1.5999999999999999,1.7428572,1.8714286285714283,1.7857143714285715,2.0714285714285716,2.2714287142857144
2018,26,0.0,0.0,0.0,0.0,0.0,0.0
2018,27,0.2285714285714286,0.32857142857142857,0.2714285714285714,0.31428572857142856,0.35714285714285715,0.34285714285714286
2018,28,3.057142857142857,2.585714285714286,2.257142857142857,2.4285714285714284,2.1142857142857143,1.9714285714285715
2018,29,0.7285714285714285,0.9857142857142858,1.1857143285714287,0.7142857142857143,0.9714285714285714,1.5285715714285715
2018,30,2.085714285714286,2.2857142857142856,2.5714287571428573,1.3285714285714287,1.4857143285714287,1.7714286142857143
2018,31,0.32857144285714285,0.6142857142857142,0.5857142857142856,0.24285714285714288,0.4000000142857143,0.4571428714285715
2018,32,0.0,0.0,0.0,0.0,0.0,0.0
2018,33,2.042857185714286,1.9285715714285714,1.5857143285714286,2.1714285714285713,2.071428714285714,1.9000000428571429
2018,34,0.5,0.35714285714285715,0.39999999999999997,0.2714285714285714,0.24285714285714285,0.25714287142857145
2018,35,0.0,0.12857142857142856,0.24285714857142857,0.0,0.07142857142857142,0.31428571428571433
2018,36,6.757142862857143,6.128571577142857,6.185714285714286,5.042857142857143,5.571428714285715,7.257142857142858
2018,37,0.0,0.0,0.0,0.0,0.0,0.0
2018,38,1.8142857142857143,1.2428571428571427,0.8142857571428571,1.4000000000000001,1.0,0.8428571428571429
2018,39,0.0,0.0,0.0,0.0,0.0,0.0
2018,40,2.028571471428571,1.9285714285714286,1.8857142857142857,2.100000042857143,1.7857142857142858,1.8
2018,41,2.0571428714285713,2.3285714285714287,2.357142857142857,2.2571429000000003,2.428571485714286,2.5571429
2018,42,0.0,0.0,0.0,0.0,0.0,0.0
2018,43,0.0,0.0,0.0,0.0,0.0,0.0
2018,44,1.3285714285714287,1.4142858571428572,1.442857142857143,1.3714285714285714,1.3714285714285717,1.4857142857142855
2018,45,1.5714287285714283,1.7428571571428573,1.8,1.3857142857142857,1.6714285714285713,1.8142857142857143
2018,46,0.32857142857142857,0.39999999999999997,0.3428571571428572,0.32857142857142857,0.5857143,0.7571428571428571
2018,47,0.0,0.0,0.0,0.0,0.0,0.0
2018,48,0.04285714285714286,0.1285714342857143,0.09999999999999999,0.07142857142857142,0.2285714285714286,0.24285714285714285
2018,49,0.0,0.0,0.0,0.0,0.0,0.0
2018,50,0.0,0.0,0.0,0.0,0.0,0.0
2018,51,0.0,0.0,0.0,0.0,0.0,0.0
2018,52,0.07142857142857142,0.18571428571428572,0.2571428571428571,0.04285714285714286,0.09999999999999999,0.18571429142857143
2019,1,0.4857142857142857,0.6285714285714287,0.7285714285714285,0.5,0.5571428571428572,0.6142857142857142
2019,2,3.128571428571429,3.6142858571428573,3.7857142857142856,2.985714428571429,3.0714285714285716,3.5571428571428574
2019,3,0.9857142857142858,1.1857142857142857,1.1857142857142857,1.0285714714285714,1.0285714714285714,1.2285714285714284
2019,4,1.4142857142857141,1.9714286142857145,2.4571429,1.300000042857143,1.5142857142857142,2.085714285714286
2019,5,0.42857142857142855,0.6000000428571429,0.7571428571428571,0.4857142857142857,0.5571428571428572,0.6285714285714287
2019,6,0.9428571428571428,0.9857142857142858,0.9428571428571428,0.8857143285714286,1.0,1.1428571428571428
2019,7,0.5857142857142856,0.6000000428571429,0.6714286142857143,0.3714285857142857,0.42857142857142855,0.5142857285714285
2019,8,1.4142857142857144,1.3000000000000003,1.1142857142857143,1.1714285714285713,1.1,1.1
2019,9,1.4428571571428572,1.5571428571428572,1.5714285714285714,1.400000142857143,1.4428572857142856,1.542857142857143
2019,10,0.5571428571428572,0.6285714285714287,0.7142857142857143,0.5142857285714285,0.6142857142857142,0.7857142857142857
2019,11,3.885714285714286,4.814285714285715,5.500000042857143,3.6999999999999997,4.257142857142857,5.471428571428571
2019,12,0.04285714285714286,0.0,0.0,0.05714285714285715,0.04285714285714286,0.0
2019,13,2.0,2.057143,1.7,1.957142857142857,2.0142857142857147,2.0714285714285716
2019,14,0.0,0.0,0.0,0.0,0.0,0.0
2019,15,2.4142857285714285,2.3857142857142857,2.3857142857142857,2.414285714285714,2.4428573285714283,2.614285714285714
2019,16,0.6000000428571429,0.42857142857142855,0.31428571428571433,0.6714286142857143,0.6000000428571429,0.38571428571428573
2019,17,0.08571428571428572,0.18571430000000003,0.3,0.04285714285714286,0.18571430000000003,0.3857143
2019,18,1.4428571571428572,1.7142857142857142,2.085714457142857,1.4857142857142858,1.8571428571428572,2.142857142857143
2019,19,4.457142871428571,4.442857142857142,5.457142871428571,4.242857142857143,4.585714285714286,5.385714342857143
2019,20,0.9142857285714285,0.7571428571428572,0.6571428571428573,0.9000000000000001,0.7857142857142857,0.6571428571428571
2019,21,3.9285714285714284,3.9571428571428577,4.857142857142857,3.8714286142857146,4.142857285714286,4.371428614285715
2019,22,1.542857157142857,2.1714285714285713,2.7142857142857144,1.8571429,2.400000014285714,2.5285715857142854
2019,23,1.442857157142857,2.0857142914285713,2.2857144342857145,1.4285714285714286,2.242857142857143,2.700000011428571
2019,24,0.24285714285714285,0.24285714285714285,0.32857142857142857,0.2285714285714286,0.2714285714285714,0.39999999999999997
2019,25,3.928571442857143,4.071428585714285,4.214285757142858,4.271428571428571,4.385714285714286,4.2
2019,26,0.1142857142857143,0.17142857142857143,0.2285714285714286,0.21428571428571427,0.24285714285714285,0.2285714285714286
2019,27,1.3857142857142857,1.8142857285714287,1.7142857285714286,2.257143,2.3428571428571425,2.0142857142857142
2019,28,1.6857142857142857,1.7428572857142857,1.2428571571428573,1.5571428571428572,1.4000000142857143,1.2285714428571428
2019,29,5.742857142857143,4.514285714285714,4.085714328571428,4.571428571428571,4.242857142857143,4.1000000000000005
2019,30,0.4857142857142857,0.4428571428571429,0.6142857142857144,0.2857142857142857,0.31428571428571433,0.5142857142857143
2019,31,1.157142857142857,1.342857142857143,1.3142857142857143,1.2,1.1285714342857143,1.0714286057142857
2019,32,0.2285714285714286,0.4714285714285714,0.5285714285714286,0.24285714285714285,0.3714285857142857,0.3714285857142857
2019,33,0.0,0.0,0.0,0.07142857142857142,0.04285714285714286,0.0
2019,34,1.2857142857142858,1.457142857142857,1.0142857571428572,1.114285757142857,1.3142858571428573,1.2857144285714284
2019,35,0.0,0.0,0.0,0.0,0.0,0.0
2019,36,1.8857143714285713,2.242857142857143,2.7714285714285714,1.9000000000000001,2.0714285714285716,2.5428571428571423
2019,37,0.14285714285714285,0.14285714285714285,0.09999999999999999,0.21428571428571427,0.14285714285714285,0.1142857142857143
2019,38,0.24285714285714285,0.2285714285714286,0.2285714285714286,0.17142857142857143,0.15714285714285717,0.15714285714285717
2019,39,0.0,0.0,0.0,0.0,0.0,0.0
2019,40,0.7714285771428572,0.6142857285714286,0.4714285714285714,0.9285714285714286,0.7571428571428571,0.6428571428571429
2019,41,1.2714285714285716,1.314285757142857,1.1571428571428573,1.3857143285714284,1.3714286142857144,1.4000000000000001
2019,42,0.0,0.0,0.0,0.0,0.0,0.0
2019,43,4.385714285714286,4.371428571428572,4.6857143,4.585714285714286,4.571428585714286,5.057142857142857
2019,44,1.0,0.9000000000000001,0.7285714285714285,1.1,1.042857142857143,0.9571428571428572
2019,45,0.47142858571428575,0.4428571428571428,0.41428571428571426,0.5142857285714285,0.6,0.48571428571428577
2019,46,0.0,0.04285714285714286,0.05714285714285715,0.0,0.0,0.0
2019,47,1.8857143285714284,1.9857142857142858,2.085714285714286,1.9714285714285715,2.1142857142857143,2.2714285714285714
2019,48,4.5,4.642857185714285,4.814285757142857,4.471428571428571,4.9714285857142855,5.300000014285715
2019,49,0.4571428571428572,0.3714285857142857,0.31428571428571433,0.41428571428571426,0.32857142857142857,0.34285714285714286
2019,50,0.0,0.0,0.04285714285714286,0.0,0.0,0.0
2019,51,0.0,0.0,0.0,0.0,0.0,0.0
2019,52,0.9857142857142858,1.1,1.0857142999999998,0.7857142857142857,0.8428571428571429,1.042857142857143
2020,1,0.0,0.0,0.0,0.0,0.0,0.0
2020,2,0.0,0.0,0.0,0.0,0.0,0.0
2020,3,0.0,0.0,0.0,0.0,0.0,0.0
2020,4,0.0,0.0,0.0,0.0,0.0,0.0
2020,5,0.24285714857142857,0.2714285714285714,0.17142857142857146,0.24285714285714285,0.24285714285714285,0.21428571428571427
2020,6,5.057142928571428,5.557142857142857,6.1571428628571425,4.5000002,5.128571428571428,6.385714314285714
2020,7,1.1142857142857143,1.3857142857142857,1.3857142857142857,1.1428571428571428,1.3857143285714284,1.6714285714285713
2020,8,0.5714285714285714,0.6857142914285713,0.8000000142857143,0.4285714428571429,0.6000000057142857,0.7714285914285715
2020,9,0.42857142857142855,0.3714285857142857,0.3857142857142857,0.3714285857142857,0.34285714285714286,0.38571428571428573
2020,10,0.6000000428571429,0.4714285714285714,0.39999999999999997,0.4857142857142857,0.4428571571428571,0.42857142857142855
2020,11,0.08571428571428572,0.07142857142857142,0.05714285714285715,0.07142857142857142,0.07142857142857142,0.08571428571428572
2020,12,4.500000014285714,4.757142871428571,4.857142885714286,4.757142857142857,4.928571571428571,5.114285714285715
2020,13,1.0571428571428572,1.0857142857142856,1.0857142857142856,1.0,1.157142857142857,1.2857142857142858
2020,14,0.5428571571428572,0.4428571428571429,0.3857142857142857,0.5285714285714286,0.42857142857142855,0.41428571428571426
2020,15,1.2428571428571427,1.4857142857142855,1.6428571428571428,1.0571428571428572,1.3285714285714287,1.4000000000000001
2020,16,3.871428714285714,3.8714287285714284,3.900000014285714,3.8142857142857136,3.8285714285714287,3.857142857142857
2020,17,0.1285714342857143,0.17142857142857143,0.2285714285714286,0.15714285714285717,0.18571428571428572,0.14285714285714285
2020,18,0.35714285714285715,0.31428571428571433,0.32857142857142857,0.30000001428571427,0.2714285714285714,0.24285714285714285
2020,19,0.0,0.0,0.05714285714285715,0.0,0.0,0.08571428571428572
2020,20,1.8714285771428572,1.414285777142857,1.5285714714285714,1.3285714285714287,1.3571429,1.1714285771428572
2020,21,4.228571428571429,4.257143,4.428571428571429,4.128571428571428,4.114285857142858,3.9714287142857145
2020,22,0.1857142857142857,0.27142858571428574,0.5428571428571428,0.37142857142857144,0.48571430000000004,0.6857143
2020,23,0.32857142857142857,0.31428571428571433,0.31428571428571433,0.31428571428571433,0.2857142857142857,0.14285714285714285
2020,24,1.4714287142857143,1.2857142857142858,1.1285714428571427,1.4857142857142858,1.2428572857142857,1.042857142857143
2020,25,0.7571428571428571,1.0000000057142857,1.2,0.9571428571428572,1.2142857142857142,1.7285714285714284
2020,26,3.085714285714286,2.1714285714285717,1.9857142857142858,3.214285871428572,2.5142857142857147,2.51428572
2020,27,0.04285714285714286,0.1142857142857143,0.1142857142857143,0.21428571428571427,0.17142857142857146,0.1142857142857143
2020,28,0.0,0.0,0.0,0.0,0.0,0.0
2020,29,0.7428571571428572,0.5571428628571429,0.6714285857142858,0.4142857285714286,0.34285714285714286,0.38571428571428573
2020,30,1.8000000571428572,1.8285714714285715,2.3142857571428572,1.7571429,1.8000000428571428,2.2571429142857142
2020,31,0.8714285714285713,0.8857143285714286,0.8428571428571429,1.2285714285714284,1.1428571428571428,0.9428571571428571
2020,32,0.2285714285714286,0.21428571428571427,0.19999999999999998,0.21428571428571427,0.35714285714285715,0.41428571428571426
2020,33,0.0,0.0,0.0,0.0,0.0,0.0
2020,34,0.0,0.0,0.0,0.0,0.0,0.0
2020,35,0.38571428571428573,0.6714285857142858,0.7857143342857144,0.4857142857142857,0.7714285714285715,0.9285714285714286
2020,36,0.2857142857142857,0.34285714285714286,0.41428571428571426,0.31428571428571433,0.41428571428571426,0.5
2020,37,3.128571577142857,3.2857142857142856,3.600000142857143,2.9857143285714285,3.3285714285714287,3.8857142999999996
2020,38,0.0,0.0,0.0,0.0,0.0,0.0
2020,39,0.0,0.0,0.0,0.0,0.0,0.0
2020,40,0.0,0.0,0.0,0.0,0.0,0.0
2020,41,0.0,0.0,0.0,0.0,0.0,0.0
2020,42,0.0,0.0,0.0,0.0,0.0,0.0
2020,43,1.6857142857142857,1.6142857142857143,1.5999999999999999,1.8857142857142857,1.7857142857142858,1.9000000000000001
2020,44,0.0,0.0,0.0,0.0,0.0,0.0
2020,45,0.0,0.0,0.0,0.0,0.0,0.0
2020,46,0.6714286142857143,0.6285714285714287,0.5857142857142856,0.5142857285714285,0.6142857142857142,0.6857142857142857
2020,47,0.0,0.0,0.0,0.0,0.0,0.0
2020,48,2.8,2.542857157142857,2.314285714285714,2.800000014285714,2.742857142857143,2.585714285714286
2020,49,0.0,0.05714285714285715,0.1142857142857143,0.0,0.0,0.1285714342857143
2020,50,0.7714285714285715,0.9714286,1.0285714285714287,0.8285714428571429,0.9714285857142857,1.1999999999999997
2020,51,0.7142857285714286,0.8571429142857143,0.9000000571428571,0.6142857142857144,0.7142857285714286,0.8714285857142857
2020,52,0.0,0.0,0.0,0.0,0.0,0.0
2020,53,0.6285714285714287,0.6857142857142857,0.7142857142857143,0.6142857142857142,0.6714286142857143,0.7857142857142857
2021,1,0.35714285714285715,0.38571428571428573,0.32857142857142857,0.3714285857142857,0.41428571428571426,0.41428571428571426
2021,2,0.0,0.0,0.0,0.0,0.0,0.0
2021,3,0.0,0.07142857142857142,0.09999999999999999,0.0,0.0,0.04285714285714286
2021,4,0.5571428571428572,0.5285714285714286,0.42857142857142855,0.4571428571428572,0.4571428571428572,0.45714285714285713
2021,5,0.0,0.0,0.0,0.0,0.0,0.04285714285714286
2021,6,0.27142857142857146,0.31428572857142856,0.32857142857142857,0.2571428571428572,0.30000001428571427,0.38571429999999995
2021,7,1.442857157142857,1.5428572857142857,1.6714285714285713,1.2857142857142858,1.4285714285714286,1.6857144285714285
2021,8,1.6285715714285713,1.5,1.4428571428571428,1.5857142857142856,1.5,1.5999999999999999
2021,9,0.42857142857142855,0.5,0.5285714285714286,0.2857142857142857,0.34285714285714286,0.35714285714285715
2021,10,7.900000142857143,8.928571471428572,9.200000000000001,7.4857143,8.657142871428572,10.014286
2021,11,1.8714285714285714,2.1285715714285716,2.2714287142857144,1.7,2.0571428571428574,2.5
2021,12,0.5571428571428572,0.8285714285714286,1.0714286142857143,0.39999999999999997,0.6285714285714287,0.9571428571428571
2021,13,0.8571428571428571,0.9142857142857144,1.0,0.6857142857142857,0.7857142857142857,0.8714285714285713
2021,14,0.6571428571428571,0.5,0.42857142857142855,0.5714285714285714,0.4428571571428571,0.3714285857142857
2021,15,3.242857142857143,3.2714285771428573,3.600000005714286,2.942857142857143,2.9285714285714284,3.142857142857143
2021,16,2.400000014285714,2.4857142857142853,2.6714285714285713,2.257142857142857,2.2714285714285714,2.4857142857142853
2021,17,6.857143000000001,6.5,6.600000014285714,7.028571428571429,6.714285714285714,6.614285862857143
2021,18,3.085714291428572,3.0714285714285716,3.257142857142857,3.1428572857142854,3.0714285914285715,3.0428571428571423
2021,19,1.4571428714285715,1.7571428714285715,2.1285714342857145,1.3571428714285714,1.7428571571428573,2.0000001485714285
2021,20,4.285714428571429,4.542857142857143,5.185714285714285,4.257142871428571,4.414285714285714,4.671428714285715
2021,21,3.142857285714286,3.2142857142857144,3.542857285714286,3.0857142857142854,3.228571428571428,3.442857142857143
2021,22,0.7428571485714286,0.8142857142857143,0.8857143,0.8285714342857142,0.9428571485714284,0.9857142857142857
2021,23,0.0,0.0,0.0,0.0,0.0,0.0
2021,24,1.0,0.8857142857142856,0.8,0.9714285714285714,0.87142862,0.7999999999999999
2021,25,6.371428714285715,5.728571434285714,5.671428571428572,7.028571428571428,6.5285715714285715,6.585714305714285
2021,26,1.2285714342857141,1.557142857142857,1.8714287142857144,1.4714285714285715,1.857143,2.2857142857142856
2021,27,0.5,0.5,0.4428571571428571,0.4428571571428571,0.38571428571428573,0.3714285857142857
2021,28,0.5,0.5285714428571429,0.6285714285714287,0.34285714285714286,0.4,0.5714285714285714
2021,29,0.4428571571428571,0.7142857142857143,1.1857142857142857,0.5714285714285714,0.7428571428571429,1.1285714285714286
2021,30,1.8857143285714284,2.1714285714285713,2.557143,2.1999999999999997,2.1714285714285713,2.457143
2021,31,1.557143,1.7142857142857142,2.2142857142857144,1.2428571485714284,1.3857142857142857,1.8285714285714285
2021,32,0.05714285714285715,0.0,0.0,0.0,0.0,0.0
2021,33,1.9857143,2.0,2.4428572857142856,2.157142857142857,2.242857142857143,2.6
2021,34,0.0,0.05714285714285715,0.05714285714285715,0.0,0.0,0.04285714285714286
2021,35,0.37142857142857144,0.3571428714285715,0.38571428571428573,0.08571428571428572,0.1142857142857143,0.15714285714285717
2021,36,0.07142857142857142,0.05714285714285715,0.07142857142857142,0.09999999999999999,0.07142857142857142,0.07142857142857142
2021,37,0.09999999999999999,0.05714285714285715,0.07142857142857142,0.1285714285714286,0.1142857142857143,0.07142857142857142
2021,38,0.2857142857142857,0.24285714285714285,0.19999999999999998,0.2714285714285714,0.24285714285714285,0.21428571428571427
2021,39,1.3571428571428572,1.3428572857142858,1.3142857142857143,1.157142857142857,1.2571428571428573,1.3571428571428572
2021,40,0.0,0.0,0.0,0.0,0.0,0.0
2021,41,0.5714285714285714,0.5571428571428572,0.5142857285714285,0.5714285714285714,0.5428571428571428,0.5428571428571428
2021,42,0.0,0.0,0.0,0.0,0.0,0.0
2021,43,0.24285714285714285,0.14285714285714285,0.08571428571428572,0.25714287142857145,0.17142857142857143,0.1285714342857143
2021,44,0.05714285714285715,0.05714285714285715,0.1142857142857143,0.14285714285714285,0.14285714285714285,0.17142857142857143
2021,45,0.0,0.0,0.0,0.0,0.0,0.0
2021,46,0.0,0.0,0.0,0.0,0.0,0.0
2021,47,0.2857142857142857,0.32857142857142857,0.3714285857142857,0.30000001428571427,0.3714285857142857,0.42857142857142855
2021,48,0.0,0.0,0.0,0.0,0.0,0.0
2021,49,0.05714285714285715,0.07142857142857142,0.07142857142857142,0.0,0.0,0.0
2021,50,0.0,0.0,0.0,0.0,0.0,0.0
2021,51,0.0,0.0,0.0,0.0,0.0,0.0
2021,52,0.6428571571428571,0.7000000000000001,0.7714285714285715,0.6000000142857144,0.5571428571428572,0.5857143
2022,1,1.8857142857142857,1.9142858571428572,1.8428572857142858,2.157142857142857,1.9142858571428572,2.157142857142857
2022,2,0.7142857142857143,1.0857142857142856,1.542857142857143,0.6142857142857142,0.7571428571428571,1.1285714285714286
2022,3,0.7714285771428572,0.9857143285714286,1.2142857142857142,0.7714285771428572,0.91428572,1.3
2022,4,2.257142857142857,2.7000001428571427,2.771428614285714,2.2000000571428573,2.3714285714285714,2.500000157142857
2022,5,1.8285714285714287,2.100000005714286,2.1428571485714287,1.6857144285714285,1.8285714285714285,2.0142857142857147
2022,6,1.8571428571428572,1.957142857142857,1.9142858571428572,1.8142857142857143,1.7285714285714284,2.0285714285714285
2022,7,1.7857142857142858,2.042857142857143,2.142857142857143,1.6428571428571428,1.7571428571428573,2.1
2022,8,1.2857143285714285,1.457142857142857,1.4857142857142858,1.2428571571428573,1.2428571428571427,1.4000000000000001
2022,9,1.3714285714285714,1.5285714285714285,1.5285714285714285,1.1,1.2857142857142858,1.4000000428571429
2022,10,0.5285714285714286,0.5428571428571428,0.7428571428571429,0.31428571428571433,0.35714285714285715,0.39999999999999997
2022,11,3.957142857142857,4.457142857142857,4.342857185714286,3.6142857142857143,4.0571429,4.6
2022,12,0.2857142857142857,0.31428571428571433,0.47142858571428575,0.31428571428571433,0.30000001428571427,0.35714285714285715
2022,13,1.0571428571428572,1.457142857142857,1.8571428571428572,0.9,1.2142857142857142,1.5285714285714285
2022,14,0.6285714285714287,0.6142857142857142,0.5714285714285714,0.6428571428571429,0.6571428571428571,0.7142857142857143
2022,15,0.08571428571428572,0.1142857142857143,0.1142857142857143,0.09999999999999999,0.1142857142857143,0.1142857142857143
2022,16,0.2285714285714286,0.30000001428571427,0.35714285714285715,0.1142857142857143,0.2285714285714286,0.38571428571428573
2022,17,0.4571428571428572,0.5285714285714286,0.6571428571428571,0.4857142857142857,0.5714285714285714,0.5857142857142856
2022,18,1.1714285714285713,1.4714286142857145,1.8571428571428572,1.3285714714285715,1.7428571485714284,1.8571428571428572
2022,19,0.0,0.0,0.0,0.0,0.0,0.0
2022,20,3.6142857199999994,3.985714285714286,4.857142857142857,3.5428571485714286,4.014285714285714,4.428571571428572
2022,21,0.8428571571428571,0.9714285857142857,1.2714285857142857,0.8714285857142857,0.9428571428571428,1.2
2022,22,5.057142857142857,4.8,4.957142857142856,4.8428571428571425,4.785714285714286,4.7
2022,23,1.7714286571428572,1.7,1.500000042857143,1.6428571428571428,1.5285714428571429,1.2285714285714284
2022,24,0.07142857142857142,0.15714285714285717,0.19999999999999998,0.05714285714285715,0.2285714285714286,0.2714285714285714
2022,25,0.5285714285714286,0.6142857142857142,0.6285714285714287,0.6714286142857143,1.157142857142857,1.71428572
2022,26,1.4285714285714286,1.1000000057142858,1.1142857142857143,1.5142857142857145,1.01428572,0.8714285714285713
2022,27,0.3714285714285714,0.6714285714285715,0.9428571428571428,0.8714286142857144,1.1857142857142857,1.471428577142857
2022,28,0.4571428571428572,0.6428571428571429,0.8428571428571427,0.5999999999999999,0.4857142857142857,0.6285714285714287
2022,29,1.8857142857142857,2.300000057142857,2.3714285714285714,1.828571442857143,2.028571471428571,2.2
2022,30,4.328571428571428,3.5,2.4285714285714284,4.214285714285714,3.185714285714286,2.3428571428571425
2022,31,0.8285714285714285,1.0714285714285714,1.5999999999999999,0.6142857142857144,1.1571428571428573,1.8571428571428572
2022,32,0.05714285714285715,0.1142857142857143,0.32857142857142857,0.07142857142857142,0.1285714342857143,0.45714285714285713
2022,33,3.1714285714285713,2.8714286142857146,2.914285757142857,3.1571428571428575,3.5142857142857147,3.4428571428571426
2022,34,0.19999999999999998,0.25714287142857145,0.5571428571428572,0.09999999999999999,0.3428571428571429,0.9000000142857143
2022,35,0.17142857142857143,0.1142857142857143,0.04285714285714286,0.15714285714285717,0.1142857142857143,0.04285714285714286
2022,36,1.8857142857142857,1.5857142857142856,1.4142857285714285,1.728571442857143,1.5,1.4571430142857142
2022,37,0.1285714342857143,0.15714285714285717,0.19999999999999998,0.0,0.07142857142857142,0.09999999999999999
2022,38,0.8428571428571429,0.7428571857142857,0.7000000428571429,0.7571428628571429,0.7142857571428571,0.7857142914285714
2022,39,1.2571429,1.3428571428571427,1.3,1.4857142857142858,1.5857142857142856,1.6714285714285713
2022,40,0.4714285714285714,0.41428571428571426,0.3714285857142857,0.4714285714285714,0.38571428571428573,0.4714285714285714
2022,41,0.0,0.0,0.0,0.0,0.0,0.0
2022,42,0.0,0.0,0.0,0.0,0.0,0.0
2022,43,1.3857144285714287,1.6714285714285713,1.7428571485714286,1.1285714285714286,1.51428572,1.657142857142857
2022,44,0.7714285714285715,0.9,0.9285714285714286,0.8571428571428571,1.0285714714285714,1.2142857142857142
2022,45,0.0,0.0,0.0,0.0,0.0,0.0
2022,46,1.6142857142857143,1.5857142857142856,1.4857144285714285,1.7857142857142858,1.8428571571428571,1.8142858571428573
2022,47,0.0,0.0,0.0,0.0,0.0,0.0
2022,48,0.6428571428571429,0.6857142857142858,0.6857143,0.7285714285714285,0.7857143428571429,0.8285714428571429
2022,49,0.0,0.0,0.0,0.0,0.0,0.0
2022,50,0.0,0.05714285714285715,0.09999999999999999,0.0,0.0,0.0
2022,51,0.9857142857142858,1.1428571428571428,1.2000001428571427,0.9714285714285714,1.1714285714285713,1.4142858571428572
2022,52,5.7,6.171428571428572,6.328571428571428,5.857142857142857,5.785714285714286,6.928571428571429
2023,1,0.1142857142857143,0.1285714342857143,0.14285714285714285,0.1142857142857143,0.1142857142857143,0.1285714342857143
2023,2,0.0,0.0,0.0,0.0,0.0,0.0
2023,3,1.9000000000000001,2.0000000428571427,2.071428714285714,1.9142858571428572,1.7857143285714285,1.9142857142857144
2023,4,0.21428571428571427,0.30000000571428576,0.31428571428571433,0.3000000057142857,0.2857142914285714,0.19999999999999998
2023,5,0.14285714285714285,0.15714285714285717,0.15714285714285717,0.15714285714285717,0.15714285714285717,0.17142857142857143
2023,6,0.0,0.0,0.0,0.0,0.0,0.0
2023,7,1.842857142857143,2.157142857142857,2.357142857142857,1.6142857571428573,1.9142857142857144,2.442857142857143
2023,8,0.0,0.0,0.0,0.0,0.0,0.0
2023,9,0.6285714285714287,0.6571428571428571,0.7285714285714285,0.6142857142857142,0.6000000428571429,0.7428571428571429
2023,10,0.0,0.0,0.04285714285714286,0.0,0.0,0.0
2023,11,2.042857142857143,2.528571428571429,2.557142857142857,1.6714285714285713,1.8571428571428572,2.142857142857143
2023,12,0.7571428571428571,0.9857142857142857,1.1,0.8142857142857142,1.0285714285714287,1.2571428571428573
2023,13,0.0,0.0,0.0,0.0,0.0,0.0
2023,14,0.5571428628571429,0.7714285857142856,0.9857142999999999,0.4857143,0.7142857285714286,0.9285714285714286
2023,15,0.6142857142857142,0.7428571857142857,0.8714285714285713,0.6000000428571429,0.7142857142857143,0.8142857571428571
2023,16,1.3142857142857145,1.3857142857142857,1.6142857142857143,1.2571428571428573,1.4428571428571428,1.5428571428571427
2023,17,5.614285714285714,6.328571571428571,7.0,5.000000142857142,6.371428571428572,7.22857157142857
2023,18,0.2285714285714286,0.34285714285714286,0.42857142857142855,0.17142857142857143,0.18571430000000003,0.21428571428571427
2023,19,16.400000005714286,17.542857285714284,19.87142885714286,16.21428585714286,17.385714285714283,18.48571442857143
2023,20,2.957142871428571,3.0142857285714277,3.185714285714286,2.7714285914285712,2.714285742857143,2.6714287142857143
2023,21,2.10000002,2.0000000057142855,2.028571471428571,2.5142857142857147,2.314285714285714,2.028571442857143
2023,22,4.257142857142857,4.1857143428571435,4.185714342857143,4.371428571428572,4.271428571428571,4.642857285714285
2023,23,2.614285857142857,2.857142857142857,3.3857142857142857,2.7857144342857145,3.1285716285714287,3.7142858571428574
2023,24,3.100000042857143,2.6142857142857143,2.4857142857142853,3.1285714714285717,3.2857143342857142,3.542857448571428
2023,25,7.485714428571429,5.828571428571428,4.8999999999999995,4.3,4.614285857142858,4.728571428571428
2023,26,2.671428614285714,2.028571428571429,1.5714286142857143,2.7142857142857144,2.0428571428571427,1.700000042857143
2023,27,2.5,2.7000000285714285,2.5714285714285716,2.8000000057142858,2.4,2.0428571571428575
2023,28,0.0,0.0,0.0,0.0,0.0,0.0
2023,29,1.3428571428571427,1.6999999999999997,2.0428572,1.0857143285714286,1.1714285714285713,1.3428571857142857
2023,30,1.2428571428571427,1.2285714285714284,1.1428571428571428,1.0,0.9857142999999999,0.9857142914285715
2023,31,2.7285714771428573,3.214285757142857,3.742857142857143,1.957142857142857,2.7857143,3.900000157142857
2023,32,0.17142857142857143,0.2714285714285714,0.4428571571428571,0.05714285714285715,0.19999999999999998,0.38571428571428573
2023,33,0.6428571571428572,0.5571428714285714,0.5571428571428572,0.39999999999999997,0.47142858571428575,0.5142857142857143
2023,34,5.3999999999999995,5.000000142857144,4.942857142857143,4.685714285714285,5.057142871428572,5.628571428571428
2023,35,0.3714285714285714,0.38571428571428573,0.4428571428571428,0.2285714285714286,0.34285714285714286,0.48571431428571427
2023,36,1.4428571428571428,1.3285714285714287,1.0285714714285714,1.3714285714285714,1.3142857142857143,1.2428571428571427
2023,37,3.6142857142857143,4.057143000000001,4.214285857142857,3.942857285714286,4.142857142857143,4.414285714285714
2023,38,0.07142857142857142,0.08571428571428572,0.07142857142857142,0.0,0.04285714285714286,0.07142857142857142
2023,39,0.0,0.0,0.0,0.0,0.0,0.0
2023,40,0.0,0.0,0.0,0.0,0.0,0.0
2023,41,0.5142857285714285,0.5285714285714286,0.5285714285714286,0.7285714285714285,0.6428571428571429,0.7999999999999999
2023,42,0.0,0.0,0.0,0.0,0.0,0.0
2023,43,2.2714285714285714,2.2000000057142857,2.142857142857143,2.2571430057142856,2.0714285714285716,2.1
2023,44,0.0,0.0,0.0,0.0,0.0,0.0
2023,45,0.7285714285714285,1.2285714285714284,1.4000000000000001,0.6285714285714287,1.2142857142857142,1.4857144285714285
2023,46,0.0,0.05714285714285715,0.04285714285714286,0.0,0.0,0.0
2023,47,0.9,1.1285714428571427,1.1285714285714286,0.8142857342857143,0.9857142999999999,0.9857142999999999
2023,48,0.37142857142857144,0.2857142857142857,0.2857142857142857,0.42857142857142855,0.42857142857142855,0.4428571428571429
2023,49,1.957142857142857,2.0714285714285716,2.0142857142857142,1.7857142857142858,1.957142857142857,2.3428571428571425
2023,50,0.21428571999999999,0.2285714285714286,0.1857142857142857,0.17142857142857143,0.15714285714285717,0.17142857142857143
2023,51,0.8714286142857143,1.3285714285714287,1.7428572857142857,0.6285714428571428,1.1285714285714286,1.6142857142857143
2023,52,0.1142857142857143,0.1142857142857143,0.09999999999999999,0.1142857142857143,0.1142857142857143,0.1285714342857143
2024,1,0.38571428571428573,0.6714286142857143,0.7571428571428571,0.31428571428571433,0.4571428571428572,0.6428571428571429
2024,2,0.4857142857142857,0.7428571571428572,0.7714285714285715,0.6428571428571429,0.7714285714285715,0.9285714428571429
2024,3,0.4428571571428571,0.5,0.5428571428571428,0.6142857142857142,0.6428571428571429,0.6857142857142857
2024,4,0.29999999999999993,0.4857143,0.6142857142857142,0.1857142857142857,0.2285714285714286,0.2857142857142857
2024,5,5.614285714285714,5.4714289,4.914285757142857,5.528571428571428,5.314285757142857,5.785714285714286
2024,6,2.300000142857143,2.257142857142857,2.2285714428571426,2.0285714285714285,1.9714285714285715,2.1857144285714285
2024,7,0.7428571428571429,0.7428571428571429,0.6714286142857143,0.8142857571428571,0.7428571428571429,0.8
2024,8,0.0,0.0,0.0,0.0,0.0,0.0
2024,9,0.4714285714285714,0.4714285714285714,0.5142857200000001,0.4857142857142857,0.42857142857142855,0.4571428571428572
2024,10,0.5571428571428572,0.8142857142857143,1.2142857142857142,0.5000000142857143,0.6714285857142858,0.9714285714285715
2024,11,9.971428857142858,10.014285857142855,10.171428857142857,9.114285857142857,9.128571428571428,9.928571428571429
2024,12,2.685714428571429,2.6571428571428575,2.257142857142857,2.8000000000000003,2.585714285714286,2.6285714285714286
2024,13,0.08571428571428572,0.1142857142857143,0.1285714342857143,0.17142857142857143,0.17142857142857143,0.2285714285714286
2024,14,1.2000001428571427,1.2285714285714284,1.1000000428571428,0.9857142857142858,1.0142857142857142,1.2142857142857142
2024,15,0.0,0.0,0.0,0.0,0.0,0.0
2024,16,3.1571428714285714,3.3285714285714287,3.6428571714285707,3.328571585714286,3.5428571428571423,3.957142857142857
2024,17,6.171428571428572,5.542857142857143,5.342857157142857,6.171428571428572,5.471428571428571,5.742857148571429
2024,18,0.07142857142857142,0.05714285714285715,0.05714285714285715,0.0,0.0,0.0
2024,19,2.728571571428571,2.642857142857143,2.9142857285714285,2.1285715714285716,2.300000142857143,2.557142857142857
2024,20,0.38571428571428573,0.42857142857142855,0.45714285714285713,0.4571428571428572,0.4857142857142857,0.4571428571428572
2024,21,0.35714285714285715,0.3714285857142857,0.38571428571428573,0.32857142857142857,0.30000001428571427,0.31428571428571433
2024,22,0.07142857142857142,0.07142857142857142,0.07142857142857142,0.1142857142857143,0.07142857142857142,0.05714285714285715
2024,23,0.08571428571428572,0.08571428571428572,0.1285714342857143,0.09999999999999999,0.09999999999999999,0.09999999999999999
2024,24,0.7142857142857143,0.6428571857142857,0.6428571428571429,1.0285714285714285,0.9142857142857143,1.0285714285714285
2024,25,0.5,0.42857142857142855,0.35714285714285715,0.4857142857142857,0.5142857142857142,0.5142857428571429
2024,26,0.9,0.8857143000000001,0.9714285714285714,0.7857142857142857,0.9142857571428572,1.0285714428571429
2024,27,0.5285714285714286,0.4857142857142857,0.3857143,0.3714285857142857,0.38571428571428573,0.3428571428571429
2024,28,0.0,0.0,0.0,0.0,0.0,0.0
2024,29,2.4285714285714284,2.585714314285714,2.742857142857143,2.828571457142857,2.5142857285714286,2.7714285714285714
2024,30,0.20000000571428572,0.27142858571428574,0.31428571428571433,0.17142857142857143,0.24285714285714285,0.35714285714285715
2024,31,0.09999999999999999,0.18571430000000003,0.2857142857142857,0.04285714285714286,0.19999999999999998,0.4428571571428571
2024,32,1.628571462857143,2.114285757142857,2.514285762857143,1.3285714285714287,1.7285714342857141,2.0428571428571427
2024,33,0.9285714285714286,1.21428572,1.4285714428571428,0.8714285714285713,0.9428571428571428,1.1142857142857143
2024,34,2.228571514285714,2.2571429142857142,2.5000000428571427,2.0142857285714286,2.085714285714286,2.314285714285714
2024,35,0.0,0.0,0.0,0.0,0.0,0.04285714285714286
2024,36,3.0714285714285716,3.357142857142857,3.6999999999999997,3.0714285714285716,3.2857142857142856,3.4285714285714284
2024,37,0.1142857142857143,0.08571428571428572,0.09999999999999999,0.07142857142857142,0.08571428571428572,0.14285714285714285
2024,38,3.314285714285714,3.5000000142857144,3.585714442857143,3.3285715714285717,3.8428571428571425,4.171428571428572
2024,39,0.0,0.0,0.0,0.0,0.04285714285714286,0.1285714342857143
2024,40,0.0,0.0,0.0,0.0,0.0,0.0
2024,41,0.0,0.0,0.0,0.0,0.0,0.0
2024,42,0.30000001428571427,0.42857142857142855,0.5142857285714285,0.25714287142857145,0.35714285714285715,0.4571428571428572
2024,43,0.0,0.04285714285714286,0.04285714285714286,0.0,0.0,0.0
2024,44,2.314285714285714,2.6000000142857145,2.6857144285714285,2.1571428714285714,2.2857144428571425,2.314285714285714
2024,45,6.014285714285714,6.485714291428571,6.414285857142858,5.214286,5.700000185714286,5.800000057142857
2024,46,0.0,0.0,0.0,0.0,0.0,0.0
2024,47,0.07142857142857142,0.09999999999999999,0.1142857142857143,0.1285714342857143,0.1142857142857143,0.14285714285714285
2024,48,0.8428571571428571,0.9857142857142858,1.0285714285714285,0.7999999999999999,0.8571428571428571,0.8285714285714285
2024,49,0.0,0.0,0.0,0.0,0.0,0.0
2024,50,0.7714285714285715,1.0285714714285714,1.2142857142857142,0.5571428571428572,0.9,1.2000001428571427
2024,51,0.0,0.0,0.0,0.0,0.0,0.0
2024,52,2.685714428571429,2.2714287142857144,1.7714287142857141,3.1285714285714286,2.642857142857143,2.0285714285714285
2025,1,0.0,0.0,0.0,0.0,0.0,0.0
2025,2,0.35714287714285714,0.47142858571428575,0.4428571428571429,0.37142857142857144,0.38571428571428573,0.4428571485714286
2025,3,0.9571428571428572,1.05714292,0.9857142857142858,0.7714285714285714,1.0,1.0285714285714285
2025,4,0.4571428714285714,0.4285714428571429,0.3285714342857143,0.37142857142857144,0.42857142857142855,0.41428571428571426
2025,5,0.0,0.0,0.0,0.0,0.0,0.0
2025,6,0.0,0.0,0.0,0.0,0.0,0.0
2025,7,0.0,0.05714285714285715,0.07142857142857142,0.0,0.05714285714285715,0.07142857142857142
2025,8,0.18571430000000003,0.2857142857142857,0.32857142857142857,0.09999999999999999,0.2714285714285714,0.32857142857142857
2025,9,0.0,0.0,0.0,0.0,0.0,0.0
2025,10,1.0285714714285714,1.3714287142857142,1.6571429999999998,1.042857142857143,1.3,1.6571429999999998
2025,11,0.0,0.0,0.0,0.0,0.0,0.0
2025,12,0.1142857142857143,0.1142857142857143,0.1285714342857143,0.0,0.08571428571428572,0.1142857142857143
2025,13,4.828571571428571,5.457143142857142,5.485714285714286,5.371428714285715,5.814285714285715,6.628571428571428
2025,14,1.2857142857142858,1.5142857142857142,1.9857142857142855,1.1,1.6285714285714283,2.042857142857143
2025,15,0.8714285714285713,0.8142857571428571,0.8571428571428571,1.0,0.9428571428571428,0.9857142857142858
2025,16,2.3428571428571425,2.557142857142857,3.0,2.300000142857143,2.6285714285714286,2.9
2025,17,0.5000000142857143,0.5428571571428572,0.6142857285714286,0.5857143,0.6142857142857142,0.6
2025,18,1.9857142857142858,2.3000000000000003,2.657143,1.8571428571428574,2.171428614285714,2.2714285714285714
2025,19,6.728571714285715,7.185714285714285,8.157143142857143,7.5,7.800000285714286,8.371428714285715
2025,20,0.6142857142857142,0.5,0.4857142857142857,0.7285714285714285,0.6428571428571429,0.5428571428571428
2025,21,3.042857142857143,2.5000000428571427,2.4857144285714283,3.1285714285714286,2.7857142857142856,2.528571428571429
2025,22,2.2285714285714286,2.285714314285714,2.6428571485714287,1.9714285714285715,2.314285714285714,2.642857142857143
2025,23,5.2,4.8428574285714285,4.785714285714286,5.357142871428571,5.385714285714286,5.214285742857143
2025,24,0.05714285714285715,0.04285714285714286,0.14285714285714285,0.0,0.0,0.14285714285714285
2025,25,1.1714285714285713,0.9428571428571428,0.5,1.0857142857142856,0.6857142857142857,0.4428571571428571
2025,26,0.8857142857142856,0.6285714571428571,0.7142857142857143,1.2857142914285713,0.9000000142857143,0.9571428571428572
2025,27,1.5142857142857142,1.5285714285714285,1.3428571428571427,1.3428571428571427,1.4285714714285713,1.542857142857143
2025,28,0.6,0.8571428714285714,0.9857142999999999,0.7571428571428571,0.9571428714285715,1.0428571628571428
2025,29,2.2142857142857144,2.5,2.2285714285714286,3.357142857142857,2.914285714285714,2.4285714342857143
2025,30,0.15714285714285717,0.21428571428571427,0.5428571485714285,0.08571428571428572,0.18571430000000003,0.6285714285714287
2025,31,0.5428571428571428,0.42857142857142855,0.4428571428571429,0.4428571428571429,0.4428571571428571,0.5285714428571429
2025,32,0.04285714285714286,0.0,0.04285714285714286,0.1142857142857143,0.1142857142857143,0.09999999999999999
2025,33,0.0,0.0,0.0,0.0,0.0,0.0
2025,34,0.7714285714285715,0.8714285714285713,1.2714285714285716,0.4428571428571428,0.7714285771428572,1.2428571571428573
2025,35,3.914285714285714,3.8571429571428575,4.4285716285714285,3.8857143285714284,3.9142857285714285,4.428571571428571
2025,36,0.08571428571428572,0.0,0.0,0.0,0.0,0.0
2025,37,0.7142857285714286,1.0142857142857142,1.0000000142857144,1.1142857714285714,1.1285714285714286,1.042857142857143
2025,38,0.5999999999999999,0.8428571428571429,0.9142857142857143,0.6285714285714284,0.7571428571428571,1.042857142857143
2025,39,4.914285714285714,5.928571428571429,6.542857285714286,4.4714285714285715,5.3428571428571425,6.357143
2025,40,3.1,3.0571428999999997,3.257142857142857,3.0571428999999997,2.8000000000000003,2.9714285714285715
2025,41,0.24285714285714285,0.27142857142857146,0.3142857342857143,0.2714285714285714,0.32857144285714285,0.3857143
2025,42,0.0,0.0,0.0,0.0,0.0,0.0
2025,43,0.0,0.0,0.0,0.0,0.0,0.0
2025,44,0.2857142857142857,0.25714287142857145,0.18571430000000003,0.19999999999999998,0.19999999999999998,0.19999999999999998
2025,45,0.0,0.0,0.0,0.0,0.0,0.0
2025,46,0.0,0.0,0.0,0.0,0.0,0.0
2025,47,0.09999999999999999,0.08571428571428572,0.07142857142857142,0.09999999999999999,0.07142857142857142,0.05714285714285715
2025,48,0.1142857142857143,0.15714285714285717,0.18571430000000003,0.05714285714285715,0.09999999999999999,0.1142857142857143
2025,49,2.4285714285714284,2.8000000000000003,3.085714285714286,2.414285857142857,2.7714285714285714,3.3857144285714287
2025,50,0.0,0.0,0.0,0.0,0.0,0.0
2025,51,0.0,0.0,0.0,0.0,0.0,0.0
2025,52,0.24285714285714285,0.39999999999999997,0.5285714285714286,0.15714285714285717,0.31428571428571433,0.41428571428571426
2026,1,0.0,0.0,0.0,0.0,0.0,0.0
