year,week,39.7333_-105.1833,39.7333_-105.225,39.7333_-105.2667,39.775_-105.1833,39.775_-105.225,39.775_-105.2667
1999,52,281.25,280.5,279.15,281.9,281.54999999999995,279.65
2000,1,277.25714285714287,276.4857142857143,275.65714285714284,277.3857142857143,277.0285714285714,275.68571428571425
2000,2,284.4857142857143,283.72857142857146,282.7857142857143,284.75714285714287,284.4,283.2
2000,3,284.7285714285714,283.9428571428571,282.5571428571429,285.3857142857143,285.07142857142856,283.4142857142857
2000,4,279.2142857142857,278.45714285714286,277.6857142857143,279.18571428571425,278.84285714285716,277.5
2000,5,283.2285714285714,282.57142857142856,281.6,283.5,282.88571428571424,281.75714285714287
2000,6,283.9,283.25714285714287,282.1,284.31428571428575,283.68571428571425,282.34285714285716
2000,7,283.2857142857143,282.62857142857143,281.7142857142857,283.34285714285716,282.7142857142857,281.57142857142856
2000,8,285.4714285714286,284.81428571428575,283.5,286.15714285714284,285.54285714285714,284.04285714285714
2000,9,286.5142857142857,285.8,284.5142857142857,287.2,286.5142857142857,284.9142857142857
2000,10,283.45714285714286,282.7,281.7285714285714,283.92857142857144,283.2285714285714,281.9
2000,11,282.7714285714286,282.0285714285714,280.9857142857143,282.92857142857144,282.2285714285714,280.72857142857146
2000,12,284.75714285714287,284.0571428571429,283.0142857142857,285.11428571428576,284.4142857142857,282.9428571428571
2000,13,284.2857142857143,283.64285714285717,282.75714285714287,284.54285714285714,283.8285714285715,282.2857142857143
2000,14,291.0142857142857,290.4857142857143,289.75714285714287,291.1,290.3857142857143,288.74285714285713
2000,15,291.14285714285717,290.6142857142857,289.5857142857143,291.9,291.1714285714286,289.5142857142857
2000,16,292.4714285714286,291.92857142857144,290.6142857142857,293.61428571428576,292.88571428571424,291.1
2000,17,293.37142857142857,292.84285714285716,291.7,294.3142857142857,293.5571428571429,291.9714285714286
2000,18,297.64285714285717,296.9857142857143,295.74285714285713,298.54285714285714,297.6857142857143,295.85714285714283
2000,19,291.4857142857143,290.8285714285714,289.7285714285714,292.0,291.1714285714286,289.35714285714283
2000,20,293.4428571428571,292.8,291.8,293.9428571428571,293.0857142857143,291.3142857142857
2000,21,299.2714285714286,298.59999999999997,297.40000000000003,300.1,299.2142857142857,297.45714285714286
2000,22,301.12857142857143,300.42857142857144,299.54285714285714,301.5142857142857,300.6857142857143,299.11428571428576
2000,23,302.5571428571429,301.8285714285715,300.40000000000003,303.54285714285714,302.6857142857143,300.62857142857143
2000,24,297.84285714285716,297.0857142857143,295.90000000000003,298.3142857142857,297.4714285714286,295.5
2000,25,301.38571428571424,300.65714285714284,299.15714285714284,302.1714285714285,301.3285714285715,299.1857142857143
2000,26,300.59999999999997,299.8285714285715,298.8,300.9857142857143,300.11428571428576,298.2142857142857
2000,27,305.14285714285717,304.3142857142857,302.7714285714286,305.9714285714286,305.0857142857143,302.92857142857144
2000,28,304.9857142857143,304.1857142857143,302.8,305.85714285714283,304.9714285714286,302.90000000000003
2000,29,303.0571428571429,302.2285714285714,301.35714285714283,303.45714285714286,302.5571428571429,300.92857142857144
2000,30,305.0571428571429,304.24285714285713,302.9857142857143,305.9142857142857,305.04285714285714,303.11428571428576
2000,31,305.3,304.42857142857144,303.0,305.90000000000003,305.0857142857143,303.0142857142857
2000,32,305.54285714285714,304.65714285714284,303.2142857142857,306.1714285714285,305.35714285714283,303.2714285714286
2000,33,302.37142857142857,301.4714285714286,300.3142857142857,302.8,301.9857142857143,300.04285714285714
2000,34,302.1714285714285,301.2857142857143,300.09999999999997,302.7285714285714,301.9142857142857,299.95714285714286
2000,35,300.07142857142856,299.3,297.9857142857143,300.7,299.8142857142857,297.95714285714286
2000,36,301.38571428571424,300.7,299.3285714285715,302.2285714285714,301.3142857142857,299.57142857142856
2000,37,302.40000000000003,301.7142857142857,300.25714285714287,303.3285714285715,302.42857142857144,300.57142857142856
2000,38,290.54285714285714,289.85714285714283,289.34285714285716,290.0142857142857,289.1142857142857,287.6714285714286
2000,39,295.2142857142857,294.54285714285714,293.5,295.6714285714285,294.7714285714286,293.3
2000,40,288.9857142857143,288.3857142857143,287.95714285714286,288.74285714285713,287.84285714285716,286.5857142857143
2000,41,290.3,289.7,288.65714285714284,290.77142857142854,289.8857142857143,288.57142857142856
2000,42,291.1857142857143,290.6,289.6,291.62857142857143,290.72857142857146,289.3285714285714
2000,43,288.2,287.6,286.7285714285714,288.5,287.61428571428576,286.3
2000,44,285.8857142857143,285.5285714285714,284.34285714285716,286.6,286.2285714285714,284.5571428571429
2000,45,275.64285714285717,275.3,274.9,275.4,275.1,273.87142857142857
2000,46,275.90000000000003,275.6,274.9428571428571,276.1714285714286,275.87142857142857,274.65714285714284
2000,47,280.92857142857144,280.5857142857143,279.62857142857143,281.3285714285714,281.0285714285714,279.37142857142857
2000,48,281.4857142857143,281.14285714285717,280.3,281.7142857142857,281.4428571428571,280.0571428571429
2000,49,282.34285714285716,282.0,281.12857142857143,282.35714285714283,282.14285714285717,280.7
2000,50,277.14285714285717,276.81428571428575,276.15714285714284,277.12857142857143,276.87142857142857,275.7142857142857
2000,51,278.4857142857143,278.14285714285717,277.24285714285713,278.95714285714286,278.7285714285714,277.18571428571425
2000,52,277.9428571428571,277.54285714285714,277.1,277.64285714285717,277.40000000000003,276.14285714285717
2001,1,283.2142857142857,282.8285714285714,282.1,283.3285714285714,283.04285714285714,282.0142857142857
2001,2,282.84285714285716,282.4428571428571,281.2,283.5,283.2142857142857,281.84285714285716
2001,3,275.84285714285716,275.4428571428571,274.81428571428575,275.6714285714286,275.37142857142857,274.2
2001,4,279.0,278.6142857142857,278.2,278.57142857142856,278.2857142857143,277.35714285714283
2001,5,277.57142857142856,277.4142857142857,276.9428571428571,277.5857142857143,277.4714285714286,276.7714285714286
2001,6,278.12857142857143,278.0857142857143,278.2,277.54285714285714,277.5142857142857,277.5
2001,7,279.57142857142856,279.54285714285714,279.42857142857144,279.35714285714283,279.3285714285714,279.34285714285716
2001,8,282.5857142857143,282.5571428571429,281.5,283.34285714285716,283.25714285714287,282.4428571428571
2001,9,279.65714285714284,279.24285714285713,278.54285714285714,279.9142857142857,279.4714285714286,278.5
2001,10,284.1,283.54285714285714,282.6,284.6142857142857,284.0142857142857,282.6714285714286
2001,11,280.04285714285714,279.4714285714286,278.6,280.25714285714287,279.6142857142857,278.31428571428575
2001,12,287.1142857142857,286.57142857142856,285.57142857142856,287.62857142857143,286.9714285714286,285.9142857142857
2001,13,284.62857142857143,284.12857142857143,283.15714285714284,285.14285714285717,284.48571428571427,283.2142857142857
2001,14,290.85714285714283,290.37142857142857,289.25714285714287,291.7857142857143,291.07142857142856,289.45714285714286
2001,15,284.7857142857143,284.2857142857143,283.3857142857143,285.1714285714286,284.4142857142857,282.8285714285714
2001,16,289.7285714285714,289.24285714285713,288.54285714285714,290.15714285714284,289.4,288.12857142857143
2001,17,292.37142857142857,291.9142857142857,290.8285714285714,293.2857142857143,292.5142857142857,290.85714285714283
2001,18,286.62857142857143,286.0857142857143,285.0285714285714,287.25714285714287,286.54285714285714,284.75714285714287
2001,19,295.61428571428576,295.0857142857143,293.9714285714286,296.5285714285714,295.8285714285715,294.14285714285717
2001,20,295.9428571428571,295.4,294.34285714285716,296.6714285714285,295.95714285714286,294.2857142857143
2001,21,294.34285714285716,293.8,293.09999999999997,294.7714285714286,294.0571428571429,292.6714285714285
2001,22,298.14285714285717,297.5571428571429,296.84285714285716,298.61428571428576,297.88571428571424,296.4142857142857
2001,23,300.45714285714286,299.85714285714283,298.92857142857144,301.11428571428576,300.34285714285716,298.7714285714286
2001,24,298.7714285714286,298.1714285714285,296.9142857142857,299.65714285714284,298.88571428571424,297.0142857142857
2001,25,301.7714285714286,301.1714285714285,300.1714285714285,302.11428571428576,301.34285714285716,299.5857142857143
2001,26,305.09999999999997,304.45714285714286,303.0285714285714,305.9428571428571,305.1714285714285,303.04285714285714
2001,27,307.0,306.2285714285714,304.9142857142857,307.62857142857143,306.87142857142857,304.8142857142857
2001,28,302.34285714285716,301.59999999999997,300.59999999999997,302.7857142857143,302.0285714285714,300.25714285714287
2001,29,304.0285714285714,303.2714285714286,302.0142857142857,304.8,304.0142857142857,302.0142857142857
2001,30,303.65714285714284,302.9142857142857,301.7,304.37142857142857,303.5857142857143,301.62857142857143
2001,31,304.62857142857143,303.75714285714287,302.45714285714286,305.37142857142857,304.5142857142857,302.5285714285714
2001,32,301.15714285714284,300.2857142857143,299.09999999999997,301.7142857142857,300.85714285714283,298.92857142857144
2001,33,300.9857142857143,300.1,298.90000000000003,301.5285714285714,300.65714285714284,298.7428571428572
2001,34,301.9142857142857,301.0142857142857,299.62857142857143,302.59999999999997,301.7285714285714,299.65714285714284
2001,35,302.88571428571424,302.09999999999997,300.7714285714286,303.54285714285714,302.6714285714285,300.75714285714287
2001,36,297.5857142857143,296.88571428571424,295.8,297.9857142857143,297.0857142857143,295.38571428571424
2001,37,299.7857142857143,299.15714285714284,298.2,300.12857142857143,299.2,297.6714285714285
2001,38,297.7857142857143,297.09999999999997,296.2714285714286,298.04285714285714,297.14285714285717,295.7285714285714
2001,39,300.5571428571429,299.9142857142857,298.90000000000003,301.09999999999997,300.2,298.6857142857143
2001,40,294.35714285714283,293.8285714285715,293.15714285714284,294.38571428571424,293.54285714285714,292.31428571428575
2001,41,288.85714285714283,288.3,287.2285714285714,289.3428571428571,288.5,287.0142857142857
2001,42,292.2,291.6571428571429,290.85714285714283,292.45714285714286,291.6142857142857,290.40000000000003
2001,43,289.4428571428571,288.8857142857143,287.8857142857143,289.9142857142857,289.0857142857143,287.65714285714284
2001,44,292.3428571428571,291.81428571428575,290.8142857142857,292.7714285714286,292.18571428571425,290.7285714285714
2001,45,290.0285714285714,289.5285714285714,288.2857142857143,290.7142857142857,290.2142857142857,288.5571428571429
2001,46,289.4,288.87142857142857,287.6142857142857,290.3,289.8,288.24285714285713
2001,47,284.54285714285714,284.0285714285714,283.1142857142857,284.85714285714283,284.35714285714283,283.0571428571429
2001,48,276.74285714285713,276.1714285714286,275.5571428571429,276.5,276.0142857142857,274.7
2001,49,283.5,282.8285714285714,281.54285714285714,284.3285714285714,283.9,282.35714285714283
2001,50,279.7714285714286,279.1142857142857,278.0,280.1142857142857,279.68571428571425,278.1714285714286
2001,51,280.9857142857143,280.35714285714283,279.2714285714286,281.3,280.8857142857143,279.2714285714286
2001,52,278.0571428571429,277.3857142857143,276.6857142857143,277.74285714285713,277.31428571428575,275.9142857142857
2002,1,277.5857142857143,277.2142857142857,276.75714285714287,277.4714285714286,277.35714285714283,276.24285714285713
2002,2,284.5142857142857,284.1142857142857,283.0142857142857,284.8857142857143,284.7857142857143,283.14285714285717
2002,3,276.25714285714287,275.9,275.59999999999997,276.1,275.9428571428571,275.18571428571425
2002,4,282.2,281.8285714285715,280.85714285714283,282.6714285714286,282.4857142857143,281.0285714285714
2002,5,278.0,277.5,276.87142857142857,277.9428571428571,277.5571428571429,276.5285714285714
2002,6,280.7285714285714,280.0857142857143,279.24285714285713,280.92857142857144,280.3285714285715,279.0857142857143
2002,7,284.0571428571428,283.4428571428572,282.2142857142857,284.54285714285714,283.9142857142857,282.4
2002,8,285.2857142857143,284.68571428571425,283.12857142857143,286.34285714285716,285.7285714285714,284.04285714285714
2002,9,273.1714285714286,272.6142857142857,271.9857142857143,273.1714285714286,272.6142857142857,271.7857142857143
2002,10,283.2,282.68571428571425,281.87142857142857,283.5142857142857,282.95714285714286,282.1
2002,11,281.42857142857144,280.92857142857144,280.0571428571429,281.57142857142856,281.04285714285714,280.1714285714286
2002,12,283.7857142857143,283.25714285714287,282.5285714285714,284.0,283.42857142857144,282.4857142857143
2002,13,286.8857142857143,286.35714285714283,285.35714285714283,287.5571428571429,287.0,286.0285714285714
2002,14,290.5,289.8857142857143,289.07142857142856,290.92857142857144,290.1142857142857,288.8
2002,15,292.2857142857143,291.6714285714286,290.3285714285714,292.95714285714286,292.1142857142857,290.14285714285717
2002,16,289.81428571428575,289.1714285714286,288.09999999999997,290.34285714285716,289.5,287.8285714285715
2002,17,291.9428571428571,291.3,290.34285714285716,292.57142857142856,291.75714285714287,290.2142857142857
2002,18,291.37142857142857,290.7714285714286,289.5,292.4,291.5,289.85714285714283
2002,19,290.9714285714286,290.37142857142857,289.24285714285713,291.7,290.8285714285714,289.18571428571425
2002,20,294.88571428571424,294.2857142857143,293.5571428571429,295.2,294.3142857142857,292.9857142857143
2002,21,292.27142857142854,291.6714285714286,290.74285714285713,292.7,291.8142857142857,290.31428571428575
2002,22,301.74285714285713,301.07142857142856,299.8142857142857,302.61428571428576,301.7285714285714,299.92857142857144
2002,23,300.0,299.24285714285713,298.15714285714284,300.7285714285714,299.84285714285716,298.2142857142857
2002,24,299.7285714285714,298.95714285714286,298.0857142857143,300.0571428571429,299.15714285714284,297.61428571428576
2002,25,304.4714285714286,303.7285714285714,302.40000000000003,305.1714285714285,304.3,302.3
2002,26,306.35714285714283,305.57142857142856,304.12857142857143,307.1714285714285,306.3,304.3
2002,27,305.37142857142857,304.57142857142856,303.37142857142857,306.04285714285714,305.2285714285714,303.2857142857143
2002,28,305.14285714285717,304.35714285714283,303.37142857142857,305.7857142857143,304.92857142857144,303.2
2002,29,306.4857142857143,305.7142857142857,304.38571428571424,307.2857142857143,306.42857142857144,304.5285714285714
2002,30,304.5285714285714,303.7285714285714,302.42857142857144,305.35714285714283,304.5285714285714,302.57142857142856
2002,31,304.04285714285714,303.3142857142857,302.0285714285714,304.74285714285713,303.90000000000003,301.92857142857144
2002,32,303.3,302.5571428571429,301.15714285714284,303.95714285714286,303.11428571428576,301.15714285714284
2002,33,302.85714285714283,302.11428571428576,301.04285714285714,303.11428571428576,302.2857142857143,300.54285714285714
2002,34,301.84285714285716,301.09999999999997,299.9428571428571,302.37142857142857,301.5142857142857,299.7
2002,35,301.5,300.7857142857143,299.7,301.9714285714286,301.0857142857143,299.38571428571424
2002,36,303.1714285714285,302.4714285714286,300.9714285714286,304.1714285714285,303.2142857142857,301.4142857142857
2002,37,294.15714285714284,293.4428571428571,292.64285714285717,294.1857142857143,293.2285714285714,291.7142857142857
2002,38,295.4142857142857,294.6857142857143,293.64285714285717,296.0857142857143,295.12857142857143,293.62857142857143
2002,39,294.9857142857143,294.25714285714287,293.2285714285714,295.4142857142857,294.45714285714286,292.9714285714286
2002,40,289.22857142857146,288.8285714285714,288.0571428571429,289.5857142857143,288.85714285714283,287.62857142857143
2002,41,291.75714285714287,291.35714285714283,290.4142857142857,292.4714285714286,291.7714285714286,290.35714285714283
2002,42,289.18571428571425,288.7857142857143,287.87142857142857,289.87142857142857,289.15714285714284,287.9142857142857
2002,43,283.87142857142857,283.4714285714286,283.0285714285714,283.9,283.15714285714284,282.31428571428575
2002,44,277.0,276.65714285714284,276.9142857142857,276.11428571428576,275.5285714285714,274.92857142857144
2002,45,285.2857142857143,284.9714285714286,283.9857142857143,286.0571428571429,285.64285714285717,284.5
2002,46,283.1142857142857,282.7857142857143,281.54285714285714,283.87142857142857,283.45714285714286,281.7
2002,47,285.6,285.25714285714287,284.2,286.2285714285714,285.81428571428575,284.37142857142857
2002,48,281.8285714285714,281.4142857142857,280.8,281.9142857142857,281.4714285714286,280.4
2002,49,282.07142857142856,281.34285714285716,280.4428571428571,282.2,281.7,280.14285714285717
2002,50,283.9,283.15714285714284,281.8857142857143,284.4857142857143,283.9857142857143,282.1
2002,51,279.1,278.37142857142857,277.15714285714284,279.5571428571429,279.01428571428573,277.2285714285714
2002,52,279.7,278.9714285714286,277.92857142857144,280.0571428571429,279.54285714285714,277.9142857142857
2003,1,282.57142857142856,281.7714285714286,280.4714285714286,282.9714285714286,282.5,280.7
2003,2,283.11428571428576,282.31428571428575,281.64285714285717,283.12857142857143,282.65714285714284,281.5857142857143
2003,3,282.62857142857143,281.8285714285714,280.74285714285713,282.85714285714283,282.42857142857144,280.9142857142857
2003,4,285.1,284.3,283.0571428571429,285.37142857142857,284.92857142857144,283.42857142857144
2003,5,287.37142857142857,286.7285714285714,285.1714285714286,288.34285714285716,287.90000000000003,286.42857142857144
2003,6,271.7714285714286,271.34285714285716,270.84285714285716,271.8285714285714,271.3857142857143,270.6714285714286
2003,7,282.6,282.15714285714284,281.15714285714284,283.14285714285717,282.65714285714284,281.9
2003,8,278.45714285714286,278.0,276.87142857142857,278.95714285714286,278.45714285714286,277.37142857142857
2003,9,276.04285714285714,275.4714285714286,275.3857142857143,275.2,274.62857142857143,273.9857142857143
2003,10,283.4142857142857,282.64285714285717,281.4714285714286,283.65714285714284,282.95714285714286,281.25714285714287
2003,11,290.7857142857143,290.07142857142856,288.24285714285713,292.1,291.40000000000003,289.42857142857144
2003,12,282.07142857142856,281.34285714285716,280.7714285714286,281.74285714285713,281.0285714285714,279.7285714285714
2003,13,282.35714285714283,281.62857142857143,280.75714285714287,282.4142857142857,281.7142857142857,280.2857142857143
2003,14,286.5,285.9714285714286,284.57142857142856,287.62857142857143,286.85714285714283,285.0285714285714
2003,15,290.7857142857143,290.25714285714287,289.0571428571429,291.4142857142857,290.64285714285717,288.7714285714286
2003,16,290.31428571428575,289.8,288.9428571428571,290.8142857142857,290.04285714285714,288.42857142857144
2003,17,290.2,289.6714285714286,289.0,290.62857142857143,289.85714285714283,288.4428571428571
2003,18,290.3857142857143,289.8142857142857,288.5857142857143,291.27142857142854,290.4714285714286,288.72857142857146
2003,19,287.18571428571425,286.57142857142856,285.4857142857143,287.8857142857143,287.0571428571429,285.6142857142857
2003,20,295.1714285714285,294.54285714285714,293.3142857142857,295.8285714285715,295.0,293.34285714285716
2003,21,294.9714285714286,294.35714285714283,293.74285714285713,295.25714285714287,294.4142857142857,292.9142857142857
2003,22,300.6857142857143,300.0857142857143,299.0142857142857,301.4857142857143,300.64285714285717,299.12857142857143
2003,23,292.62857142857143,292.0285714285714,291.12857142857143,293.24285714285713,292.4428571428571,290.8857142857143
2003,24,298.0142857142857,297.42857142857144,296.12857142857143,299.0142857142857,298.2142857142857,296.38571428571424
2003,25,296.87142857142857,296.3,295.12857142857143,297.4714285714286,296.6714285714285,294.85714285714283
2003,26,297.7,297.11428571428576,295.95714285714286,298.37142857142857,297.57142857142856,295.8
2003,27,305.7857142857143,304.95714285714286,303.84285714285716,306.59999999999997,305.74285714285713,303.95714285714286
2003,28,306.0142857142857,305.2142857142857,304.12857142857143,306.54285714285714,305.6857142857143,303.9428571428571
2003,29,307.65714285714284,306.85714285714283,305.5142857142857,308.4142857142857,307.57142857142856,305.57142857142856
2003,30,306.9428571428571,306.1142857142857,304.7142857142857,307.6714285714285,306.8,304.8
2003,31,303.9142857142857,303.1142857142857,301.74285714285713,304.5857142857143,303.7142857142857,301.75714285714287
2003,32,305.1714285714285,304.38571428571424,302.95714285714286,305.9714285714286,305.14285714285717,303.04285714285714
2003,33,303.1714285714285,302.37142857142857,301.2857142857143,303.7857142857143,302.95714285714286,301.2
2003,34,303.4857142857143,302.6857142857143,301.37142857142857,304.3,303.45714285714286,301.45714285714286
2003,35,299.7,298.9142857142857,297.9428571428571,300.12857142857143,299.2857142857143,297.5285714285714
2003,36,298.40000000000003,297.7,296.5,299.04285714285714,298.15714285714284,296.3285714285715
2003,37,294.3,293.59999999999997,292.2857142857143,295.11428571428576,294.2142857142857,292.40000000000003
2003,38,295.6857142857143,294.9857142857143,293.7714285714286,296.35714285714283,295.47142857142853,293.7857142857143
2003,39,297.42857142857144,296.7285714285714,295.85714285714283,297.7,296.8142857142857,295.2857142857143
2003,40,293.38571428571424,292.75714285714287,292.3285714285715,293.24285714285713,292.3142857142857,291.3285714285715
2003,41,296.5,295.88571428571424,294.7857142857143,297.2857142857143,296.38571428571424,294.84285714285716
2003,42,295.0,294.40000000000003,293.4428571428571,295.54285714285714,294.62857142857143,293.35714285714283
2003,43,293.25714285714287,292.62857142857143,291.65714285714284,293.8142857142857,292.90000000000003,291.4857142857143
2003,44,288.2,287.8,287.4142857142857,288.24285714285713,287.6142857142857,286.8285714285714
2003,45,282.7714285714286,282.57142857142856,282.04285714285714,282.95714285714286,282.74285714285713,282.0857142857143
2003,46,284.8285714285714,284.64285714285717,283.6,285.5,285.2714285714286,284.0
2003,47,281.54285714285714,281.35714285714283,280.65714285714284,281.9428571428571,281.7285714285714,280.87142857142857
2003,48,279.24285714285713,279.0571428571429,277.9,279.4428571428571,279.2142857142857,277.5
2003,49,285.5285714285714,285.2285714285714,284.42857142857144,285.9428571428571,285.81428571428575,284.8
2003,50,278.18571428571425,277.8857142857143,277.57142857142856,278.0142857142857,277.84285714285716,276.85714285714283
2003,51,283.1714285714286,282.87142857142857,282.31428571428575,283.57142857142856,283.40000000000003,282.5
2003,52,280.40000000000003,280.1,279.0857142857143,281.0,280.85714285714283,279.4142857142857
2004,1,278.1,277.7285714285714,277.0,278.2857142857143,278.0285714285714,277.0857142857143
2004,2,280.87142857142857,280.4714285714286,279.75714285714287,281.0571428571428,280.75714285714287,280.0285714285714
2004,3,284.2857142857143,283.88571428571424,282.9,284.7857142857143,284.4857142857143,283.59999999999997
2004,4,280.8857142857143,280.4857142857143,279.54285714285714,281.14285714285717,280.84285714285716,279.6142857142857
2004,5,277.90000000000003,277.5285714285714,276.8285714285715,278.2,277.9142857142857,277.0571428571429
2004,6,275.2714285714286,275.0,274.7,275.24285714285713,274.95714285714286,274.4428571428571
2004,7,275.57142857142856,275.3,275.0285714285714,275.5285714285714,275.2857142857143,274.74285714285713
2004,8,283.3857142857143,283.0857142857143,282.24285714285713,284.14285714285717,283.87142857142857,283.18571428571425
2004,9,283.5857142857143,283.25714285714287,282.25714285714287,284.4714285714286,284.18571428571425,283.14285714285717
2004,10,282.4142857142857,281.64285714285717,280.87142857142857,282.24285714285713,281.7142857142857,280.2857142857143
2004,11,289.2857142857143,288.5571428571429,287.3857142857143,289.9428571428571,289.42857142857144,288.0
2004,12,291.35714285714283,290.62857142857143,289.7142857142857,291.8285714285714,291.3,290.24285714285713
2004,13,293.4857142857143,292.75714285714287,291.81428571428575,293.87142857142857,293.3285714285715,291.9714285714286
2004,14,291.1857142857143,290.4714285714286,289.5285714285714,291.6714285714286,290.84285714285716,289.4714285714286
2004,15,285.0857142857143,284.3857142857143,283.4714285714286,285.3,284.35714285714283,282.87142857142857
2004,16,289.62857142857143,288.92857142857144,287.6571428571429,290.5571428571429,289.62857142857143,287.9428571428571
2004,17,285.81428571428575,285.1142857142857,284.0571428571429,286.37142857142857,285.42857142857144,283.92857142857144
2004,18,289.35714285714283,288.6714285714286,287.6714285714285,289.81428571428575,288.9142857142857,287.2285714285714
2004,19,298.54285714285714,297.85714285714283,296.54285714285714,299.45714285714286,298.62857142857143,296.75714285714287
2004,20,292.6857142857143,292.0571428571429,291.0857142857143,293.12857142857143,292.2857142857143,290.7714285714286
2004,21,297.4428571428571,296.7714285714286,295.7285714285714,298.0285714285714,297.2,295.54285714285714
2004,22,295.1714285714285,294.4857142857143,293.4142857142857,295.65714285714284,294.8285714285715,293.09999999999997
2004,23,298.2285714285714,297.5,296.24285714285713,299.12857142857143,298.25714285714287,296.5571428571429
2004,24,298.37142857142857,297.6714285714285,296.25714285714287,299.2,298.34285714285716,296.5
2004,25,297.0,296.24285714285713,295.5142857142857,296.9142857142857,296.04285714285714,294.64285714285717
2004,26,294.38571428571424,293.6714285714285,292.5285714285714,295.14285714285717,294.2714285714286,292.37142857142857
2004,27,298.75714285714287,297.9428571428571,296.7,299.5285714285714,298.65714285714284,296.75714285714287
2004,28,302.0285714285714,301.15714285714284,299.8,302.8285714285715,301.92857142857144,299.95714285714286
2004,29,303.40000000000003,302.5142857142857,301.0285714285714,304.1857142857143,303.25714285714287,301.14285714285717
2004,30,299.5857142857143,298.7,297.64285714285717,299.90000000000003,298.9857142857143,297.2714285714286
2004,31,301.3142857142857,300.42857142857144,299.07142857142856,302.11428571428576,301.2285714285714,299.35714285714283
2004,32,302.3,301.4714285714286,299.9857142857143,303.2142857142857,302.3285714285715,300.2714285714286
2004,33,300.0571428571429,299.2,298.09999999999997,300.40000000000003,299.5142857142857,297.75714285714287
2004,34,297.5857142857143,296.74285714285713,295.4428571428571,298.0857142857143,297.2,295.24285714285713
2004,35,296.8142857142857,295.9714285714286,294.9571428571429,297.4714285714286,296.57142857142856,294.7714285714286
2004,36,299.2142857142857,298.3142857142857,297.0571428571429,299.8285714285715,298.7857142857143,297.04285714285714
2004,37,300.2,299.3,298.0,300.8142857142857,299.7857142857143,298.0
2004,38,299.84285714285716,298.9428571428571,297.59999999999997,300.4857142857143,299.40000000000003,297.61428571428576
2004,39,292.3142857142857,291.4142857142857,290.24285714285713,292.7285714285714,291.68571428571425,290.0142857142857
2004,40,291.5142857142857,290.7,289.9,291.6571428571429,290.64285714285717,289.2285714285714
2004,41,292.5,291.74285714285713,290.8285714285714,292.8142857142857,291.81428571428575,290.42857142857144
2004,42,290.35714285714283,289.6,288.6,290.75714285714287,289.75714285714287,288.27142857142854
2004,43,290.45714285714286,289.7142857142857,288.5285714285714,291.0285714285714,290.0142857142857,288.45714285714286
2004,44,288.2,287.4714285714286,286.3285714285715,288.75714285714287,287.8285714285715,286.35714285714283
2004,45,286.0571428571429,285.5,284.4428571428571,286.87142857142857,286.42857142857144,285.1
2004,46,284.74285714285713,284.18571428571425,283.48571428571427,284.9142857142857,284.45714285714286,283.6
2004,47,283.31428571428575,282.74285714285713,282.1,283.4857142857143,283.0571428571429,282.0
2004,48,279.95714285714286,279.37142857142857,278.74285714285713,279.8285714285714,279.3857142857143,278.2142857142857
2004,49,277.42857142857144,276.8285714285714,276.25714285714287,277.04285714285714,276.5,275.3857142857143
2004,50,284.6142857142857,283.9857142857143,282.68571428571425,285.0285714285714,284.4714285714286,282.9142857142857
2004,51,283.1,282.4428571428571,281.4142857142857,283.4142857142857,282.85714285714283,281.2857142857143
2004,52,278.1,277.4857142857143,276.4428571428571,278.3,277.74285714285713,276.24285714285713
2004,53,283.54285714285714,283.0,281.9714285714286,283.7857142857143,283.4142857142857,282.2
2005,1,277.84285714285716,277.45714285714286,277.2857142857143,277.1142857142857,276.9142857142857,276.3857142857143
2005,2,280.9714285714286,280.57142857142856,280.12857142857143,280.98571428571427,280.7857142857143,280.3285714285714
2005,3,286.45714285714286,286.07142857142856,285.25714285714287,286.8857142857143,286.7142857142857,286.04285714285714
2005,4,283.92857142857144,283.54285714285714,282.74285714285713,284.2857142857143,284.0857142857143,283.3857142857143
2005,5,280.3285714285714,279.7285714285714,278.9857142857143,280.5857142857143,279.9142857142857,278.9857142857143
2005,6,281.9142857142857,281.31428571428575,280.4714285714286,282.1714285714286,281.5,280.5857142857143
2005,7,283.57142857142856,282.9428571428571,282.14285714285717,283.74285714285713,283.09999999999997,282.45714285714286
2005,8,281.9714285714286,281.35714285714283,280.2857142857143,282.45714285714286,281.81428571428575,280.81428571428575
2005,9,284.9142857142857,284.04285714285714,282.7714285714286,285.45714285714286,284.68571428571425,283.1142857142857
2005,10,285.5571428571428,284.68571428571425,283.54285714285714,285.9714285714286,285.2142857142857,283.7857142857143
2005,11,280.7142857142857,279.87142857142857,278.7714285714286,280.8857142857143,280.1142857142857,278.54285714285714
2005,12,282.85714285714283,282.0285714285714,281.1,283.0,282.2285714285714,280.92857142857144
2005,13,285.6142857142857,284.8285714285714,283.42857142857144,286.35714285714283,285.51428571428573,283.8285714285714
2005,14,287.7,286.9857142857143,285.64285714285717,288.65714285714284,287.7857142857143,286.1142857142857
2005,15,288.9,288.15714285714284,287.0,289.57142857142856,288.6714285714285,287.0857142857143
2005,16,289.8,289.1,288.1714285714286,290.1,289.2285714285714,287.8
2005,17,283.7142857142857,282.9428571428571,282.2285714285714,283.5142857142857,282.62857142857143,281.07142857142856
2005,18,289.95714285714286,289.12857142857143,287.8,290.74285714285713,289.7857142857143,287.9857142857143
2005,19,292.34285714285716,291.4857142857143,290.18571428571425,293.0142857142857,292.04285714285714,290.2142857142857
2005,20,299.2142857142857,298.35714285714283,297.0142857142857,300.07142857142856,299.09999999999997,297.3142857142857
2005,21,296.07142857142856,295.2142857142857,294.3285714285715,296.34285714285716,295.35714285714283,293.88571428571424
2005,22,294.3142857142857,293.42857142857144,292.3285714285715,294.64285714285717,293.6714285714285,292.0142857142857
2005,23,295.07142857142856,294.1714285714285,292.9714285714286,295.8142857142857,294.84285714285716,293.0285714285714
2005,24,300.8285714285715,299.92857142857144,298.6714285714285,301.42857142857144,300.45714285714286,298.54285714285714
2005,25,302.74285714285713,301.84285714285716,300.38571428571424,303.4714285714286,302.5142857142857,300.38571428571424
2005,26,302.64285714285717,301.6714285714285,300.3142857142857,303.3285714285715,302.37142857142857,300.37142857142857
2005,27,305.0857142857143,304.0571428571429,302.57142857142856,305.7142857142857,304.7142857142857,302.64285714285717
2005,28,307.14285714285717,306.12857142857143,304.74285714285713,307.7,306.7,304.7142857142857
2005,29,307.5857142857143,306.5571428571429,305.09999999999997,308.2142857142857,307.2142857142857,305.12857142857143
2005,30,303.7142857142857,302.6857142857143,301.5142857142857,304.07142857142856,303.0571428571429,301.2714285714286
2005,31,301.2285714285714,300.2142857142857,298.90000000000003,301.7,300.64285714285717,298.7285714285714
2005,32,299.92857142857144,298.90000000000003,297.8142857142857,300.2857142857143,299.25714285714287,297.2714285714286
2005,33,300.7142857142857,299.7,298.3,301.3,300.2714285714286,298.3
2005,34,301.59999999999997,300.57142857142856,299.0285714285714,302.3142857142857,301.2857142857143,299.2
2005,35,301.42857142857144,300.4714285714286,299.09999999999997,301.81428571428575,300.74285714285713,298.7857142857143
2005,36,301.38571428571424,300.4428571428571,298.9714285714286,301.92857142857144,300.7857142857143,298.87142857142857
2005,37,296.5428571428571,295.57142857142856,294.34285714285716,296.74285714285713,295.61428571428576,293.82857142857137
2005,38,299.4142857142857,298.45714285714286,297.3,299.7714285714286,298.62857142857143,297.0857142857143
2005,39,297.38571428571424,296.5,295.38571428571424,297.6714285714285,296.57142857142856,295.0285714285714
2005,40,293.8142857142857,293.0,292.15714285714284,293.8,292.7285714285714,291.3857142857143
2005,41,288.0285714285714,287.2285714285714,286.0857142857143,288.3857142857143,287.34285714285716,285.81428571428575
2005,42,289.74285714285713,288.9428571428571,288.07142857142856,289.9142857142857,288.81428571428575,287.6142857142857
2005,43,290.2,289.3857142857143,288.42857142857144,290.4857142857143,289.4714285714286,288.0142857142857
2005,44,290.0285714285714,289.0142857142857,287.45714285714286,290.3285714285715,289.5285714285714,287.2714285714286
2005,45,292.7,291.68571428571425,290.2857142857143,292.7714285714286,291.9857142857143,289.8857142857143
2005,46,282.5285714285714,281.5,280.1714285714286,282.35714285714283,281.6,279.4714285714286
2005,47,286.62857142857143,285.5857142857143,284.0142857142857,287.0571428571429,286.27142857142854,284.1714285714286
2005,48,278.81428571428575,277.9428571428571,276.6,278.7857142857143,278.15714285714284,276.2
2005,49,275.35714285714283,274.5571428571429,273.7857142857143,274.88571428571424,274.31428571428575,273.0285714285714
2005,50,275.64285714285717,274.84285714285716,274.09999999999997,275.0,274.4428571428571,272.92857142857144
2005,51,285.0285714285714,284.2285714285714,282.9,285.2714285714286,284.7,283.0571428571429
2005,52,284.7714285714286,283.92857142857144,282.2285714285714,285.2714285714286,284.6857142857143,282.6714285714286
2006,1,286.5285714285714,285.5571428571429,283.9428571428572,286.7142857142857,286.14285714285717,284.2285714285714
2006,2,285.62857142857143,284.6714285714286,283.07142857142856,285.84285714285716,285.24285714285713,283.3285714285714
2006,3,279.18571428571425,278.2142857142857,277.07142857142856,278.9714285714286,278.38571428571424,276.5285714285714
2006,4,282.5,281.5285714285714,280.31428571428575,282.2714285714286,281.7,280.0571428571429
2006,5,282.4857142857143,281.57142857142856,280.1714285714286,282.7,281.9,280.2857142857143
2006,6,280.4857142857143,279.5571428571429,278.34285714285716,280.6142857142857,279.7857142857143,278.5857142857143
2006,7,277.3285714285715,276.37142857142857,276.1714285714285,276.0571428571429,275.25714285714287,274.7285714285714
2006,8,281.74285714285713,280.8,279.6,281.95714285714286,281.1142857142857,280.1
2006,9,288.8,287.87142857142857,286.4428571428571,289.4714285714286,288.6714285714286,287.04285714285714
2006,10,282.2285714285714,281.2714285714286,280.31428571428575,282.1142857142857,281.34285714285716,280.0571428571429
2006,11,283.07142857142856,282.1571428571429,281.04285714285714,283.25714285714287,282.4714285714286,281.07142857142856
2006,12,280.72857142857146,279.8285714285714,279.2142857142857,280.3857142857143,279.64285714285717,278.5142857142857
2006,13,287.5571428571428,286.6,285.3,288.11428571428576,287.2142857142857,285.64285714285717
2006,14,290.7285714285714,289.7714285714286,288.57142857142856,291.12857142857143,290.0571428571429,288.2714285714286
2006,15,294.9142857142857,293.95714285714286,292.5857142857143,295.4714285714286,294.40000000000003,292.48571428571427
2006,16,293.90000000000003,292.9428571428571,291.68571428571425,294.3,293.2285714285714,291.42857142857144
2006,17,289.5857142857143,288.6142857142857,287.4857142857143,289.95714285714286,288.9,287.25714285714287
2006,18,291.5857142857143,290.6142857142857,289.5,291.90000000000003,290.84285714285716,289.1714285714285
2006,19,292.6857142857143,291.7285714285714,290.54285714285714,293.2142857142857,292.12857142857143,290.4142857142857
2006,20,299.2142857142857,298.2142857142857,296.9571428571429,299.8,298.74285714285713,296.90000000000003
2006,21,300.4142857142857,299.42857142857144,297.85714285714283,301.12857142857143,300.04285714285714,298.0
2006,22,299.8,298.8,297.4857142857143,300.2714285714286,299.2,297.2714285714286
2006,23,303.9714285714286,302.92857142857144,301.4714285714286,304.68571428571425,303.62857142857143,301.59999999999997
2006,24,302.5,301.4714285714286,299.9857142857143,303.2,302.1714285714285,300.07142857142856
2006,25,302.2285714285714,301.2142857142857,299.95714285714286,302.5857142857143,301.5142857142857,299.5571428571429
2006,26,302.35714285714283,301.2571428571428,299.8142857142857,303.11428571428576,302.0285714285714,299.9857142857143
2006,27,298.4714285714286,297.24285714285713,295.9714285714286,298.88571428571424,297.7857142857143,295.85714285714283
2006,28,303.90000000000003,302.6857142857143,301.3285714285715,304.65714285714284,303.5857142857143,301.61428571428576
2006,29,304.57142857142856,303.34285714285716,302.04285714285714,305.2142857142857,304.14285714285717,302.2
2006,30,304.8,303.57142857142856,302.0,305.57142857142856,304.5,302.3285714285715
2006,31,301.09999999999997,300.12857142857143,298.84285714285716,301.57142857142856,300.62857142857143,298.7428571428572
2006,32,302.9428571428571,302.0,300.54285714285714,303.68571428571425,302.7142857142857,300.64285714285717
2006,33,300.9857142857143,300.0142857142857,298.87142857142857,301.42857142857144,300.4714285714286,298.65714285714284
2006,34,300.3142857142857,299.37142857142857,298.0857142857143,300.7857142857143,299.84285714285716,297.9142857142857
2006,35,297.92857142857144,296.9714285714286,295.92857142857144,298.0571428571429,297.04285714285714,295.3142857142857
2006,36,296.61428571428576,295.64285714285717,294.5142857142857,296.8857142857143,295.8285714285715,294.2
2006,37,295.6714285714285,294.6857142857143,293.25714285714287,296.2285714285714,295.2,293.35714285714283
2006,38,289.8285714285714,288.84285714285716,287.7285714285714,290.2,289.15714285714284,287.4857142857143
2006,39,295.34285714285716,294.3142857142857,293.0142857142857,296.0285714285714,294.9714285714286,293.2285714285714
2006,40,296.42857142857144,295.3142857142857,294.09999999999997,296.87142857142857,295.7714285714286,294.0142857142857
2006,41,289.2714285714286,288.12857142857143,287.3,289.14285714285717,288.04285714285714,286.7714285714286
2006,42,282.64285714285717,281.5,280.54285714285714,282.65714285714284,281.5571428571429,279.9714285714286
2006,43,287.8285714285714,286.6714285714286,285.35714285714283,288.74285714285713,287.64285714285717,286.1142857142857
2006,44,284.8,283.8285714285714,282.8285714285715,284.64285714285717,283.84285714285716,282.0857142857143
2006,45,288.38571428571424,287.4714285714286,286.15714285714284,288.64285714285717,287.9,286.14285714285717
2006,46,284.92857142857144,283.9857142857143,282.7714285714286,284.8,284.0857142857143,282.1857142857143
2006,47,289.1714285714286,288.2142857142857,286.84285714285716,289.42857142857144,288.7,286.74285714285713
2006,48,276.2285714285714,275.37142857142857,274.4857142857143,276.0571428571429,275.5142857142857,274.2142857142857
2006,49,284.15714285714284,283.31428571428575,282.12857142857143,284.3857142857143,283.9857142857143,282.87142857142857
2006,50,284.4714285714286,283.64285714285717,282.12857142857143,284.87142857142857,284.4714285714286,282.92857142857144
2006,51,276.85714285714283,276.0142857142857,275.42857142857144,276.2857142857143,275.88571428571424,274.92857142857144
2006,52,277.3,276.5142857142857,276.04285714285714,276.6714285714286,276.34285714285716,275.54285714285714
2007,1,278.18571428571425,277.5285714285714,276.9,278.04285714285714,278.0857142857143,277.6714285714286
2007,2,275.45714285714286,274.81428571428575,274.8857142857143,274.65714285714284,274.7,274.81428571428575
2007,3,274.9,274.2714285714286,273.6714285714286,274.75714285714287,274.8,274.45714285714286
2007,4,278.4857142857143,277.84285714285716,277.31428571428575,278.3285714285714,278.40000000000003,278.07142857142856
2007,5,274.7285714285714,274.04285714285714,273.6571428571429,274.24285714285713,274.0857142857143,273.4714285714286
2007,6,285.81428571428575,285.1142857142857,284.35714285714283,285.87142857142857,285.6142857142857,284.7285714285714
2007,7,279.3142857142857,278.6142857142857,278.2714285714286,278.8285714285714,278.57142857142856,277.75714285714287
2007,8,283.84285714285716,283.15714285714284,282.2142857142857,284.1,283.8142857142857,282.7857142857143
2007,9,278.5857142857143,277.4714285714286,276.6714285714285,278.24285714285713,277.64285714285717,276.25714285714287
2007,10,288.7,287.4,286.24285714285713,288.85714285714283,288.0857142857143,286.65714285714284
2007,11,292.4,291.09999999999997,289.74285714285713,292.85714285714283,292.0857142857143,290.5142857142857
2007,12,291.9428571428571,290.6714285714286,289.4428571428571,292.18571428571425,291.4428571428571,289.85714285714283
2007,13,286.75714285714287,285.5571428571428,284.2857142857143,287.0857142857143,286.2714285714286,284.5571428571429
2007,14,285.24285714285713,284.2857142857143,283.81428571428575,285.0571428571429,284.15714285714284,282.7857142857143
2007,15,284.57142857142856,283.5857142857143,282.34285714285716,285.2,284.27142857142854,282.5571428571429
2007,16,289.37142857142857,288.4,287.12857142857143,290.2142857142857,289.2857142857143,287.6
2007,17,290.8285714285714,289.85714285714283,288.54285714285714,291.7142857142857,290.74285714285713,289.1142857142857
2007,18,291.2857142857143,290.1142857142857,288.7857142857143,291.95714285714286,290.88571428571424,289.0857142857143
2007,19,294.35714285714283,293.1714285714285,291.7142857142857,295.25714285714287,294.2,292.24285714285713
2007,20,295.7714285714286,294.62857142857143,293.4714285714286,296.34285714285716,295.3,293.59999999999997
2007,21,293.0857142857143,291.92857142857144,290.7142857142857,293.5571428571429,292.48571428571427,290.7
2007,22,294.8,293.7857142857143,292.6714285714285,295.14285714285717,294.12857142857143,292.4428571428571
2007,23,297.57142857142856,296.6714285714285,295.2857142857143,298.3,297.3142857142857,295.42857142857144
2007,24,301.15714285714284,300.25714285714287,299.0285714285714,301.74285714285713,300.74285714285713,298.88571428571424
2007,25,304.57142857142856,303.6714285714285,302.3142857142857,305.1857142857143,304.2,302.1857142857143
2007,26,304.7142857142857,303.7857142857143,302.6857142857143,305.09999999999997,304.12857142857143,302.3142857142857
2007,27,304.4428571428571,303.45714285714286,302.12857142857143,305.07142857142856,304.12857142857143,302.11428571428576
2007,28,303.0857142857143,302.09999999999997,300.85714285714283,303.4714285714286,302.5,300.54285714285714
2007,29,305.9142857142857,304.9428571428571,303.40000000000003,306.59999999999997,305.62857142857143,303.4714285714286
2007,30,303.14285714285717,302.15714285714284,300.84285714285716,303.59999999999997,302.65714285714284,300.7142857142857
2007,31,302.8142857142857,301.54285714285714,300.15714285714284,303.4428571428571,302.4142857142857,300.35714285714283
2007,32,303.25714285714287,301.92857142857144,300.54285714285714,304.0857142857143,303.04285714285714,301.04285714285714
2007,33,303.37142857142857,302.0285714285714,300.5,304.09999999999997,303.04285714285714,300.9142857142857
2007,34,302.9857142857143,301.6857142857143,300.38571428571424,303.5,302.42857142857144,300.5857142857143
2007,35,301.61428571428576,300.35714285714283,298.95714285714286,302.24285714285713,301.1857142857143,299.2
2007,36,299.67142857142863,298.5142857142857,297.2285714285714,300.2285714285714,299.15714285714284,297.34285714285716
2007,37,297.62857142857143,296.45714285714286,295.5857142857143,297.59999999999997,296.54285714285714,295.04285714285714
2007,38,298.1857142857143,297.0285714285714,295.57142857142856,299.0,297.9428571428571,296.09999999999997
2007,39,294.0285714285714,292.84285714285716,291.85714285714283,294.2285714285714,293.12857142857143,291.72857142857146
2007,40,296.2,295.0,293.7,296.4714285714286,295.37142857142857,293.7
2007,41,294.0285714285714,292.8285714285715,291.9857142857143,293.85714285714283,292.8,291.54285714285714
2007,42,288.75714285714287,287.5571428571429,286.3285714285714,289.04285714285714,287.9714285714286,286.35714285714283
2007,43,289.3,288.07142857142856,286.9428571428571,289.95714285714286,288.9,287.65714285714284
2007,44,289.07142857142856,288.1,286.9142857142857,289.61428571428576,289.0,287.7285714285714
2007,45,291.1,290.2857142857143,289.18571428571425,291.4714285714286,291.0571428571429,289.9857142857143
2007,46,289.1142857142857,288.2714285714286,287.2142857142857,289.2857142857143,288.87142857142857,287.7
2007,47,280.5285714285714,279.7,279.5285714285714,279.64285714285717,279.2285714285714,278.57142857142856
2007,48,281.6714285714286,280.8285714285715,280.01428571428573,281.25714285714287,280.8,279.84285714285716
2007,49,282.74285714285713,281.90000000000003,280.87142857142857,282.4428571428571,281.9714285714286,280.75714285714287
2007,50,275.3,274.4714285714286,273.8857142857143,274.87142857142857,274.4,273.5571428571429
2007,51,279.12857142857143,278.3,277.25714285714287,279.1714285714285,278.7142857142857,277.4857142857143
2007,52,274.3857142857143,273.5571428571429,272.81428571428575,274.2714285714286,273.8285714285714,272.85714285714283
2008,1,281.35714285714283,280.5142857142857,279.68571428571425,280.92857142857144,280.45714285714286,279.4142857142857
2008,2,278.42857142857144,277.6,276.37142857142857,278.34285714285716,277.87142857142857,276.2857142857143
2008,3,277.04285714285714,276.2285714285714,275.1142857142857,276.9857142857143,276.5,275.1714285714286
2008,4,279.14285714285717,278.2857142857143,277.6,278.6,278.1142857142857,277.2285714285714
2008,5,278.4714285714286,277.5142857142857,276.34285714285716,278.3285714285714,277.7142857142857,276.34285714285716
2008,6,279.2714285714286,278.3,277.5285714285714,278.81428571428575,278.0857142857143,277.0142857142857
2008,7,282.7285714285714,281.77142857142854,280.5,282.75714285714287,282.0285714285714,280.68571428571425
2008,8,284.4714285714286,283.5142857142857,282.14285714285717,284.65714285714284,283.95714285714286,282.35714285714283
2008,9,286.35714285714283,285.35714285714283,283.9714285714286,286.68571428571425,285.9428571428571,284.34285714285716
2008,10,279.04285714285714,278.0142857142857,277.0,278.9142857142857,278.12857142857143,276.48571428571427
2008,11,284.81428571428575,283.7857142857143,282.4857142857143,285.14285714285717,284.4,282.65714285714284
2008,12,283.1,282.0571428571429,281.0,283.18571428571425,282.40000000000003,280.65714285714284
2008,13,288.0571428571429,287.0571428571429,286.04285714285714,287.9714285714286,287.18571428571425,285.85714285714283
2008,14,286.14285714285717,285.3,284.31428571428575,286.1714285714286,285.1714285714286,283.62857142857143
2008,15,284.5571428571429,283.7142857142857,282.75714285714287,284.8,283.8285714285714,282.15714285714284
2008,16,291.5,290.65714285714284,289.14285714285717,292.34285714285716,291.42857142857144,289.45714285714286
2008,17,289.95714285714286,289.12857142857143,287.88571428571424,290.5571428571429,289.6,287.88571428571424
2008,18,290.64285714285717,289.6857142857143,288.37142857142857,291.31428571428575,290.31428571428575,288.5
2008,19,292.54285714285714,291.57142857142856,290.3,293.11428571428576,292.07142857142856,290.37142857142857
2008,20,291.2857142857143,290.3285714285714,289.11428571428576,291.68571428571425,290.64285714285717,288.74285714285713
2008,21,296.45714285714286,295.4857142857143,294.07142857142856,297.0857142857143,296.07142857142856,294.07142857142856
2008,22,297.1714285714285,296.1714285714285,295.0571428571429,297.37142857142857,296.3142857142857,294.54285714285714
2008,23,296.87142857142857,295.87142857142857,294.75714285714287,297.3,296.2857142857143,294.5
2008,24,298.07142857142856,297.07142857142856,295.74285714285713,298.64285714285717,297.57142857142856,295.64285714285717
2008,25,302.42857142857144,301.42857142857144,300.07142857142856,302.87142857142857,301.84285714285716,299.75714285714287
2008,26,303.12857142857143,302.12857142857143,300.7857142857143,303.5857142857143,302.57142857142856,300.5
2008,27,304.75714285714287,303.6714285714285,302.1857142857143,305.0857142857143,304.0142857142857,301.9142857142857
2008,28,303.40000000000003,302.3142857142857,300.9857142857143,303.7714285714286,302.7142857142857,300.6714285714285
2008,29,305.85714285714283,304.75714285714287,303.3,306.38571428571424,305.3,303.2714285714286
2008,30,306.24285714285713,305.15714285714284,303.74285714285713,306.85714285714283,305.8,303.7285714285714
2008,31,306.15714285714284,305.14285714285717,303.42857142857144,306.9714285714286,305.9857142857143,303.8
2008,32,301.64285714285717,300.74285714285713,299.40000000000003,302.2,301.2714285714286,299.2714285714286
2008,33,296.85714285714283,295.9428571428571,294.88571428571424,297.11428571428576,296.2142857142857,294.4857142857143
2008,34,301.35714285714283,300.42857142857144,299.37142857142857,301.6714285714285,300.75714285714287,299.0142857142857
2008,35,302.0571428571429,301.07142857142856,299.9142857142857,302.5285714285714,301.57142857142856,299.8
2008,36,294.61428571428576,293.42857142857144,292.48571428571427,294.84285714285716,293.7857142857143,292.3857142857143
2008,37,293.0285714285714,291.84285714285716,290.8857142857143,293.07142857142856,292.0285714285714,290.5
2008,38,296.5285714285714,295.34285714285716,293.92857142857144,297.3,296.24285714285713,294.5142857142857
2008,39,297.65714285714284,296.4857142857143,294.9857142857143,298.5142857142857,297.45714285714286,295.7
2008,40,295.7142857142857,294.9142857142857,293.7285714285714,296.1857142857143,295.12857142857143,293.54285714285714
2008,41,291.0285714285714,290.3,289.6142857142857,290.84285714285716,289.8,288.85714285714283
2008,42,290.87142857142857,290.1142857142857,289.2285714285714,291.0,289.9428571428571,288.54285714285714
2008,43,286.7142857142857,285.9428571428571,284.9714285714286,286.9857142857143,285.9428571428571,284.6
2008,44,293.7714285714286,293.04285714285714,291.9714285714286,294.12857142857143,293.2714285714286,291.7
2008,45,286.2714285714286,285.62857142857143,284.62857142857143,286.24285714285713,285.68571428571425,283.95714285714286
2008,46,285.5571428571429,284.9142857142857,284.0857142857143,285.45714285714286,284.8857142857143,283.4714285714286
2008,47,287.77142857142854,287.1,285.9142857142857,288.1,287.54285714285714,285.9
2008,48,283.8,283.12857142857143,282.5285714285714,283.6142857142857,283.1,281.7857142857143
2008,49,282.9857142857143,282.3428571428571,281.42857142857144,283.09999999999997,282.75714285714287,281.8
2008,50,280.8,280.14285714285717,279.18571428571425,280.9428571428572,280.6142857142857,279.6
2008,51,275.18571428571425,274.5285714285714,274.2285714285714,274.54285714285714,274.2142857142857,273.64285714285717
2008,52,277.1142857142857,276.42857142857144,275.8,276.8,276.4857142857143,275.57142857142856
2009,1,282.9,281.87142857142857,280.7285714285714,282.8,282.24285714285713,280.8285714285714
2009,2,281.9,280.72857142857146,279.37142857142857,282.1714285714286,281.5285714285714,279.7142857142857
2009,3,283.07142857142856,281.9,280.54285714285714,283.04285714285714,282.3857142857143,280.3857142857143
2009,4,286.6714285714286,285.5,284.11428571428576,286.74285714285713,286.12857142857143,284.3
2009,5,278.92857142857144,277.7857142857143,276.7714285714286,278.37142857142857,277.65714285714284,276.1142857142857
2009,6,286.74285714285713,285.64285714285717,284.2714285714286,286.92857142857144,286.0142857142857,284.24285714285713
2009,7,279.2,278.1,277.27142857142854,278.74285714285713,277.8285714285714,276.5142857142857
2009,8,284.14285714285717,283.04285714285714,281.6714285714286,284.42857142857144,283.5142857142857,281.81428571428575
2009,9,287.7142857142857,286.5285714285714,285.0571428571429,288.01428571428573,287.0857142857143,285.37142857142857
2009,10,289.2,287.74285714285713,286.01428571428573,289.65714285714284,288.65714285714284,286.54285714285714
2009,11,284.7,283.2285714285714,282.1142857142857,284.5,283.5,282.0
2009,12,292.9142857142857,291.45714285714286,289.8285714285714,293.3,292.31428571428575,290.3
2009,13,281.9428571428571,280.5142857142857,279.37142857142857,281.7714285714286,280.7714285714286,279.0857142857143
2009,14,280.3285714285714,278.95714285714286,277.68571428571425,280.4857142857143,279.4428571428571,277.45714285714286
2009,15,287.0,285.6714285714286,284.42857142857144,287.5571428571429,286.4857142857143,284.85714285714283
2009,16,286.8,285.45714285714286,284.1714285714286,287.04285714285714,286.0285714285714,284.0571428571429
2009,17,291.6714285714286,290.37142857142857,289.0285714285714,292.2857142857143,291.2857142857143,289.4857142857143
2009,18,289.6571428571429,288.2857142857143,287.25714285714287,289.85714285714283,288.8285714285714,287.31428571428575
2009,19,292.84285714285716,291.4428571428571,289.95714285714286,293.57142857142856,292.57142857142856,290.6142857142857
2009,20,295.42857142857144,294.0285714285714,292.7142857142857,296.1142857142857,295.0857142857143,293.2714285714286
2009,21,296.1857142857143,294.7857142857143,293.40000000000003,296.7142857142857,295.6857142857143,293.5285714285714
2009,22,294.2714285714286,292.87142857142857,291.5571428571429,294.75714285714287,293.7285714285714,291.7
2009,23,293.8285714285715,292.4142857142857,291.1,294.3,293.2142857142857,291.3285714285714
2009,24,295.2142857142857,293.8142857142857,292.5285714285714,295.65714285714284,294.5857142857143,292.8
2009,25,297.2,295.7857142857143,294.35714285714283,297.8,296.7,294.6714285714285
2009,26,301.40000000000003,300.0,298.5571428571429,302.04285714285714,300.9714285714286,298.90000000000003
2009,27,300.1857142857143,298.8142857142857,297.4714285714286,300.7857142857143,299.7857142857143,297.8142857142857
2009,28,302.75714285714287,301.42857142857144,299.9428571428571,303.4857142857143,302.47142857142853,300.54285714285714
2009,29,302.14285714285717,300.7857142857143,299.38571428571424,302.7285714285714,301.7285714285714,299.7714285714286
2009,30,301.42857142857144,300.07142857142856,298.62857142857143,301.87142857142857,300.87142857142857,298.84285714285716
2009,31,298.9714285714286,297.62857142857143,296.5285714285714,299.1,298.1,296.3
2009,32,302.85714285714283,301.5142857142857,300.0571428571429,303.37142857142857,302.34285714285716,300.34285714285716
2009,33,301.2857142857143,299.9714285714286,298.4142857142857,301.90000000000003,300.84285714285716,298.8
2009,34,301.5142857142857,300.1857142857143,298.75714285714287,301.9714285714286,300.92857142857144,298.9142857142857
2009,35,299.8,298.5,297.3285714285715,300.0857142857143,299.0285714285714,297.2142857142857
2009,36,301.3285714285715,300.0571428571429,298.4857142857143,302.0,300.95714285714286,298.9714285714286
2009,37,298.64285714285717,297.40000000000003,296.0857142857143,299.0,297.9857142857143,296.15714285714284
2009,38,297.2714285714286,296.0285714285714,294.7,297.59999999999997,296.5857142857143,294.7142857142857
2009,39,289.92857142857144,288.68571428571425,287.68571428571425,290.0857142857143,289.0857142857143,287.37142857142857
2009,40,290.92857142857144,290.0285714285714,289.12857142857143,290.9714285714286,290.07142857142856,288.64285714285717
2009,41,284.5857142857143,283.85714285714283,283.42857142857144,284.24285714285713,283.4142857142857,282.15714285714284
2009,42,291.04285714285714,290.3,289.4142857142857,291.2285714285714,290.42857142857144,289.3
2009,43,284.54285714285714,283.81428571428575,282.84285714285716,284.92857142857144,284.1,282.4714285714286
2009,44,280.12857142857143,279.3,278.2,280.4714285714286,279.68571428571425,278.2285714285714
2009,45,291.75714285714287,290.7285714285714,289.5571428571429,292.14285714285717,291.4428571428571,290.4
2009,46,286.64285714285717,285.5857142857143,284.81428571428575,286.37142857142857,285.6714285714286,284.87142857142857
2009,47,284.8285714285714,283.7857142857143,283.07142857142856,284.4,283.7,282.8285714285714
2009,48,284.2142857142857,283.1714285714286,282.27142857142854,284.2142857142857,283.5142857142857,282.57142857142856
2009,49,274.8285714285714,274.0285714285714,273.1714285714286,275.0142857142857,274.5285714285714,273.75714285714287
2009,50,273.11428571428576,272.3285714285714,272.0857142857143,272.34285714285716,271.9142857142857,271.40000000000003
2009,51,281.9,281.1,279.85714285714283,282.42857142857144,281.95714285714286,280.7285714285714
2009,52,274.9857142857143,274.25714285714287,273.5142857142857,274.8857142857143,274.4857142857143,273.6714285714286
2009,53,277.18571428571425,276.5857142857143,276.0,276.92857142857144,276.59999999999997,275.84285714285716
2010,1,278.14285714285717,277.8857142857143,277.7142857142857,278.0285714285714,278.15714285714284,277.6142857142857
2010,2,286.0571428571429,285.25714285714287,284.74285714285713,285.6142857142857,285.12857142857143,284.3285714285714
2010,3,281.0,280.2142857142857,279.37142857142857,280.7285714285714,280.25714285714287,279.2285714285714
2010,4,279.64285714285717,279.07142857142856,278.7285714285714,279.4,279.1714285714285,278.5142857142857
2010,5,280.3857142857143,279.5285714285714,278.7142857142857,280.2,279.4857142857143,278.57142857142856
2010,6,276.8285714285715,276.12857142857143,275.4,276.57142857142856,275.9428571428571,275.1
2010,7,274.8,274.1714285714286,273.95714285714286,274.68571428571425,274.31428571428575,273.87142857142857
2010,8,279.65714285714284,278.92857142857144,278.4857142857143,279.4428571428571,278.95714285714286,278.25714285714287
2010,9,284.64285714285717,283.74285714285713,283.01428571428573,284.5857142857143,283.85714285714283,282.75714285714287
2010,10,282.95714285714286,281.9428571428571,280.9428571428571,282.9714285714286,282.07142857142856,280.8
2010,11,284.57142857142856,283.85714285714283,283.2857142857143,284.8142857142857,284.3,283.2
2010,12,284.0571428571429,283.24285714285713,282.37142857142857,284.14285714285717,283.57142857142856,282.3857142857143
2010,13,288.8285714285714,287.9,286.6714285714286,289.07142857142856,288.0142857142857,286.3285714285714
2010,14,288.3857142857143,287.54285714285714,286.4142857142857,288.7285714285714,287.7,286.04285714285714
2010,15,290.9142857142857,290.14285714285717,289.04285714285714,291.34285714285716,290.34285714285716,288.6857142857143
2010,16,287.7857142857143,287.04285714285714,286.1,288.1714285714286,287.18571428571425,285.62857142857143
2010,17,287.2714285714286,286.1714285714286,284.8285714285714,287.4142857142857,286.24285714285713,284.4857142857143
2010,18,289.7714285714286,288.75714285714287,287.6142857142857,289.9857142857143,288.8,287.0857142857143
2010,19,285.74285714285713,284.68571428571425,283.5571428571429,285.87142857142857,284.7857142857143,283.07142857142856
2010,20,296.0142857142857,294.9714285714286,293.65714285714284,296.3285714285715,295.2142857142857,293.38571428571424
2010,21,298.35714285714283,297.3142857142857,296.0142857142857,298.59999999999997,297.5,295.7
2010,22,300.9428571428571,299.84285714285716,298.5285714285714,301.2,300.07142857142856,298.12857142857143
2010,23,296.0,294.9428571428571,293.57142857142856,296.1714285714285,295.0142857142857,293.11428571428576
2010,24,299.8142857142857,298.75714285714287,297.4428571428571,300.09999999999997,299.09999999999997,297.2
2010,25,303.5285714285714,302.4428571428571,301.0,303.8,302.6857142857143,300.6857142857143
2010,26,303.3142857142857,302.25714285714287,300.87142857142857,303.7285714285714,302.6857142857143,300.65714285714284
2010,27,299.25714285714287,298.1714285714285,296.87142857142857,299.59999999999997,298.54285714285714,296.5857142857143
2010,28,306.74285714285713,305.6857142857143,304.3285714285715,307.1714285714285,306.07142857142856,304.0857142857143
2010,29,302.7714285714286,301.8,300.5285714285714,303.1714285714285,302.0857142857143,300.1857142857143
2010,30,304.5285714285714,303.42857142857144,302.0,304.92857142857144,303.87142857142857,301.85714285714283
2010,31,302.8285714285715,301.7,300.24285714285713,303.2142857142857,302.1857142857143,300.1714285714285
2010,32,302.6714285714285,301.4142857142857,300.0142857142857,302.85714285714283,301.62857142857143,299.6714285714285
2010,33,303.85714285714283,302.62857142857143,301.2142857142857,304.0,302.8285714285715,300.84285714285716
2010,34,304.14285714285717,302.84285714285716,301.4142857142857,304.24285714285713,303.04285714285714,301.0142857142857
2010,35,300.9428571428571,299.8285714285715,298.5571428571429,301.0428571428571,299.8,298.04285714285714
2010,36,299.88571428571424,298.8,297.54285714285714,300.04285714285714,298.74285714285713,297.0142857142857
2010,37,301.5142857142857,300.5857142857143,299.59999999999997,301.6857142857143,300.5,298.95714285714286
2010,38,299.0142857142857,298.09999999999997,296.9428571428571,299.24285714285713,298.0142857142857,296.3142857142857
2010,39,299.34285714285716,298.4142857142857,297.4428571428571,299.37142857142857,298.1714285714285,296.7
2010,40,294.5142857142857,293.5,292.2285714285714,294.45714285714286,293.11428571428576,291.54285714285714
2010,41,293.2142857142857,292.2,291.1,293.07142857142856,291.72857142857146,290.2857142857143
2010,42,291.0142857142857,289.9714285714286,288.62857142857143,291.0,289.65714285714284,288.07142857142856
2010,43,289.1,288.07142857142856,286.65714285714284,289.04285714285714,287.7,286.0142857142857
2010,44,292.8285714285715,291.9,290.7714285714286,292.6857142857143,291.7857142857143,290.34285714285716
2010,45,282.07142857142856,281.2857142857143,280.3,281.8857142857143,281.12857142857143,279.8
2010,46,284.87142857142857,284.42857142857144,283.7142857142857,284.7714285714286,284.5285714285714,283.2857142857143
2010,47,281.74285714285713,280.9714285714286,279.6142857142857,281.51428571428573,280.7285714285714,279.07142857142856
2010,48,282.2857142857143,281.7714285714286,280.8857142857143,282.31428571428575,281.9142857142857,280.7
2010,49,284.7714285714286,284.0285714285714,282.9142857142857,284.4714285714286,283.87142857142857,282.54285714285714
2010,50,283.07142857142856,282.3285714285714,281.3285714285714,282.7857142857143,282.1714285714286,280.9857142857143
2010,51,282.8285714285714,282.34285714285716,281.8285714285714,282.42857142857144,282.1142857142857,281.3285714285714
2010,52,277.5857142857143,276.81428571428575,275.8,277.4714285714286,276.9428571428571,275.74285714285713
2011,1,281.4142857142857,280.9,280.15714285714284,281.4857142857143,281.24285714285713,280.24285714285713
2011,2,279.37142857142857,278.84285714285716,278.15714285714284,279.3285714285714,279.12857142857143,278.18571428571425
2011,3,281.4428571428571,280.74285714285713,279.85714285714283,281.57142857142856,281.18571428571425,280.0571428571429
2011,4,284.0857142857143,283.4,282.5,284.31428571428575,283.92857142857144,282.8
2011,5,271.8857142857143,271.4142857142857,270.74285714285713,271.88571428571424,271.5,270.5571428571429
2011,6,278.2,277.74285714285713,277.1,278.31428571428575,277.9857142857143,277.1142857142857
2011,7,286.95714285714286,286.2285714285714,285.25714285714287,287.4,286.8,285.6714285714286
2011,8,282.2,281.6142857142857,280.8,282.45714285714286,281.95714285714286,280.9857142857143
2011,9,286.95714285714286,286.1857142857143,285.1714285714286,287.37142857142857,286.7285714285714,285.3285714285714
2011,10,285.54285714285714,284.8285714285714,283.95714285714286,285.7857142857143,285.2285714285714,283.9714285714286
2011,11,291.04285714285714,290.2285714285714,289.25714285714287,291.45714285714286,290.8,289.4428571428571
2011,12,287.34285714285716,286.59999999999997,285.62857142857143,287.7285714285714,287.14285714285717,285.81428571428575
2011,13,288.7285714285714,287.95714285714286,286.9142857142857,289.25714285714287,288.5,286.9428571428571
2011,14,288.87142857142857,288.15714285714284,287.1,289.4428571428571,288.6142857142857,287.0
2011,15,288.37142857142857,287.7,286.62857142857143,288.90000000000003,288.07142857142856,286.4714285714286
2011,16,288.92857142857144,288.3,287.25714285714287,289.35714285714283,288.5571428571428,287.0
2011,17,285.7,284.92857142857144,283.7714285714286,286.31428571428575,285.37142857142857,283.62857142857143
2011,18,292.2,291.3285714285714,290.1,292.8142857142857,291.85714285714283,290.0571428571429
2011,19,288.8,288.09999999999997,287.0285714285714,289.2142857142857,288.4,286.7142857142857
2011,20,290.2714285714286,289.5571428571428,288.45714285714286,290.75714285714287,289.92857142857144,288.24285714285713
2011,21,294.59999999999997,293.90000000000003,292.88571428571424,295.0571428571429,294.3,292.6714285714285
2011,22,299.7,298.92857142857144,297.7285714285714,300.34285714285716,299.5,297.6857142857143
2011,23,300.7285714285714,299.87142857142857,298.62857142857143,301.40000000000003,300.4857142857143,298.5571428571429
2011,24,300.11428571428576,299.2714285714286,298.0,300.7714285714286,299.8285714285715,297.87142857142857
2011,25,300.3142857142857,299.5142857142857,298.34285714285716,300.9142857142857,300.0285714285714,298.15714285714284
2011,26,304.90000000000003,304.0142857142857,302.7142857142857,305.54285714285714,304.61428571428576,302.6714285714285
2011,27,304.0285714285714,303.15714285714284,301.9142857142857,304.5857142857143,303.7142857142857,301.8142857142857
2011,28,303.84285714285716,303.0,301.7714285714286,304.40000000000003,303.57142857142856,301.6714285714285
2011,29,305.74285714285713,304.84285714285716,303.54285714285714,306.35714285714283,305.4714285714286,303.4857142857143
2011,30,304.7,303.7714285714286,302.4571428571429,305.3,304.38571428571424,302.40000000000003
2011,31,303.65714285714284,302.74285714285713,301.42857142857144,304.2857142857143,303.37142857142857,301.40000000000003
2011,32,304.2714285714286,303.35714285714283,302.0571428571429,304.87142857142857,304.0,302.0285714285714
2011,33,304.59999999999997,303.7285714285714,302.4428571428571,305.2142857142857,304.34285714285716,302.40000000000003
2011,34,305.84285714285716,304.9428571428571,303.59999999999997,306.5,305.59999999999997,303.5857142857143
2011,35,302.40000000000003,301.5857142857143,300.4142857142857,302.85714285714283,301.95714285714286,300.1857142857143
2011,36,296.8285714285715,296.0857142857143,295.0142857142857,297.24285714285713,296.34285714285716,294.74285714285713
2011,37,295.4857142857143,294.74285714285713,293.6714285714285,295.92857142857144,295.04285714285714,293.4428571428571
2011,38,297.9714285714286,297.25714285714287,296.2142857142857,298.38571428571424,297.5857142857143,296.0
2011,39,299.57142857142856,298.8285714285715,297.75714285714287,300.0857142857143,299.14285714285717,297.5857142857143
2011,40,292.1,291.3285714285714,290.3285714285714,292.57142857142856,291.5571428571429,290.0857142857143
2011,41,293.9428571428571,293.25714285714287,292.34285714285716,294.3285714285715,293.4714285714286,292.0857142857143
2011,42,290.7714285714286,290.04285714285714,289.1,291.1142857142857,290.2142857142857,288.75714285714287
2011,43,285.4428571428571,284.8,283.9142857142857,285.75714285714287,284.90000000000003,283.54285714285714
2011,44,285.4714285714286,284.84285714285716,283.92857142857144,285.7714285714286,285.2714285714286,283.8857142857143
2011,45,283.5,282.7714285714286,281.75714285714287,283.77142857142854,283.1714285714286,281.62857142857143
2011,46,284.0285714285714,283.45714285714286,282.6,284.2714285714286,283.87142857142857,282.5142857142857
2011,47,286.42857142857144,285.8,284.8285714285715,286.75714285714287,286.25714285714287,284.8285714285714
2011,48,281.84285714285716,281.3,280.4714285714286,282.1142857142857,281.75714285714287,280.5142857142857
2011,49,276.85714285714283,276.57142857142856,275.95714285714286,276.7714285714286,276.64285714285717,275.64285714285717
2011,50,282.0571428571429,281.65714285714284,281.0,282.07142857142856,281.9142857142857,280.9
2011,51,278.3857142857143,277.98571428571427,277.3285714285714,278.3285714285715,278.14285714285717,277.1
2011,52,283.64285714285717,283.2142857142857,282.51428571428573,283.68571428571425,283.45714285714286,282.42857142857144
2012,1,284.9428571428571,284.25714285714287,283.4,285.0285714285714,284.6714285714286,283.5571428571429
2012,2,282.8,282.1714285714286,281.35714285714283,282.9,282.6,281.5
2012,3,283.45714285714286,282.68571428571425,281.74285714285713,283.68571428571425,283.24285714285713,282.0571428571429
2012,4,283.74285714285713,283.0142857142857,282.1,283.9857142857143,283.57142857142856,282.4142857142857
2012,5,280.07142857142856,279.4857142857143,278.7142857142857,280.1714285714286,279.74285714285713,278.74285714285713
2012,6,277.0,276.74285714285713,276.25714285714287,276.8,276.64285714285717,275.9142857142857
2012,7,279.2142857142857,278.75714285714287,278.07142857142856,279.2285714285714,278.87142857142857,277.9714285714286
2012,8,279.5571428571429,279.07142857142856,278.34285714285716,279.7285714285714,279.34285714285716,278.4142857142857
2012,9,281.6142857142857,280.9857142857143,280.1571428571429,281.9428571428571,281.4428571428571,280.24285714285713
2012,10,286.4857142857143,285.8,284.9,286.84285714285716,286.2714285714286,284.9857142857143
2012,11,292.3,291.45714285714286,290.4142857142857,292.8142857142857,292.11428571428576,290.7
2012,12,290.0285714285714,289.3,288.35714285714283,290.4428571428571,289.84285714285716,288.54285714285714
2012,13,294.9857142857143,294.2714285714286,293.24285714285713,295.45714285714286,294.8,293.3285714285715
2012,14,289.0571428571429,288.40000000000003,287.37142857142857,289.5857142857143,288.75714285714287,287.14285714285717
2012,15,291.62857142857143,291.0,289.9857142857143,292.12857142857143,291.3285714285714,289.75714285714287
2012,16,292.5857142857143,292.0142857142857,291.0571428571428,293.04285714285714,292.2714285714286,290.7285714285714
2012,17,296.24285714285713,295.62857142857143,294.64285714285717,296.75714285714287,295.9857142857143,294.4142857142857
2012,18,296.2714285714286,295.5571428571429,294.4428571428571,296.84285714285716,295.9857142857143,294.3
2012,19,290.9714285714286,290.25714285714287,289.15714285714284,291.45714285714286,290.6142857142857,288.87142857142857
2012,20,296.42857142857144,295.6714285714285,294.57142857142856,297.0857142857143,296.1714285714285,294.45714285714286
2012,21,296.84285714285716,296.12857142857143,295.04285714285714,297.37142857142857,296.5142857142857,294.84285714285716
2012,22,298.8285714285715,298.04285714285714,296.92857142857144,299.3714285714286,298.54285714285714,296.74285714285713
2012,23,302.14285714285717,301.35714285714283,300.14285714285717,302.75714285714287,301.92857142857144,300.04285714285714
2012,24,301.9714285714286,301.1714285714285,299.9142857142857,302.62857142857143,301.7142857142857,299.75714285714287
2012,25,305.3142857142857,304.4428571428571,303.15714285714284,305.92857142857144,304.9857142857143,303.0571428571429
2012,26,307.75714285714287,306.8285714285715,305.4714285714286,308.4857142857143,307.5285714285714,305.5142857142857
2012,27,304.2285714285714,303.3285714285715,302.07142857142856,304.75714285714287,303.90000000000003,301.92857142857144
2012,28,303.7285714285714,302.90000000000003,301.74285714285713,304.2142857142857,303.4428571428571,301.57142857142856
2012,29,306.0285714285714,305.0571428571429,303.7285714285714,306.65714285714284,305.7,303.7
2012,30,305.40000000000003,304.4714285714286,303.14285714285717,306.0142857142857,305.11428571428576,303.12857142857143
2012,31,303.7285714285714,302.85714285714283,301.57142857142856,304.3142857142857,303.4142857142857,301.4857142857143
2012,32,304.8285714285715,303.90000000000003,302.61428571428576,305.4142857142857,304.54285714285714,302.5857142857143
2012,33,302.4714285714286,301.6857142857143,300.5,302.9428571428571,302.1714285714285,300.3142857142857
2012,34,301.7857142857143,300.9428571428571,299.7142857142857,302.34285714285716,301.5,299.5857142857143
2012,35,305.42857142857144,304.54285714285714,303.3,306.04285714285714,305.09999999999997,303.2142857142857
2012,36,301.37142857142857,300.5857142857143,299.42857142857144,301.84285714285716,300.9142857142857,299.24285714285713
2012,37,298.2714285714286,297.4714285714286,296.34285714285716,298.74285714285713,297.8285714285715,296.15714285714284
2012,38,298.57142857142856,297.88571428571424,296.88571428571424,299.0142857142857,298.1857142857143,296.59999999999997
2012,39,295.0142857142857,294.3142857142857,293.25714285714287,295.4714285714286,294.57142857142856,292.9857142857143
2012,40,289.74285714285713,289.2142857142857,288.4714285714286,289.8285714285714,289.0285714285714,287.7285714285714
2012,41,293.0571428571429,292.5,291.64285714285717,293.35714285714283,292.54285714285714,291.24285714285713
2012,42,294.4857142857143,293.75714285714287,292.8142857142857,294.88571428571424,293.95714285714286,292.5142857142857
2012,43,286.45714285714286,285.85714285714283,285.0142857142857,286.62857142857143,285.8,284.4714285714286
2012,44,293.5,292.85714285714283,291.95714285714286,293.7142857142857,293.0857142857143,291.7285714285714
2012,45,290.64285714285717,290.04285714285714,289.14285714285717,290.8285714285714,290.34285714285716,288.95714285714286
2012,46,287.8285714285714,287.3285714285714,286.5,287.8857142857143,287.5142857142857,286.1714285714285
2012,47,291.3285714285714,290.75714285714287,289.84285714285716,291.4857142857143,291.0285714285714,289.64285714285717
2012,48,289.87142857142857,289.2857142857143,288.3857142857143,290.09999999999997,289.6714285714286,288.3
2012,49,285.4142857142857,284.81428571428575,283.98571428571427,285.57142857142856,285.15714285714284,283.95714285714286
2012,50,283.0,282.37142857142857,281.4428571428571,283.25714285714287,282.8285714285714,281.54285714285714
2012,51,282.45714285714286,281.81428571428575,280.87142857142857,282.7,282.24285714285713,280.9428571428571
2012,52,277.07142857142856,276.8285714285714,276.25714285714287,276.9857142857143,276.8857142857143,276.0
2013,1,277.3428571428571,276.8857142857143,276.2285714285714,277.3,277.12857142857143,276.15714285714284
2013,2,280.61428571428576,279.95714285714286,279.12857142857143,280.7857142857143,280.4714285714286,279.37142857142857
2013,3,280.7285714285714,280.15714285714284,279.37142857142857,280.8285714285714,280.5571428571429,279.5142857142857
2013,4,289.5142857142857,288.7714285714286,287.8285714285714,289.85714285714283,289.4714285714286,288.2857142857143
2013,5,282.37142857142857,281.68571428571425,280.7857142857143,282.7,282.2142857142857,281.09999999999997
2013,6,283.45714285714286,282.8285714285714,281.92857142857144,283.77142857142854,283.24285714285713,282.2
2013,7,280.61428571428576,279.9428571428571,279.0571428571429,280.8857142857143,280.3285714285714,279.25714285714287
2013,8,278.5142857142857,278.0142857142857,277.3285714285714,278.62857142857143,278.24285714285713,277.34285714285716
2013,9,281.24285714285713,280.6,279.74285714285713,281.4857142857143,280.95714285714286,279.7857142857143
2013,10,285.0,284.37142857142857,283.54285714285714,285.2857142857143,284.8285714285714,283.6142857142857
2013,11,288.87142857142857,288.18571428571425,287.2857142857143,289.2142857142857,288.68571428571425,287.4142857142857
2013,12,281.5,280.8285714285714,279.9142857142857,281.74285714285713,281.18571428571425,279.92857142857144
2013,13,287.84285714285716,287.2142857142857,286.35714285714283,288.0857142857143,287.5571428571428,286.3
2013,14,288.7714285714286,288.1,287.07142857142856,289.2285714285714,288.4142857142857,286.8142857142857
2013,15,285.4714285714286,284.84285714285716,283.84285714285716,285.9,285.1,283.5285714285714
2013,16,281.9714285714286,281.40000000000003,280.4714285714286,282.2142857142857,281.5,280.0
2013,17,287.92857142857144,287.2857142857143,286.25714285714287,288.42857142857144,287.62857142857143,286.0
2013,18,286.5571428571429,285.85714285714283,284.8,287.0142857142857,286.2,284.54285714285714
2013,19,290.8,289.9857142857143,288.84285714285716,291.42857142857144,290.5,288.75714285714287
2013,20,297.84285714285716,297.0285714285714,295.84285714285716,298.5285714285714,297.5857142857143,295.8
2013,21,297.0285714285714,296.2714285714286,295.12857142857143,297.57142857142856,296.6857142857143,294.9857142857143
2013,22,295.42857142857144,294.61428571428576,293.42857142857144,296.0,295.14285714285717,293.34285714285716
2013,23,299.4142857142857,298.7285714285714,297.59999999999997,299.87142857142857,299.09999999999997,297.2857142857143
2013,24,305.2,304.3285714285715,303.0285714285714,305.88571428571424,304.9428571428571,303.0285714285714
2013,25,303.5142857142857,302.64285714285717,301.3285714285715,304.14285714285717,303.2142857142857,301.2714285714286
2013,26,304.6714285714285,303.8285714285715,302.57142857142856,305.2857142857143,304.37142857142857,302.4714285714286
2013,27,302.90000000000003,302.0285714285714,300.8,303.45714285714286,302.61428571428576,300.6857142857143
2013,28,305.2285714285714,304.3285714285715,303.0142857142857,305.8142857142857,304.9142857142857,302.95714285714286
2013,29,303.09999999999997,302.3,301.09999999999997,303.6714285714285,302.88571428571424,300.9714285714286
2013,30,302.7714285714286,301.95714285714286,300.7,303.34285714285716,302.4857142857143,300.5857142857143
2013,31,302.0857142857143,301.11428571428576,299.8,302.7714285714286,301.85714285714283,299.8285714285715
2013,32,299.2285714285714,298.3,296.9857142857143,299.8142857142857,298.90000000000003,296.90000000000003
2013,33,301.37142857142857,300.4714285714286,299.2142857142857,301.95714285714286,301.09999999999997,299.14285714285717
2013,34,302.0857142857143,301.14285714285717,299.8142857142857,302.7,301.7714285714286,299.74285714285713
2013,35,302.7142857142857,301.7714285714286,300.4857142857143,303.2857142857143,302.3285714285715,300.40000000000003
2013,36,303.9714285714286,303.0571428571429,301.8142857142857,304.54285714285714,303.4714285714286,301.7
2013,37,293.4714285714286,292.7285714285714,291.65714285714284,293.7142857142857,292.85714285714283,291.22857142857146
2013,38,297.04285714285714,296.3,295.25714285714287,297.4142857142857,296.54285714285714,294.95714285714286
2013,39,293.92857142857144,293.2,292.2,294.3142857142857,293.5,291.95714285714286
2013,40,292.8285714285715,292.2,291.31428571428575,293.12857142857143,292.2714285714286,290.92857142857144
2013,41,292.61428571428576,291.95714285714286,291.0,292.9857142857143,292.0857142857143,290.68571428571425
2013,42,283.9714285714286,283.31428571428575,282.42857142857144,284.25714285714287,283.35714285714283,281.9857142857143
2013,43,290.07142857142856,289.42857142857144,288.54285714285714,290.4,289.5285714285714,288.18571428571425
2013,44,286.7857142857143,286.2142857142857,285.3428571428571,287.0,286.4142857142857,285.04285714285714
2013,45,286.9714285714286,286.4,285.5,287.1,286.64285714285717,285.25714285714287
2013,46,288.24285714285713,287.6,286.62857142857143,288.5,288.0142857142857,286.57142857142856
2013,47,282.9142857142857,282.4,281.6,282.9714285714286,282.5857142857143,281.2714285714286
2013,48,283.2,282.68571428571425,281.8857142857143,283.2714285714286,282.9714285714286,281.75714285714287
2013,49,273.4857142857143,273.12857142857143,272.4857142857143,273.3285714285714,273.09999999999997,272.0857142857143
2013,50,280.2142857142857,279.74285714285713,279.0142857142857,280.37142857142857,280.14285714285717,279.1
2013,51,284.37142857142857,283.74285714285713,282.84285714285716,284.62857142857143,284.25714285714287,283.0285714285714
2013,52,282.1142857142857,281.5285714285714,280.65714285714284,282.31428571428575,281.92857142857144,280.7
2014,1,276.9142857142857,276.64285714285717,276.31428571428575,276.95714285714286,276.92857142857144,276.1714285714286
2014,2,281.3857142857143,280.9714285714286,280.3285714285715,281.3857142857143,281.25714285714287,280.2714285714286
2014,3,283.87142857142857,283.2285714285714,282.18571428571425,283.9428571428571,283.45714285714286,282.07142857142856
2014,4,284.14285714285717,283.68571428571425,282.95714285714286,284.24285714285713,283.87142857142857,282.81428571428575
2014,5,273.95714285714286,273.9428571428571,273.8857142857143,274.0142857142857,274.12857142857143,273.6142857142857
2014,6,269.9428571428572,270.25714285714287,270.7714285714286,270.0285714285714,270.4,270.4142857142857
2014,7,284.1,283.7,283.0857142857143,284.4428571428571,284.15714285714284,283.14285714285717
2014,8,283.81428571428575,283.1714285714286,282.24285714285713,284.24285714285713,283.6857142857143,282.4
2014,9,280.7142857142857,280.7,280.6714285714285,280.8857142857143,280.84285714285716,280.2714285714286
2014,10,286.3285714285714,285.7857142857143,284.92857142857144,286.7285714285714,286.25714285714287,285.0
2014,11,286.57142857142856,285.81428571428575,284.7142857142857,286.8857142857143,286.0571428571429,284.6142857142857
2014,12,284.0857142857143,283.2857142857143,282.24285714285713,284.4142857142857,283.5571428571429,282.24285714285713
2014,13,287.8,287.04285714285714,285.8857142857143,288.07142857142856,287.3,285.85714285714283
2014,14,283.61428571428576,283.04285714285714,281.95714285714286,284.2142857142857,283.4,281.7714285714286
2014,15,290.22857142857146,289.5571428571429,288.4428571428571,290.7285714285714,289.7714285714286,288.1
2014,16,289.87142857142857,289.2142857142857,288.1142857142857,290.42857142857144,289.74285714285713,288.14285714285717
2014,17,292.9428571428571,292.1714285714286,290.95714285714286,293.4428571428571,292.5285714285714,290.7714285714286
2014,18,290.3,289.7,288.54285714285714,291.0142857142857,290.14285714285717,288.45714285714286
2014,19,289.2,288.62857142857143,287.5857142857143,289.8142857142857,289.0,287.37142857142857
2014,20,287.8285714285714,287.2857142857143,286.2857142857143,288.5,287.62857142857143,285.9714285714286
2014,21,293.8142857142857,293.3,292.2857142857143,294.5142857142857,293.7142857142857,292.1142857142857
2014,22,298.7,298.11428571428576,297.0,299.42857142857144,298.5857142857143,296.85714285714283
2014,23,297.3,296.84285714285716,295.82857142857137,298.1857142857143,297.5142857142857,295.7142857142857
2014,24,297.8857142857143,297.38571428571424,296.2857142857143,298.8142857142857,298.12857142857143,296.3
2014,25,300.0142857142857,299.5571428571429,298.4,300.9428571428571,300.2714285714286,298.4142857142857
2014,26,300.7142857142857,300.2142857142857,299.11428571428576,301.62857142857143,300.9142857142857,299.0857142857143
2014,27,302.57142857142856,301.92857142857144,300.74285714285713,303.42857142857144,302.5857142857143,300.64285714285717
2014,28,302.40000000000003,301.74285714285713,300.59999999999997,303.2142857142857,302.4142857142857,300.4857142857143
2014,29,300.5285714285714,299.92857142857144,298.90000000000003,301.40000000000003,300.6714285714285,298.84285714285716
2014,30,303.3285714285715,302.8,301.74285714285713,304.2285714285714,303.4857142857143,301.64285714285717
2014,31,297.5142857142857,296.8,295.5857142857143,298.3,297.4714285714286,295.5571428571429
2014,32,299.9857142857143,299.2,297.9857142857143,300.64285714285717,299.7857142857143,297.88571428571424
2014,33,302.7142857142857,302.0285714285714,300.7857142857143,303.5142857142857,302.74285714285713,300.7714285714286
2014,34,299.8285714285715,299.1714285714285,297.9428571428571,300.59999999999997,299.75714285714287,297.8142857142857
2014,35,297.0,296.4428571428571,295.35714285714283,297.7714285714286,297.0142857142857,295.15714285714284
2014,36,297.42857142857144,296.95714285714286,296.07142857142856,298.1714285714285,297.35714285714283,295.84285714285716
2014,37,294.0142857142857,293.5857142857143,292.8142857142857,294.4857142857143,293.87142857142857,292.4714285714286
2014,38,299.5571428571429,298.87142857142857,297.8285714285715,300.1714285714285,299.2714285714286,297.64285714285717
2014,39,298.84285714285716,298.11428571428576,296.9857142857143,299.5571428571429,298.5571428571429,296.85714285714283
2014,40,290.64285714285717,289.9857142857143,289.0,291.1,290.1714285714286,288.68571428571425
2014,41,292.3857142857143,291.8,290.88571428571424,292.8285714285715,291.95714285714286,290.5571428571429
2014,42,293.6714285714285,293.11428571428576,292.3285714285715,294.0,293.2285714285714,291.9428571428571
2014,43,296.15714285714284,295.42857142857144,294.40000000000003,296.6857142857143,295.6714285714285,294.09999999999997
2014,44,289.27142857142854,288.81428571428575,288.24285714285713,289.4428571428571,289.0142857142857,287.8857142857143
2014,45,289.6714285714286,289.18571428571425,288.45714285714286,289.7285714285714,289.5,288.2714285714286
2014,46,272.5857142857143,272.74285714285713,273.1714285714286,272.2857142857143,272.8857142857143,272.5571428571429
2014,47,281.6714285714286,281.1142857142857,280.4,281.8285714285714,281.5,280.2
2014,48,285.4714285714286,284.7857142857143,283.9,285.8285714285714,285.3857142857143,283.8857142857143
2014,49,284.54285714285714,284.2714285714286,283.90000000000003,284.7285714285714,284.5571428571429,283.75714285714287
2014,50,285.68571428571425,285.62857142857143,285.4714285714286,285.74285714285713,285.84285714285716,285.2857142857143
2014,51,280.18571428571425,279.8,279.24285714285713,280.45714285714286,280.24285714285713,279.25714285714287
2014,52,275.14285714285717,274.84285714285716,274.38571428571424,275.35714285714283,275.2,274.31428571428575
2015,1,270.6714285714286,270.7,271.0,270.4857142857143,270.87142857142857,270.7857142857143
2015,2,283.87142857142857,283.57142857142856,283.18571428571425,283.8285714285714,283.8857142857143,283.3285714285714
2015,3,282.45714285714286,282.14285714285717,281.85714285714283,282.42857142857144,282.45714285714286,281.85714285714283
2015,4,281.2,280.54285714285714,279.7714285714286,281.5,281.04285714285714,279.9857142857143
2015,5,284.3,283.8428571428571,283.35714285714283,284.4142857142857,284.2,283.4714285714286
2015,6,287.85714285714283,286.9857142857143,285.9857142857143,288.2142857142857,287.57142857142856,286.2857142857143
2015,7,287.25714285714287,286.72857142857146,286.09999999999997,287.5,287.12857142857143,286.2142857142857
2015,8,277.0142857142857,276.64285714285717,276.42857142857144,277.0,276.9428571428571,276.37142857142857
2015,9,274.34285714285716,274.2857142857143,274.5857142857143,274.18571428571425,274.4714285714286,274.2857142857143
2015,10,278.90000000000003,278.68571428571425,278.7857142857143,278.7,279.0142857142857,278.57142857142856
2015,11,290.54285714285714,289.68571428571425,288.6142857142857,290.8857142857143,290.24285714285713,288.84285714285716
2015,12,290.37142857142857,289.5857142857143,288.7714285714286,290.68571428571425,290.18571428571425,288.9
2015,13,289.4428571428571,288.57142857142856,287.54285714285714,289.8,289.2,287.7714285714286
2015,14,289.2857142857143,288.85714285714283,287.8857142857143,290.0,289.3,287.6857142857143
2015,15,289.57142857142856,289.15714285714284,288.2,290.37142857142857,289.62857142857143,287.9857142857143
2015,16,285.45714285714286,285.0571428571429,284.24285714285713,286.24285714285713,285.57142857142856,284.0285714285714
2015,17,288.3857142857143,288.0285714285714,287.1714285714286,289.22857142857146,288.51428571428573,286.95714285714286
2015,18,291.3,290.9428571428571,290.1142857142857,292.12857142857143,291.5,289.9714285714286
2015,19,284.7857142857143,284.5142857142857,283.81428571428575,285.4714285714286,284.9428571428571,283.59999999999997
2015,20,289.4142857142857,288.9857142857143,288.0285714285714,290.42857142857144,289.62857142857143,287.9857142857143
2015,21,284.9428571428571,284.7714285714286,284.14285714285717,285.5285714285714,285.1714285714286,283.9
2015,22,293.42857142857144,292.9428571428571,291.9857142857143,294.34285714285716,293.5571428571429,291.9142857142857
2015,23,297.65714285714284,296.9142857142857,295.75714285714287,298.2857142857143,297.4428571428571,295.5857142857143
2015,24,297.90000000000003,297.11428571428576,295.9142857142857,298.57142857142856,297.6857142857143,295.7857142857143
2015,25,301.5,300.8,299.74285714285713,302.04285714285714,301.3,299.5285714285714
2015,26,302.40000000000003,301.6857142857143,300.62857142857143,302.9142857142857,302.1857142857143,300.40000000000003
2015,27,302.37142857142857,301.42857142857144,300.0571428571429,303.12857142857143,302.2142857142857,300.2857142857143
2015,28,296.7857142857143,295.85714285714283,294.5285714285714,297.4714285714286,296.6714285714285,294.7714285714286
2015,29,300.7714285714286,299.75714285714287,298.2714285714286,301.59999999999997,300.6714285714285,298.6714285714285
2015,30,301.5,300.45714285714286,298.9142857142857,302.40000000000003,301.4142857142857,299.34285714285716
2015,31,303.12857142857143,302.24285714285713,300.92857142857144,303.9714285714286,303.07142857142856,301.12857142857143
2015,32,302.65714285714284,301.90000000000003,300.7142857142857,303.5,302.7,300.75714285714287
2015,33,303.09999999999997,302.38571428571424,301.2,303.9428571428571,303.1714285714285,301.24285714285713
2015,34,299.54285714285714,298.9714285714286,298.0,300.11428571428576,299.54285714285714,297.88571428571424
2015,35,303.3,302.54285714285714,301.38571428571424,304.14285714285717,303.3285714285715,301.38571428571424
2015,36,301.12857142857143,300.38571428571424,299.1857142857143,301.88571428571424,300.84285714285716,299.04285714285714
2015,37,300.4714285714286,299.8,298.74285714285713,301.07142857142856,300.14285714285717,298.45714285714286
2015,38,298.74285714285713,298.09999999999997,297.0285714285714,299.3142857142857,298.37142857142857,296.65714285714284
2015,39,301.0142857142857,300.42857142857144,299.4142857142857,301.57142857142856,300.7142857142857,299.12857142857143
2015,40,295.87142857142857,295.34285714285716,294.5142857142857,296.04285714285714,295.34285714285716,294.0285714285714
2015,41,295.84285714285716,295.15714285714284,294.2285714285714,296.1857142857143,295.2714285714286,293.87142857142857
2015,42,296.3285714285715,295.7,294.7714285714286,296.61428571428576,295.74285714285713,294.38571428571424
2015,43,288.2142857142857,287.5285714285714,286.6,288.5857142857143,287.6714285714286,286.31428571428575
2015,44,288.34285714285716,287.6,286.54285714285714,288.7857142857143,287.8285714285714,286.2857142857143
2015,45,288.3,287.7142857142857,286.74285714285713,288.59999999999997,287.9857142857143,286.54285714285714
2015,46,286.9428571428571,286.4428571428571,285.5285714285714,287.15714285714284,286.6714285714286,285.25714285714287
2015,47,282.9,282.3285714285714,281.35714285714283,283.24285714285713,282.7,281.12857142857143
2015,48,277.7285714285714,277.75714285714287,277.8285714285715,277.7142857142857,277.8285714285714,277.2
2015,49,281.54285714285714,280.9857142857143,280.31428571428575,281.54285714285714,281.14285714285717,280.0857142857143
2015,50,284.8285714285715,284.2142857142857,283.5,284.87142857142857,284.3285714285714,283.3285714285714
2015,51,277.7857142857143,277.4714285714286,277.1714285714286,277.5857142857143,277.54285714285714,276.8285714285714
2015,52,275.3285714285714,274.7285714285714,274.12857142857143,275.4,274.90000000000003,273.9142857142857
2015,53,275.7285714285714,275.59999999999997,275.42857142857144,275.5857142857143,275.7,275.1
2016,1,276.25714285714287,276.0857142857143,275.8285714285714,276.12857142857143,276.4142857142857,275.7142857142857
2016,2,279.95714285714286,279.45714285714286,278.6714285714286,279.7714285714286,279.4714285714286,278.4428571428571
2016,3,283.0285714285714,282.74285714285713,281.95714285714286,283.1142857142857,283.25714285714287,282.18571428571425
2016,4,283.04285714285714,282.5285714285714,281.4428571428571,283.04285714285714,282.5285714285714,281.4
2016,5,275.12857142857143,274.74285714285713,274.14285714285717,275.2142857142857,275.3,274.2857142857143
2016,6,288.3285714285714,288.0142857142857,287.42857142857144,288.3,288.45714285714286,287.51428571428573
2016,7,289.6714285714286,289.1142857142857,287.90000000000003,290.0142857142857,289.42857142857144,288.11428571428576
2016,8,285.5571428571428,284.9857142857143,283.5,286.07142857142856,285.4428571428571,283.8428571428571
2016,9,288.8285714285714,288.24285714285713,287.0142857142857,289.2142857142857,288.5285714285714,287.1714285714285
2016,10,288.4142857142857,287.9,286.57142857142856,288.8857142857143,288.25714285714287,286.74285714285713
2016,11,280.0571428571429,279.2714285714286,277.57142857142856,280.31428571428575,279.42857142857144,277.75714285714287
2016,12,282.84285714285716,282.34285714285716,281.6142857142857,283.27142857142854,283.0285714285714,281.8
2016,13,285.1142857142857,284.4714285714286,283.2142857142857,285.5142857142857,284.6857142857143,283.18571428571425
2016,14,292.0142857142857,291.37142857142857,290.12857142857143,292.45714285714286,291.5142857142857,289.7714285714286
2016,15,285.8285714285715,285.3285714285714,284.31428571428575,286.4714285714286,285.7285714285714,284.1142857142857
2016,16,288.8857142857143,288.18571428571425,286.81428571428575,289.3857142857143,288.4714285714286,286.8285714285714
2016,17,280.07142857142856,279.57142857142856,278.6714285714286,280.5857142857143,280.0285714285714,278.62857142857143
2016,18,292.0,291.2714285714286,289.95714285714286,292.5,291.65714285714284,290.0
2016,19,289.75714285714287,289.1,288.07142857142856,289.9428571428572,289.5,288.12857142857143
2016,20,291.75714285714287,290.84285714285716,289.4857142857143,291.9428571428571,290.92857142857144,289.2
2016,21,293.0142857142857,292.2857142857143,291.07142857142856,293.4857142857143,292.62857142857143,290.8857142857143
2016,22,297.57142857142856,296.7,295.65714285714284,297.95714285714286,297.0857142857143,295.35714285714283
2016,23,302.2857142857143,301.37142857142857,300.2714285714286,302.88571428571424,301.90000000000003,299.9857142857143
2016,24,303.1714285714285,302.35714285714283,301.1857142857143,303.75714285714287,302.8142857142857,300.7714285714286
2016,25,302.4142857142857,301.7,300.64285714285717,303.04285714285714,302.3285714285715,300.4714285714286
2016,26,300.35714285714283,299.6857142857143,298.35714285714283,301.15714285714284,300.24285714285713,298.1857142857143
2016,27,305.4142857142857,304.5857142857143,303.0142857142857,306.11428571428576,305.15714285714284,302.9857142857143
2016,28,303.3142857142857,302.64285714285717,301.40000000000003,304.07142857142856,303.2428571428572,301.25714285714287
2016,29,305.4428571428571,304.85714285714283,303.42857142857144,306.4428571428571,305.45714285714286,303.3285714285715
2016,30,303.5285714285714,302.92857142857144,301.74285714285713,304.1857142857143,303.4714285714286,301.64285714285717
2016,31,301.3142857142857,300.5142857142857,299.2142857142857,302.04285714285714,300.9857142857143,299.12857142857143
2016,32,303.4142857142857,302.62857142857143,301.42857142857144,304.12857142857143,303.2285714285714,301.3285714285715
2016,33,301.24285714285713,300.37142857142857,299.11428571428576,301.9714285714286,300.9857142857143,299.0857142857143
2016,34,298.1714285714285,297.14285714285717,295.54285714285714,298.87142857142857,297.6857142857143,295.6714285714285
2016,35,299.8,299.0142857142857,297.6857142857143,300.5285714285714,299.4857142857143,297.5857142857143
2016,36,299.8285714285715,299.1714285714285,298.04285714285714,300.37142857142857,299.4714285714286,297.7285714285714
2016,37,295.0571428571429,294.4857142857143,293.42857142857144,295.57142857142856,294.84285714285716,293.12857142857143
2016,38,297.5142857142857,296.7142857142857,295.6714285714285,297.90000000000003,296.8142857142857,295.12857142857143
2016,39,297.54285714285714,296.88571428571424,295.8,298.1714285714285,297.2,295.4857142857143
2016,40,291.1142857142857,290.57142857142856,289.5285714285714,291.87142857142857,290.77142857142854,289.1714285714286
2016,41,296.0285714285714,295.5285714285714,294.5571428571429,296.5,295.7,294.2285714285714
2016,42,292.7285714285714,292.24285714285713,291.15714285714284,293.38571428571424,292.35714285714283,290.81428571428575
2016,43,296.59999999999997,295.92857142857144,294.59999999999997,297.12857142857143,295.9428571428571,294.2285714285714
2016,44,292.8142857142857,292.2285714285714,290.9,293.2857142857143,292.31428571428575,290.5857142857143
2016,45,291.42857142857144,290.7857142857143,289.4142857142857,291.87142857142857,290.9,289.1857142857143
2016,46,288.5857142857143,287.95714285714286,287.0,288.8,288.3857142857143,286.9142857142857
2016,47,284.8,284.1,282.75714285714287,285.04285714285714,284.1714285714286,282.5571428571429
2016,48,277.9857142857143,277.5571428571429,276.1142857142857,278.5285714285714,277.7714285714286,276.1714285714286
2016,49,275.92857142857144,275.7857142857143,274.8,276.25714285714287,276.0857142857143,275.0142857142857
2016,50,275.1571428571429,275.4,275.4428571428571,275.2285714285714,275.9714285714286,275.5571428571429
2016,51,282.5571428571429,282.37142857142857,281.6714285714286,282.7285714285714,282.64285714285717,281.6
2016,52,283.2,283.0142857142857,282.27142857142854,283.2142857142857,283.1714285714286,282.1142857142857
2017,1,271.87142857142857,271.5,271.27142857142854,271.6714285714286,271.9428571428571,271.15714285714284
2017,2,280.62857142857143,280.35714285714283,279.4714285714286,280.9,280.65714285714284,279.5142857142857
2017,3,280.6714285714286,280.3,279.4857142857143,280.87142857142857,280.84285714285716,279.75714285714287
2017,4,278.4428571428571,277.9142857142857,276.5571428571429,278.6714285714286,278.07142857142856,276.64285714285717
2017,5,282.5285714285714,282.12857142857143,281.4714285714286,282.34285714285716,282.1,281.3857142857143
2017,6,289.3285714285714,288.7714285714286,287.4857142857143,289.6571428571429,288.7142857142857,287.4714285714286
2017,7,289.0285714285714,288.4714285714286,287.2285714285714,289.4714285714286,288.5571428571429,287.31428571428575
2017,8,281.0,280.34285714285716,279.14285714285717,281.35714285714283,280.54285714285714,279.2857142857143
2017,9,285.64285714285717,285.0,283.7142857142857,286.0571428571429,285.18571428571425,283.7714285714286
2017,10,287.1142857142857,286.5142857142857,285.2857142857143,287.3285714285714,286.37142857142857,284.92857142857144
2017,11,295.12857142857143,294.5285714285714,293.2,295.6714285714285,294.7714285714286,293.15714285714284
2017,12,290.0142857142857,289.4857142857143,287.9857142857143,290.62857142857143,289.7142857142857,288.14285714285717
2017,13,284.34285714285716,283.6571428571429,282.4,284.8857142857143,284.0285714285714,282.4857142857143
2017,14,288.7857142857143,287.8285714285714,286.35714285714283,289.12857142857143,288.1714285714286,286.1714285714286
2017,15,293.9428571428571,293.07142857142856,291.81428571428575,294.34285714285716,293.35714285714283,291.4428571428571
2017,16,292.1,291.14285714285717,289.7714285714286,292.42857142857144,291.45714285714286,289.5142857142857
2017,17,284.74285714285713,283.9142857142857,282.5857142857143,285.37142857142857,284.51428571428573,282.6
2017,18,293.0857142857143,292.42857142857144,291.0142857142857,294.04285714285714,293.07142857142856,291.2285714285714
2017,19,292.8,292.0571428571429,290.68571428571425,293.37142857142857,292.37142857142857,290.6
2017,20,288.24285714285713,287.48571428571427,286.14285714285717,288.74285714285713,287.84285714285716,286.15714285714284
2017,21,293.4142857142857,292.4857142857143,290.95714285714286,293.9142857142857,292.87142857142857,290.92857142857144
2017,22,296.9428571428571,296.09999999999997,294.87142857142857,297.5142857142857,296.34285714285716,294.5
2017,23,300.62857142857143,299.85714285714283,298.5285714285714,301.18571428571425,300.12857142857143,298.2857142857143
2017,24,302.11428571428576,301.2857142857143,299.87142857142857,302.7285714285714,301.6714285714285,299.61428571428576
2017,25,299.75714285714287,299.0,297.5,300.5571428571429,299.59999999999997,297.5142857142857
2017,26,301.4428571428571,300.74285714285713,299.2857142857143,302.2142857142857,301.2142857142857,299.1714285714285
2017,27,304.45714285714286,303.8142857142857,302.42857142857144,305.3285714285715,304.5,302.4428571428571
2017,28,301.5571428571429,300.8285714285715,299.4428571428571,302.3,301.37142857142857,299.34285714285716
2017,29,305.09999999999997,304.1857142857143,302.5285714285714,305.88571428571424,304.7714285714286,302.59999999999997
2017,30,301.61428571428576,300.7285714285714,299.2,302.34285714285716,301.2857142857143,299.24285714285713
2017,31,299.5285714285714,298.7,297.4428571428571,300.12857142857143,299.12857142857143,297.34285714285716
2017,32,296.4428571428571,295.64285714285717,294.2714285714286,297.0571428571429,296.04285714285714,294.2714285714286
2017,33,301.34285714285716,300.42857142857144,298.9857142857143,301.9857142857143,300.7,298.8285714285715
2017,34,301.84285714285716,300.9142857142857,299.64285714285717,302.4857142857143,301.24285714285713,299.38571428571424
2017,35,303.5857142857143,302.7142857142857,301.45714285714286,304.1857142857143,303.09999999999997,301.2142857142857
2017,36,300.7,299.8142857142857,298.5571428571429,301.07142857142856,300.11428571428576,298.2714285714286
2017,37,299.4428571428571,298.54285714285714,297.35714285714283,299.8,298.6857142857143,296.88571428571424
2017,38,294.95714285714286,294.15714285714284,293.1857142857143,295.12857142857143,294.24285714285713,292.7142857142857
2017,39,288.6,287.6714285714286,286.2285714285714,288.9142857142857,287.7285714285714,286.0
2017,40,289.5285714285714,289.0142857142857,287.9,290.1,289.12857142857143,287.7285714285714
2017,41,289.14285714285717,288.35714285714283,287.18571428571425,289.35714285714283,288.4857142857143,287.18571428571425
2017,42,294.5285714285714,293.8,292.5,295.0571428571429,293.87142857142857,292.31428571428575
2017,43,288.7285714285714,288.1142857142857,287.1714285714286,289.24285714285713,288.3857142857143,287.07142857142856
2017,44,285.8142857142857,285.4142857142857,284.6142857142857,286.0,285.75714285714287,284.5285714285714
2017,45,282.25714285714287,282.2142857142857,281.6714285714286,282.4,282.81428571428575,281.77142857142854
2017,46,289.8,289.24285714285713,287.7,290.2857142857143,289.5142857142857,287.7
2017,47,291.5,290.9857142857143,289.5857142857143,292.0571428571429,291.2857142857143,289.57142857142856
2017,48,289.34285714285716,288.9428571428571,287.9857142857143,289.6,289.15714285714284,287.87142857142857
2017,49,282.6714285714285,282.1714285714286,280.90000000000003,282.9428571428571,282.5,280.9428571428571
2017,50,284.7142857142857,284.2714285714286,283.4428571428572,284.7714285714286,284.57142857142856,283.34285714285716
2017,51,280.2857142857143,279.87142857142857,279.2,280.31428571428575,280.15714285714284,279.0142857142857
2017,52,278.6,278.4714285714286,278.74285714285713,278.0,278.57142857142856,278.4857142857143
2018,1,283.15714285714284,282.5571428571429,282.34285714285716,282.5142857142857,282.8,282.1714285714286
2018,2,285.14285714285717,284.4714285714286,283.5571428571429,284.9857142857143,284.65714285714284,283.6
2018,3,281.0285714285714,280.3142857142857,279.42857142857144,280.84285714285716,280.3,279.31428571428575
2018,4,281.4714285714286,280.8,279.74285714285713,281.4714285714286,281.0,279.75714285714287
2018,5,284.0571428571429,283.90000000000003,283.34285714285716,283.8285714285714,284.14285714285717,283.4
2018,6,280.92857142857144,280.6857142857143,280.0571428571429,280.62857142857143,280.87142857142857,280.09999999999997
2018,7,284.37142857142857,283.92857142857144,282.75714285714287,284.4857142857143,284.24285714285713,283.0571428571429
2018,8,270.8,270.6142857142857,269.84285714285716,270.84285714285716,271.12857142857143,270.2
2018,9,287.37142857142857,286.75714285714287,285.31428571428575,287.81428571428575,286.98571428571427,285.45714285714286
2018,10,284.35714285714283,283.57142857142856,282.4142857142857,284.42857142857144,283.75714285714287,282.31428571428575
2018,11,287.57142857142856,286.68571428571425,285.24285714285713,287.87142857142857,286.87142857142857,285.2714285714286
2018,12,288.2,287.35714285714283,285.92857142857144,288.5571428571429,287.5,285.9142857142857
2018,13,283.7142857142857,283.1142857142857,281.95714285714286,283.8857142857143,283.2285714285714,281.9428571428571
2018,14,287.07142857142856,286.6142857142857,285.4857142857143,287.64285714285717,286.9714285714286,285.35714285714283
2018,15,289.98571428571427,289.2714285714286,287.81428571428575,290.5,289.2857142857143,287.4428571428571
2018,16,287.84285714285716,287.12857142857143,285.81428571428575,288.2142857142857,287.2142857142857,285.6142857142857
2018,17,290.7857142857143,290.3285714285715,289.1714285714286,291.5142857142857,290.5857142857143,289.0571428571429
2018,18,290.2714285714286,289.57142857142856,288.1714285714286,290.77142857142854,289.8285714285714,288.11428571428576
2018,19,294.7,293.95714285714286,292.54285714285714,295.0857142857143,294.2714285714286,292.62857142857143
2018,20,291.7857142857143,291.0857142857143,289.7857142857143,292.24285714285713,291.37142857142857,289.74285714285713
2018,21,300.12857142857143,299.24285714285713,297.6857142857143,300.5285714285714,299.2714285714286,297.4428571428571
2018,22,298.38571428571424,297.57142857142856,296.2142857142857,298.90000000000003,297.8142857142857,296.0142857142857
2018,23,305.12857142857143,304.2285714285714,302.87142857142857,305.75714285714287,304.4714285714286,302.5
2018,24,301.7,300.7285714285714,299.34285714285716,302.2142857142857,300.95714285714286,298.9857142857143
2018,25,298.11428571428576,297.3,295.8,298.7,297.64285714285717,295.64285714285717
2018,26,304.35714285714283,303.5,302.0142857142857,304.9857142857143,303.9857142857143,301.8285714285715
2018,27,305.14285714285717,304.34285714285716,302.9142857142857,305.92857142857144,305.0,302.8
2018,28,303.75714285714287,303.0,301.6714285714285,304.45714285714286,303.6714285714285,301.57142857142856
2018,29,305.4857142857143,304.6857142857143,303.3,306.1714285714285,305.37142857142857,303.3
2018,30,299.0285714285714,298.2857142857143,296.9714285714286,299.5571428571429,298.9714285714286,297.11428571428576
2018,31,301.12857142857143,300.4857142857143,299.14285714285717,301.9142857142857,301.0571428571429,299.14285714285717
2018,32,302.35714285714283,301.64285714285717,300.38571428571424,303.14285714285717,302.24285714285713,300.42857142857144
2018,33,300.5285714285714,299.8142857142857,298.5857142857143,301.2,300.38571428571424,298.5857142857143
2018,34,299.95714285714286,299.45714285714286,298.3142857142857,300.74285714285713,300.0142857142857,298.24285714285713
2018,35,301.2857142857143,300.57142857142856,299.37142857142857,301.92857142857144,301.14285714285717,299.25714285714287
2018,36,297.6857142857143,297.0,295.90000000000003,298.14285714285717,297.5285714285714,295.65714285714284
2018,37,304.5142857142857,303.84285714285716,302.57142857142856,305.12857142857143,304.3142857142857,302.35714285714283
2018,38,301.0,300.45714285714286,299.4714285714286,301.59999999999997,300.9142857142857,299.2
2018,39,292.88571428571424,292.4857142857143,291.98571428571427,293.12857142857143,293.0,291.7714285714286
2018,40,291.81428571428575,291.2,290.1714285714286,292.04285714285714,291.3,289.95714285714286
2018,41,279.74285714285713,279.0285714285714,277.95714285714286,279.87142857142857,279.12857142857143,277.87142857142857
2018,42,289.6571428571429,288.68571428571425,287.4714285714286,289.92857142857144,288.85714285714283,287.3
2018,43,292.5571428571429,291.7,290.4714285714286,292.84285714285716,291.84285714285716,290.2857142857143
2018,44,286.0285714285714,285.3857142857143,283.7857142857143,286.5142857142857,285.5,283.7142857142857
2018,45,280.0571428571429,279.68571428571425,278.42857142857144,280.4,279.81428571428575,278.25714285714287
2018,46,282.04285714285714,281.5857142857143,280.1714285714286,282.40000000000003,282.0142857142857,280.37142857142857
2018,47,285.0571428571429,284.4857142857143,282.8857142857143,285.37142857142857,284.42857142857144,282.74285714285713
2018,48,281.5,281.2714285714286,280.07142857142856,281.8,281.6714285714286,280.2714285714286
2018,49,277.81428571428575,277.3,275.7285714285714,278.14285714285717,277.4714285714286,275.9142857142857
2018,50,285.74285714285713,285.37142857142857,284.12857142857143,286.0285714285714,285.5857142857143,284.15714285714284
2018,51,284.18571428571425,283.7714285714286,282.6142857142857,284.4857142857143,284.04285714285714,282.5857142857143
2018,52,277.7714285714286,277.4,276.25714285714287,277.9,277.62857142857143,276.24285714285713
2019,1,280.9428571428572,280.62857142857143,280.2142857142857,281.0285714285714,281.1,280.1714285714286
2019,2,279.8,279.64285714285717,279.25714285714287,279.87142857142857,280.15714285714284,279.3142857142857
2019,3,282.3285714285714,281.92857142857144,281.4142857142857,282.54285714285714,282.6,281.6
2019,4,278.74285714285713,278.3285714285714,277.4714285714286,278.9428571428571,278.84285714285716,277.5571428571429
2019,5,282.24285714285713,281.87142857142857,281.2857142857143,282.3857142857143,282.1714285714286,281.34285714285716
2019,6,275.9142857142857,275.8,276.0142857142857,275.2714285714286,276.12857142857143,275.92857142857144
2019,7,282.12857142857143,281.8,280.7142857142857,282.2714285714286,281.95714285714286,280.8285714285714
2019,8,272.7,272.34285714285716,270.9428571428571,272.9857142857143,272.7,271.37142857142857
2019,9,277.4857142857143,277.45714285714286,277.6142857142857,277.31428571428575,278.18571428571425,277.8857142857143
2019,10,278.95714285714286,278.74285714285713,278.5285714285714,278.9,279.25714285714287,278.54285714285714
2019,11,281.37142857142857,280.9,280.0857142857143,281.72857142857146,281.5285714285714,280.31428571428575
2019,12,284.74285714285713,284.24285714285713,283.2142857142857,285.2857142857143,284.9142857142857,283.57142857142856
2019,13,286.07142857142856,285.6142857142857,284.7,286.6142857142857,286.07142857142856,284.7857142857143
2019,14,289.62857142857143,289.0,287.65714285714284,290.2285714285714,289.35714285714283,287.59999999999997
2019,15,285.2142857142857,284.7,283.64285714285717,285.8,285.2857142857143,283.64285714285717
2019,16,292.24285714285713,291.7,290.4,292.95714285714286,292.15714285714284,290.42857142857144
2019,17,291.2142857142857,290.64285714285717,289.4428571428571,291.9714285714286,291.18571428571425,289.4857142857143
2019,18,285.92857142857144,285.37142857142857,284.07142857142856,286.48571428571427,285.9714285714286,284.3
2019,19,285.5857142857143,285.0857142857143,283.75714285714287,286.3285714285714,285.7714285714286,283.9714285714286
2019,20,293.9142857142857,293.2714285714286,291.7285714285714,294.7,293.8,291.84285714285716
2019,21,285.7,284.9,283.4142857142857,286.14285714285717,285.3,283.4857142857143
2019,22,292.8285714285715,292.04285714285714,290.8142857142857,293.42857142857144,292.4,290.54285714285714
2019,23,297.5857142857143,296.9142857142857,295.85714285714283,298.4142857142857,297.4428571428571,295.65714285714284
2019,24,298.61428571428576,297.8,296.5857142857143,299.3,298.15714285714284,296.1714285714285
2019,25,294.07142857142856,293.34285714285716,292.1,294.7857142857143,293.8285714285715,291.74285714285713
2019,26,303.62857142857143,302.85714285714283,301.4428571428571,304.45714285714286,303.35714285714283,301.12857142857143
2019,27,301.04285714285714,300.4714285714286,299.11428571428576,302.09999999999997,301.4857142857143,299.2714285714286
2019,28,303.8285714285715,303.24285714285713,301.90000000000003,304.84285714285716,304.0285714285714,301.8285714285715
2019,29,305.37142857142857,304.85714285714283,303.7,306.37142857142857,305.7285714285714,303.6714285714285
2019,30,302.92857142857144,302.38571428571424,301.09999999999997,304.0285714285714,303.1714285714285,301.04285714285714
2019,31,303.92857142857144,303.4428571428571,302.0571428571429,305.07142857142856,304.24285714285713,302.1714285714285
2019,32,303.2142857142857,302.62857142857143,301.24285714285713,304.2285714285714,303.37142857142857,301.2857142857143
2019,33,304.4142857142857,303.8,302.54285714285714,305.25714285714287,304.54285714285714,302.64285714285717
2019,34,304.1714285714285,303.42857142857144,302.12857142857143,304.92857142857144,304.04285714285714,302.09999999999997
2019,35,302.15714285714284,301.54285714285714,300.38571428571424,302.9142857142857,302.1714285714285,300.38571428571424
2019,36,302.04285714285714,301.4714285714286,300.5571428571429,302.65714285714284,302.0857142857143,300.35714285714283
2019,37,299.7857142857143,299.1714285714285,298.0,300.35714285714283,299.57142857142856,297.7
2019,38,299.8142857142857,299.07142857142856,297.84285714285716,300.35714285714283,299.4142857142857,297.5857142857143
2019,39,299.2857142857143,298.6714285714285,297.74285714285713,299.7285714285714,299.07142857142856,297.4714285714286
2019,40,290.2285714285714,289.84285714285716,289.3857142857143,290.4142857142857,289.84285714285716,288.88571428571424
2019,41,290.4142857142857,289.85714285714283,288.87142857142857,290.8285714285714,289.87142857142857,288.42857142857144
2019,42,291.3285714285714,290.7142857142857,289.6714285714286,291.74285714285713,290.6,289.1571428571429
2019,43,283.68571428571425,283.2285714285714,282.1714285714286,284.2142857142857,283.3,281.7714285714286
2019,44,276.8857142857143,276.4,275.92857142857144,276.5857142857143,276.68571428571425,275.7
2019,45,289.37142857142857,289.0285714285714,288.1714285714286,289.57142857142856,289.37142857142857,287.9714285714286
2019,46,286.34285714285716,285.95714285714286,284.85714285714283,286.74285714285713,286.2857142857143,284.7285714285714
2019,47,284.5571428571429,284.0,283.0,284.7857142857143,284.3285714285714,282.85714285714283
2019,48,272.68571428571425,272.74285714285713,273.04285714285714,272.5571428571429,273.42857142857144,272.9857142857143
2019,49,284.62857142857143,284.2857142857143,283.3857142857143,284.9142857142857,284.81428571428575,283.5285714285714
2019,50,278.4428571428571,278.25714285714287,277.35714285714283,278.7285714285714,278.65714285714284,277.4428571428571
2019,51,283.64285714285717,283.1,282.4,283.62857142857143,283.14285714285717,282.0285714285714
2019,52,279.4142857142857,279.1,278.5142857142857,279.38571428571424,279.45714285714286,278.35714285714283
2020,1,280.84285714285716,280.5285714285714,279.68571428571425,281.04285714285714,280.88571428571424,279.64285714285717
2020,2,281.0571428571429,280.5285714285714,279.54285714285714,281.0571428571429,280.75714285714287,279.5571428571429
2020,3,281.0,280.7,280.07142857142856,280.9428571428571,280.9428571428571,279.98571428571427
2020,4,283.4857142857143,283.1142857142857,282.25714285714287,283.62857142857143,283.42857142857144,282.25714285714287
2020,5,284.25714285714287,283.74285714285713,282.68571428571425,284.4,283.81428571428575,282.5571428571428
2020,6,273.25714285714287,272.9,272.5857142857143,273.1714285714285,273.3,272.54285714285714
2020,7,278.2285714285714,277.92857142857144,277.84285714285716,278.14285714285717,278.5142857142857,277.9857142857143
2020,8,278.9857142857143,278.5857142857143,278.0142857142857,279.18571428571425,279.1571428571429,278.3
2020,9,280.7285714285714,280.01428571428573,279.0,280.9142857142857,280.2285714285714,279.0
2020,10,288.6714285714286,288.1,286.9857142857143,289.2,288.45714285714286,287.04285714285714
2020,11,285.2714285714286,284.72857142857146,283.6714285714286,285.5285714285714,284.9142857142857,283.6
2020,12,282.3285714285714,281.9,281.1714285714286,282.5571428571428,282.3142857142857,281.2
2020,13,285.5285714285714,284.7714285714286,283.57142857142856,285.8142857142857,284.9,283.5
2020,14,286.25714285714287,285.42857142857144,284.1142857142857,286.6714285714286,285.7142857142857,284.0
2020,15,289.8285714285714,289.1,287.9857142857143,290.3285714285714,289.54285714285714,287.8
2020,16,280.54285714285714,280.0142857142857,279.1714285714286,280.8,280.4714285714286,278.95714285714286
2020,17,291.2285714285714,290.5,289.2142857142857,291.81428571428575,290.87142857142857,289.0142857142857
2020,18,296.2285714285714,295.5285714285714,294.45714285714286,296.8,296.0857142857143,294.37142857142857
2020,19,291.5142857142857,291.0,290.04285714285714,292.2142857142857,291.7857142857143,290.07142857142856
2020,20,292.7285714285714,292.2,291.34285714285716,293.2285714285714,292.8,291.2
2020,21,298.65714285714284,297.87142857142857,296.54285714285714,299.2285714285714,298.3142857142857,296.35714285714283
2020,22,298.0,297.3142857142857,296.2857142857143,298.5571428571429,297.84285714285716,296.11428571428576
2020,23,304.0285714285714,303.12857142857143,301.8,304.7142857142857,303.65714285714284,301.64285714285717
2020,24,299.9142857142857,298.95714285714286,297.59999999999997,300.5571428571429,299.35714285714283,297.2857142857143
2020,25,300.5857142857143,299.7,298.3285714285715,301.14285714285717,300.15714285714284,298.0285714285714
2020,26,302.6857142857143,301.85714285714283,300.54285714285714,303.4142857142857,302.4857142857143,300.3285714285715
2020,27,302.8285714285715,302.09999999999997,300.62857142857143,303.7,302.8285714285715,300.65714285714284
2020,28,306.3142857142857,305.6714285714285,304.14285714285717,307.24285714285713,306.4714285714286,304.3142857142857
2020,29,303.59999999999997,302.7714285714286,301.2857142857143,304.40000000000003,303.7142857142857,301.7142857142857
2020,30,303.0285714285714,302.35714285714283,300.7714285714286,304.09999999999997,303.3285714285715,301.0571428571429
2020,31,301.54285714285714,300.88571428571424,299.4714285714286,302.40000000000003,301.59999999999997,299.61428571428576
2020,32,305.42857142857144,304.57142857142856,303.09999999999997,306.15714285714284,305.24285714285713,303.3285714285715
2020,33,305.5285714285714,304.7,303.24285714285713,306.15714285714284,305.3,303.38571428571424
2020,34,306.2142857142857,305.38571428571424,303.85714285714283,306.88571428571424,305.9857142857143,304.0142857142857
2020,35,303.3,302.4428571428571,301.0285714285714,303.9428571428571,302.95714285714286,301.0857142857143
2020,36,302.62857142857143,302.0142857142857,300.8,303.2285714285714,302.65714285714284,300.85714285714283
2020,37,290.5142857142857,289.4428571428571,287.87142857142857,290.74285714285713,289.7857142857143,287.8857142857143
2020,38,300.2857142857143,299.45714285714286,298.09999999999997,300.75714285714287,299.84285714285716,298.0285714285714
2020,39,299.3,298.5571428571429,297.35714285714283,299.8,298.92857142857144,297.2714285714286
2020,40,294.11428571428576,293.3285714285715,291.95714285714286,294.5142857142857,293.57142857142856,292.04285714285714
2020,41,299.6714285714285,298.84285714285716,297.5285714285714,299.95714285714286,298.8142857142857,297.2285714285714
2020,42,292.64285714285717,292.0857142857143,291.35714285714283,292.8,292.42857142857144,291.2142857142857
2020,43,282.7714285714286,282.6,282.7714285714286,282.5571428571429,283.0857142857143,282.6714285714286
2020,44,285.62857142857143,284.9857142857143,283.9857142857143,285.7142857142857,285.3,283.9714285714286
2020,45,295.40000000000003,294.64285714285717,293.2285714285714,295.61428571428576,294.7714285714286,293.09999999999997
2020,46,282.48571428571427,281.72857142857146,279.98571428571427,282.85714285714283,281.9857142857143,280.0285714285714
2020,47,288.7,288.1142857142857,286.9714285714286,288.7714285714286,288.2714285714286,286.8285714285714
2020,48,281.2857142857143,280.75714285714287,280.15714285714284,281.37142857142857,281.2142857142857,280.12857142857143
2020,49,282.6857142857143,282.18571428571425,281.4142857142857,283.0142857142857,282.9428571428571,281.6857142857143
2020,50,280.14285714285717,279.81428571428575,279.4857142857143,280.15714285714284,280.2857142857143,279.4428571428572
2020,51,279.1714285714286,278.7285714285714,278.04285714285714,279.24285714285713,279.2285714285714,278.04285714285714
2020,52,285.4857142857143,284.74285714285713,283.3,285.6,284.7857142857143,283.1142857142857
2020,53,278.2142857142857,277.74285714285713,277.15714285714284,278.15714285714284,278.0142857142857,276.92857142857144
2021,1,279.42857142857144,278.95714285714286,278.0571428571429,279.5,279.4142857142857,278.2142857142857
2021,2,282.6142857142857,282.14285714285717,281.3,282.7142857142857,282.6714285714286,281.4428571428571
2021,3,279.81428571428575,279.35714285714283,278.4142857142857,279.92857142857144,279.81428571428575,278.65714285714284
2021,4,279.45714285714286,279.2714285714286,278.68571428571425,279.4428571428571,279.7857142857143,278.85714285714283
2021,5,284.8,284.2285714285714,282.88571428571424,285.0285714285714,284.31428571428575,282.9142857142857
2021,6,267.2,267.37142857142857,268.37142857142857,266.6142857142857,267.9714285714286,268.4428571428571
2021,7,277.8,277.4857142857143,276.42857142857144,277.84285714285716,277.87142857142857,276.7285714285714
2021,8,280.8857142857143,280.4,279.2714285714286,281.0142857142857,280.7714285714286,279.40000000000003
2021,9,287.4428571428571,286.7714285714286,285.5285714285714,287.75714285714287,287.12857142857143,285.74285714285713
2021,10,281.35714285714283,280.7142857142857,279.4857142857143,281.7,280.92857142857144,279.62857142857143
2021,11,282.57142857142856,282.0142857142857,281.4857142857143,282.4714285714286,282.85714285714283,281.9
2021,12,281.5571428571429,280.7714285714286,279.65714285714284,281.74285714285713,281.0,279.7142857142857
2021,13,291.04285714285714,290.3,288.9142857142857,291.5142857142857,290.54285714285714,288.95714285714286
2021,14,288.7142857142857,288.18571428571425,287.2,289.18571428571425,288.6571428571429,287.12857142857143
2021,15,278.07142857142856,277.4857142857143,276.2,278.5142857142857,277.7285714285714,276.14285714285717
2021,16,282.5857142857143,282.0571428571429,281.3,282.9142857142857,282.4142857142857,281.1857142857143
2021,17,293.14285714285717,292.5571428571428,291.3,293.92857142857144,293.12857142857143,291.38571428571424
2021,18,288.8,288.24285714285713,287.3285714285714,289.45714285714286,288.85714285714283,287.2857142857143
2021,19,287.65714285714284,287.1142857142857,286.12857142857143,288.24285714285713,287.74285714285713,286.2285714285714
2021,20,294.12857142857143,293.4142857142857,292.3857142857143,294.5571428571429,293.8285714285715,292.2
2021,21,295.0857142857143,294.42857142857144,293.5285714285714,295.45714285714286,294.90000000000003,293.3285714285715
2021,22,298.04285714285714,297.2285714285714,295.75714285714287,298.90000000000003,297.85714285714283,295.85714285714283
2021,23,303.3,302.54285714285714,301.0571428571429,304.2285714285714,303.07142857142856,301.0571428571429
2021,24,305.0,304.37142857142857,302.92857142857144,306.09999999999997,305.24285714285713,303.0857142857143
2021,25,298.45714285714286,297.75714285714287,296.12857142857143,299.54285714285714,298.4857142857143,296.1714285714285
2021,26,299.0571428571429,298.34285714285716,296.6857142857143,300.11428571428576,299.14285714285717,296.8285714285715
2021,27,303.11428571428576,302.3285714285715,300.64285714285717,304.2,303.2714285714286,300.9857142857143
2021,28,302.3285714285715,301.5142857142857,300.0857142857143,303.0571428571429,302.11428571428576,299.9857142857143
2021,29,305.0,304.2714285714286,302.7285714285714,306.11428571428576,305.1714285714285,302.84285714285716
2021,30,303.25714285714287,302.5,300.9428571428571,304.3142857142857,303.34285714285716,301.14285714285717
2021,31,301.59999999999997,300.87142857142857,299.2857142857143,302.45714285714286,301.4857142857143,299.40000000000003
2021,32,303.90000000000003,303.14285714285717,301.54285714285714,304.74285714285713,303.75714285714287,301.7857142857143
2021,33,301.84285714285716,300.9857142857143,299.3285714285715,302.5857142857143,301.5,299.37142857142857
2021,34,302.1714285714285,301.5,300.2142857142857,302.92857142857144,302.15714285714284,300.3142857142857
2021,35,302.1714285714285,301.4714285714286,300.09999999999997,302.95714285714286,302.09999999999997,300.12857142857143
2021,36,305.0,304.2142857142857,302.8142857142857,305.62857142857143,304.8,302.82857142857137
2021,37,301.57142857142856,300.7142857142857,299.2857142857143,301.9857142857143,301.1857142857143,299.3142857142857
2021,38,297.4142857142857,296.7714285714286,295.5571428571429,298.07142857142856,297.3285714285715,295.57142857142856
2021,39,295.0,294.59999999999997,293.6714285714285,295.7714285714286,295.07142857142856,293.45714285714286
2021,40,296.54285714285714,295.9714285714286,294.7857142857143,297.14285714285717,296.12857142857143,294.5
2021,41,288.4428571428571,288.0285714285714,287.0571428571429,288.98571428571427,288.2142857142857,286.7142857142857
2021,42,292.0285714285714,291.4857142857143,290.5285714285714,292.45714285714286,291.68571428571425,290.3
2021,43,289.92857142857144,289.4142857142857,288.3285714285714,290.4,289.64285714285717,288.12857142857143
2021,44,289.15714285714284,288.81428571428575,288.0285714285714,289.5571428571428,289.25714285714287,287.8857142857143
2021,45,286.57142857142856,286.24285714285713,285.0857142857143,287.0142857142857,286.64285714285717,285.0285714285714
2021,46,287.4714285714286,286.9714285714286,285.6714285714286,287.95714285714286,287.68571428571425,285.9142857142857
2021,47,289.07142857142856,288.40000000000003,287.25714285714287,289.3857142857143,288.9428571428571,287.2714285714286
2021,48,292.15714285714284,291.84285714285716,290.95714285714286,292.5571428571429,292.45714285714286,291.07142857142856
2021,49,283.2857142857143,283.1,281.9857142857143,283.7857142857143,283.75714285714287,282.3857142857143
2021,50,284.7714285714286,284.54285714285714,283.65714285714284,285.1,285.2285714285714,283.8285714285714
2021,51,287.9142857142857,287.2857142857143,285.7285714285714,288.37142857142857,287.6,285.7714285714286
2021,52,276.18571428571425,275.6571428571429,274.65714285714284,276.22857142857146,276.14285714285717,274.9142857142857
2022,1,279.6,279.5,279.92857142857144,279.31428571428575,280.3142857142857,279.9142857142857
2022,2,285.45714285714286,284.95714285714286,284.22857142857146,285.74285714285713,285.9,284.74285714285713
2022,3,278.85714285714283,278.5857142857143,277.9142857142857,279.2142857142857,279.3285714285714,278.3285714285714
2022,4,279.25714285714287,278.87142857142857,278.6142857142857,279.45714285714286,279.68571428571425,278.84285714285716
2022,5,276.07142857142856,275.5285714285714,274.74285714285713,275.9857142857143,275.65714285714284,274.7142857142857
2022,6,283.4142857142857,282.9142857142857,282.0142857142857,283.62857142857143,283.2,282.0
2022,7,283.0142857142857,282.74285714285713,281.8,283.24285714285713,283.14285714285717,282.04285714285714
2022,8,272.9857142857143,272.7714285714286,272.14285714285717,273.2857142857143,273.25714285714287,272.34285714285716
2022,9,287.0,286.25714285714287,284.95714285714286,287.14285714285717,286.57142857142856,285.2142857142857
2022,10,276.2857142857143,275.84285714285716,274.85714285714283,276.62857142857143,276.4,275.1142857142857
2022,11,285.7285714285714,285.2142857142857,284.0571428571429,286.37142857142857,285.9,284.45714285714286
2022,12,287.7,287.2,286.09999999999997,288.2142857142857,287.8142857142857,286.4428571428571
2022,13,287.9428571428571,287.4,286.31428571428575,288.54285714285714,288.04285714285714,286.5285714285714
2022,14,288.25714285714287,287.65714285714284,286.34285714285716,288.8285714285714,288.04285714285714,286.2285714285714
2022,15,286.34285714285716,285.65714285714284,284.37142857142857,286.72857142857146,285.88571428571424,284.0285714285714
2022,16,293.1857142857143,292.64285714285717,291.4428571428571,293.90000000000003,293.09999999999997,291.3
2022,17,291.62857142857143,290.9428571428571,289.5285714285714,292.3857142857143,291.5,289.5857142857143
2022,18,291.42857142857144,290.5571428571429,289.15714285714284,291.8857142857143,291.0571428571429,289.24285714285713
2022,19,297.0,296.09999999999997,294.6857142857143,297.4857142857143,296.45714285714286,294.5571428571429
2022,20,293.0142857142857,292.1142857142857,290.9142857142857,293.40000000000003,292.4428571428572,290.6714285714286
2022,21,295.7142857142857,294.85714285714283,293.5285714285714,296.12857142857143,295.1714285714285,293.2714285714286
2022,22,293.2285714285714,292.4857142857143,291.24285714285713,293.92857142857144,292.9857142857143,291.0571428571429
2022,23,301.85714285714283,301.15714285714284,299.7142857142857,302.8142857142857,301.8142857142857,299.8142857142857
2022,24,304.0,303.11428571428576,301.38571428571424,304.85714285714283,303.6714285714285,301.3142857142857
2022,25,298.74285714285713,297.9857142857143,296.5142857142857,299.7142857142857,298.7285714285714,296.5
2022,26,302.11428571428576,301.37142857142857,299.7857142857143,303.14285714285717,301.9857142857143,299.65714285714284
2022,27,305.09999999999997,304.3142857142857,302.54285714285714,306.12857142857143,304.87142857142857,302.5142857142857
2022,28,305.0,304.25714285714287,302.5285714285714,306.0285714285714,304.9142857142857,302.64285714285717
2022,29,305.7142857142857,304.8142857142857,303.25714285714287,306.57142857142856,305.4428571428571,303.2285714285714
2022,30,301.25714285714287,300.5857142857143,299.11428571428576,302.2714285714286,301.4142857142857,299.2714285714286
2022,31,305.2142857142857,304.2285714285714,302.6857142857143,306.0571428571429,304.95714285714286,302.7714285714286
2022,32,305.0,303.9142857142857,302.42857142857144,305.84285714285716,304.7285714285714,302.59999999999997
2022,33,298.85714285714283,297.8,296.4428571428571,299.6857142857143,298.7,296.62857142857143
2022,34,301.8285714285715,300.7,299.5571428571429,302.7142857142857,301.8,299.7714285714286
2022,35,304.54285714285714,303.7,302.24285714285713,305.45714285714286,304.5142857142857,302.37142857142857
2022,36,299.7285714285714,298.9857142857143,297.57142857142856,300.37142857142857,299.5285714285714,297.5
2022,37,300.09999999999997,299.2857142857143,297.65714285714284,300.8,299.5571428571429,297.34285714285716
2022,38,297.15714285714284,296.59999999999997,295.4428571428571,297.8285714285715,297.07142857142856,295.2
2022,39,298.09999999999997,297.2,295.87142857142857,298.4857142857143,297.3142857142857,295.5
2022,40,291.65714285714284,290.9714285714286,289.92857142857144,291.95714285714286,291.18571428571425,289.9
2022,41,293.07142857142856,292.37142857142857,291.15714285714284,293.5857142857143,292.6857142857143,291.15714285714284
2022,42,294.7285714285714,293.92857142857144,292.5857142857143,295.2142857142857,294.1714285714285,292.61428571428576
2022,43,286.2285714285714,285.2857142857143,283.7142857142857,286.65714285714284,285.5571428571429,283.85714285714283
2022,44,288.24285714285713,287.38571428571424,285.68571428571425,288.31428571428575,287.37142857142857,285.62857142857143
2022,45,284.5142857142857,284.0857142857143,283.1714285714286,284.4,284.1,282.9
2022,46,275.7714285714286,275.37142857142857,274.35714285714283,276.07142857142856,275.84285714285716,274.4142857142857
2022,47,284.57142857142856,283.9714285714286,282.7285714285714,284.7285714285714,284.0,282.62857142857143
2022,48,282.34285714285716,281.85714285714283,280.9857142857143,282.3,282.0857142857143,280.9857142857143
2022,49,284.12857142857143,283.6142857142857,282.3285714285714,284.2857142857143,283.64285714285717,282.3
2022,50,276.31428571428575,275.81428571428575,274.81428571428575,276.4714285714286,276.3,275.04285714285714
2022,51,276.07142857142856,275.65714285714284,274.9714285714286,275.9142857142857,275.85714285714283,275.0
2022,52,282.8285714285714,282.0857142857143,281.24285714285713,282.48571428571427,282.4857142857143,281.24285714285713
2023,1,277.54285714285714,277.1714285714286,276.68571428571425,277.3285714285714,277.37142857142857,276.5142857142857
2023,2,283.7714285714286,283.2,282.45714285714286,283.6714285714285,283.5571428571429,282.4142857142857
2023,3,275.7857142857143,275.3,274.0571428571429,276.1,275.7142857142857,274.24285714285713
2023,4,273.4142857142857,272.87142857142857,271.9714285714286,273.4857142857143,273.1,271.9142857142857
2023,5,279.04285714285714,278.8285714285714,278.38571428571424,278.81428571428575,278.9714285714286,278.22857142857146
2023,6,281.9142857142857,281.57142857142856,280.12857142857143,281.92857142857144,281.40000000000003,279.9
2023,7,279.7857142857143,279.6,278.3285714285714,279.9714285714286,279.6142857142857,278.25714285714287
2023,8,281.0,280.84285714285716,279.4714285714286,281.15714285714284,280.6714285714285,279.37142857142857
2023,9,282.8,282.2,280.5142857142857,283.2,282.2,280.5285714285714
2023,10,280.64285714285717,279.8857142857143,278.0142857142857,281.0857142857143,280.07142857142856,278.0142857142857
2023,11,283.1142857142857,282.34285714285716,280.54285714285714,283.8857142857143,282.75714285714287,280.64285714285717
2023,12,280.37142857142857,279.4857142857143,277.62857142857143,281.1714285714286,279.8,277.6142857142857
2023,13,284.5,283.6714285714286,282.3,285.0571428571429,284.0571428571429,282.1714285714286
2023,14,283.9428571428571,283.07142857142856,281.8142857142857,284.6142857142857,283.64285714285717,281.74285714285713
2023,15,291.85714285714283,291.14285714285717,289.9142857142857,292.42857142857144,291.4857142857143,289.5285714285714
2023,16,285.64285714285717,284.81428571428575,283.74285714285713,286.2714285714286,285.2857142857143,283.37142857142857
2023,17,289.2857142857143,288.5,287.2857142857143,290.0571428571429,289.0857142857143,287.1142857142857
2023,18,293.87142857142857,293.0285714285714,291.2714285714286,294.7285714285714,293.34285714285716,291.0285714285714
2023,19,288.5571428571429,287.5285714285714,286.1714285714286,289.38571428571424,288.11428571428576,286.0
2023,20,292.14285714285717,291.42857142857144,289.9,292.85714285714283,291.7285714285714,289.57142857142856
2023,21,295.9857142857143,295.40000000000003,293.75714285714287,296.64285714285717,295.5571428571429,293.34285714285716
2023,22,294.5857142857143,293.6714285714285,292.14285714285717,295.1714285714285,293.7857142857143,291.65714285714284
2023,23,295.42857142857144,294.87142857142857,292.9857142857143,296.3285714285715,294.85714285714283,292.45714285714286
2023,24,293.8857142857143,293.1714285714285,291.5142857142857,294.75714285714287,293.35714285714283,291.0285714285714
2023,25,300.8285714285715,300.24285714285713,298.3,301.64285714285717,300.3,297.7714285714286
2023,26,299.61428571428576,298.92857142857144,297.3285714285715,300.45714285714286,299.2714285714286,296.9714285714286
2023,27,296.59999999999997,295.9142857142857,294.15714285714284,297.35714285714283,296.11428571428576,293.8142857142857
2023,28,302.6714285714285,302.14285714285717,300.3,303.61428571428576,302.3,299.87142857142857
2023,29,303.09999999999997,302.5142857142857,300.8142857142857,303.9857142857143,302.8142857142857,300.4857142857143
2023,30,305.2142857142857,304.64285714285717,302.7714285714286,306.09999999999997,304.9428571428571,302.62857142857143
2023,31,300.0857142857143,299.3142857142857,297.75714285714287,301.1714285714285,299.92857142857144,297.7285714285714
2023,32,300.11428571428576,299.07142857142856,297.6857142857143,301.0285714285714,299.74285714285713,297.7
2023,33,304.54285714285714,303.7,302.14285714285717,305.61428571428576,304.3,302.09999999999997
2023,34,301.7142857142857,300.7857142857143,299.2714285714286,302.7714285714286,301.4714285714286,299.2285714285714
2023,35,303.25714285714287,302.3,300.54285714285714,304.2,302.6714285714285,300.38571428571424
2023,36,300.04285714285714,299.25714285714287,297.7285714285714,300.74285714285713,299.37142857142857,297.24285714285713
2023,37,294.7714285714286,293.90000000000003,292.1714285714286,295.5142857142857,293.9428571428571,291.7142857142857
2023,38,297.5285714285714,296.65714285714284,295.0857142857143,298.2857142857143,296.6857142857143,294.5857142857143
2023,39,300.7142857142857,299.7857142857143,298.24285714285713,301.3285714285715,299.7285714285714,297.7142857142857
2023,40,292.9428571428571,291.95714285714286,290.5571428571429,293.7142857142857,291.9714285714286,290.0857142857143
2023,41,290.9714285714286,290.2285714285714,288.65714285714284,291.5571428571429,289.9714285714286,288.2142857142857
2023,42,297.45714285714286,296.54285714285714,295.3285714285715,298.0571428571429,296.5285714285714,294.90000000000003
2023,43,283.2714285714286,282.64285714285717,281.90000000000003,283.45714285714286,282.57142857142856,281.3285714285715
2023,44,289.34285714285716,288.5142857142857,287.2285714285714,289.8142857142857,288.7,286.81428571428575
2023,45,288.0571428571428,287.12857142857143,285.24285714285713,288.65714285714284,287.3,284.9428571428571
2023,46,290.5142857142857,289.54285714285714,287.9428571428571,291.1714285714286,289.9714285714286,287.81428571428575
2023,47,278.1142857142857,277.54285714285714,276.0571428571429,278.4428571428571,277.7714285714286,275.87142857142857
2023,48,280.84285714285716,280.3285714285714,279.14285714285717,281.0571428571428,280.6142857142857,279.04285714285714
2023,49,284.7285714285714,283.92857142857144,282.57142857142856,285.4857142857143,284.54285714285714,282.54285714285714
2023,50,281.37142857142857,280.87142857142857,279.64285714285717,281.6714285714285,281.12857142857143,279.4857142857143
2023,51,284.45714285714286,283.74285714285713,282.2714285714286,285.0571428571429,284.07142857142856,282.12857142857143
2023,52,279.9,279.6714285714285,279.1142857142857,280.2142857142857,280.2857142857143,279.0285714285714
2024,1,278.0571428571429,277.37142857142857,276.1,278.5857142857143,277.1714285714286,275.65714285714284
2024,2,269.3,268.65714285714284,268.15714285714284,269.4428571428571,268.7857142857143,267.8857142857143
2024,3,276.81428571428575,276.5285714285714,276.04285714285714,276.87142857142857,276.84285714285716,276.1142857142857
2024,4,282.9714285714286,282.1,280.5857142857143,283.57142857142856,282.04285714285714,280.4428571428572
2024,5,284.42857142857144,283.6714285714286,282.2,284.9857142857143,283.5571428571429,282.1142857142857
2024,6,279.0285714285714,278.3,277.2857142857143,279.38571428571424,278.09999999999997,277.04285714285714
2024,7,280.1857142857143,279.37142857142857,278.18571428571425,280.64285714285717,279.24285714285713,278.1
2024,8,287.4714285714286,286.54285714285714,284.5285714285714,288.3285714285715,286.31428571428575,284.35714285714283
2024,9,288.6857142857143,287.9142857142857,286.0,289.24285714285713,287.75714285714287,285.84285714285716
2024,10,282.6142857142857,281.9,280.07142857142856,283.0285714285714,281.7285714285714,279.7
2024,11,282.25714285714287,281.1142857142857,279.7285714285714,282.5857142857143,281.0285714285714,278.9142857142857
2024,12,288.6142857142857,287.2857142857143,285.84285714285716,289.0857142857143,287.0571428571428,284.64285714285717
2024,13,282.8857142857143,281.9,280.54285714285714,283.4,281.5,279.2857142857143
2024,14,288.4857142857143,287.65714285714284,286.12857142857143,288.7142857142857,287.5,285.4
2024,15,292.37142857142857,291.3,289.85714285714283,292.64285714285717,291.0857142857143,289.07142857142856
2024,16,285.5,284.4428571428571,283.2285714285714,285.8,284.3,282.4714285714286
2024,17,291.2,290.24285714285713,288.81428571428575,291.64285714285717,290.0571428571429,288.1
2024,18,293.14285714285717,292.07142857142856,290.38571428571424,293.5142857142857,291.8,289.57142857142856
2024,19,285.7857142857143,284.64285714285717,283.24285714285713,286.45714285714286,284.74285714285713,282.5142857142857
2024,20,296.37142857142857,295.4714285714286,293.87142857142857,297.04285714285714,295.3,293.07142857142856
2024,21,293.8285714285715,292.7714285714286,291.37142857142857,294.5142857142857,292.87142857142857,290.6714285714286
2024,22,299.0,297.95714285714286,296.64285714285717,299.54285714285714,298.2857142857143,296.2
2024,23,302.11428571428576,300.7714285714286,299.54285714285714,302.7714285714286,301.11428571428576,298.92857142857144
2024,24,303.4428571428571,302.07142857142856,300.75714285714287,304.1714285714285,302.4142857142857,300.1714285714285
2024,25,302.1857142857143,301.0142857142857,299.3285714285715,302.7714285714286,301.0571428571429,298.6714285714285
2024,26,304.84285714285716,303.90000000000003,302.75714285714287,305.25714285714287,304.4714285714286,302.35714285714283
2024,27,301.4142857142857,300.7714285714286,299.07142857142856,302.2285714285714,300.85714285714283,298.45714285714286
2024,28,305.9857142857143,305.2285714285714,303.4714285714286,306.88571428571424,305.42857142857144,302.9714285714286
2024,29,302.59999999999997,301.9857142857143,300.40000000000003,303.3142857142857,302.1714285714285,299.85714285714283
2024,30,304.5571428571429,303.9714285714286,302.3142857142857,305.1714285714285,304.11428571428576,301.88571428571424
2024,31,307.92857142857144,307.24285714285713,305.4857142857143,308.5,307.2142857142857,304.87142857142857
2024,32,300.4714285714286,299.7285714285714,298.2285714285714,300.9142857142857,299.8,297.7285714285714
2024,33,304.04285714285714,303.35714285714283,301.6857142857143,304.65714285714284,303.5,301.37142857142857
2024,34,303.57142857142856,302.8285714285715,301.11428571428576,304.2714285714286,302.9857142857143,300.7142857142857
2024,35,303.0285714285714,302.3285714285715,300.7,303.35714285714283,302.3142857142857,300.12857142857143
2024,36,301.40000000000003,300.64285714285717,298.87142857142857,301.65714285714284,300.5,298.24285714285713
2024,37,301.87142857142857,301.0142857142857,299.45714285714286,302.34285714285716,301.04285714285714,298.8285714285715
2024,38,297.65714285714284,296.88571428571424,295.57142857142856,298.2714285714286,297.0285714285714,295.0142857142857
2024,39,301.62857142857143,301.09999999999997,299.4857142857143,301.84285714285716,300.6714285714285,298.6714285714285
2024,40,297.92857142857144,297.5,296.74285714285713,298.5,297.4571428571429,295.9857142857143
2024,41,296.8,296.12857142857143,295.1857142857143,297.54285714285714,296.14285714285717,294.42857142857144
2024,42,293.0142857142857,292.1142857142857,291.2,293.1714285714285,291.8857142857143,290.12857142857143
2024,43,293.88571428571424,293.0,292.0571428571428,294.3142857142857,293.0428571428571,291.24285714285713
2024,44,287.07142857142856,286.14285714285717,284.9142857142857,287.62857142857143,286.4142857142857,284.74285714285713
2024,45,279.3857142857143,278.81428571428575,277.45714285714286,279.85714285714283,279.07142857142856,277.54285714285714
2024,46,286.3428571428571,285.6,284.74285714285713,286.68571428571425,285.87142857142857,284.0142857142857
2024,47,286.1142857142857,285.45714285714286,284.3,286.37142857142857,285.7,284.09999999999997
2024,48,280.87142857142857,280.1,279.0142857142857,281.04285714285714,280.4,278.65714285714284
2024,49,287.2857142857143,286.6571428571429,285.6,286.9714285714286,286.3285714285714,284.34285714285716
2024,50,282.14285714285717,281.35714285714283,280.0285714285714,282.4142857142857,281.5285714285714,279.31428571428575
2024,51,287.34285714285716,286.9714285714286,285.90000000000003,286.92857142857144,286.45714285714286,284.62857142857143
2024,52,283.87142857142857,283.12857142857143,282.0857142857143,284.0857142857143,283.2857142857143,281.37142857142857
2025,1,280.9714285714286,280.37142857142857,279.95714285714286,280.85714285714283,280.42857142857144,279.18571428571425
2025,2,282.24285714285713,281.4714285714286,280.18571428571425,282.5857142857143,281.6714285714286,279.85714285714283
2025,3,282.6142857142857,281.7857142857143,280.64285714285717,282.92857142857144,281.7714285714286,280.12857142857143
2025,4,278.5857142857143,277.8285714285714,276.8857142857143,278.8285714285714,278.04285714285714,276.5285714285714
2025,5,291.2,290.31428571428575,289.07142857142856,291.54285714285714,290.14285714285717,288.5
2025,6,291.0285714285714,290.14285714285717,288.5,291.6142857142857,290.0285714285714,288.0857142857143
2025,7,279.2857142857143,278.54285714285714,277.6,279.84285714285716,278.65714285714284,277.35714285714283
2025,8,282.6,281.8285714285714,280.5857142857143,283.0285714285714,281.6571428571429,279.9428571428571
2025,9,295.4857142857143,294.24285714285713,292.34285714285716,296.75714285714287,294.5142857142857,291.74285714285713
2025,10,283.5571428571429,282.77142857142854,281.2,284.18571428571425,283.04285714285714,281.14285714285717
2025,11,288.95714285714286,287.7857142857143,285.9714285714286,289.6142857142857,288.1142857142857,285.8857142857143
2025,12,287.57142857142856,286.2857142857143,284.68571428571425,288.3857142857143,287.2,285.0
2025,13,292.2,291.1571428571429,289.42857142857144,292.8,291.18571428571425,289.15714285714284
2025,14,281.1,280.27142857142854,279.1142857142857,281.98571428571427,280.40000000000003,278.31428571428575
2025,15,295.54285714285714,294.5857142857143,293.35714285714283,295.9142857142857,294.4857142857143,292.4857142857143
2025,16,287.81428571428575,286.68571428571425,285.5142857142857,288.18571428571425,286.54285714285714,284.4142857142857
2025,17,290.84285714285716,289.8857142857143,288.8,291.62857142857143,290.2857142857143,288.12857142857143
2025,18,292.2285714285714,291.0142857142857,289.3,292.5571428571429,290.9857142857143,288.8
2025,19,292.4,291.15714285714284,289.4,292.4714285714286,291.0,288.84285714285716
2025,20,295.8142857142857,294.5,292.7,295.95714285714286,294.12857142857143,291.7857142857143
2025,21,294.0571428571429,292.6857142857143,291.4,294.38571428571424,292.6857142857143,290.5142857142857
2025,22,296.15714285714284,295.11428571428576,293.59999999999997,296.4428571428571,294.95714285714286,292.87142857142857
2025,23,293.8,292.6714285714285,291.4857142857143,294.57142857142856,293.3285714285715,291.3
2025,24,304.0571428571429,303.07142857142856,301.24285714285713,304.4142857142857,303.1857142857143,300.95714285714286
2025,25,304.35714285714283,303.35714285714283,301.62857142857143,304.95714285714286,303.59999999999997,301.2285714285714
2025,26,301.54285714285714,300.4714285714286,298.84285714285716,302.12857142857143,300.87142857142857,298.59999999999997
2025,27,304.3,303.3285714285715,301.4857142857143,304.4142857142857,303.3285714285715,301.0285714285714
2025,28,304.87142857142857,303.7285714285714,302.11428571428576,305.42857142857144,304.37142857142857,301.9142857142857
2025,29,304.0142857142857,302.9714285714286,301.3142857142857,304.0142857142857,303.0,300.8
2025,30,304.90000000000003,303.75714285714287,301.90000000000003,304.9428571428571,303.9714285714286,301.59999999999997
2025,31,302.11428571428576,301.0,299.7,302.25714285714287,301.42857142857144,299.3142857142857
2025,32,305.7285714285714,304.75714285714287,303.34285714285716,306.45714285714286,305.3,303.15714285714284
2025,33,305.5,304.4714285714286,302.7714285714286,305.9714285714286,304.7285714285714,302.45714285714286
2025,34,303.0285714285714,302.0571428571429,300.7,303.5285714285714,302.5285714285714,300.37142857142857
2025,35,298.07142857142856,297.04285714285714,295.24285714285713,298.2857142857143,297.0571428571429,294.87142857142857
2025,36,300.15714285714284,298.9714285714286,297.35714285714283,300.34285714285716,298.84285714285716,296.3142857142857
2025,37,301.0857142857143,300.09999999999997,298.38571428571424,300.85714285714283,299.34285714285716,297.14285714285717
2025,38,297.8142857142857,296.5571428571429,295.14285714285717,297.88571428571424,296.45714285714286,293.9428571428571
2025,39,296.0571428571429,295.14285714285717,293.5571428571429,295.95714285714286,294.7142857142857,292.42857142857144
2025,40,297.9428571428571,296.9857142857143,295.35714285714283,298.15714285714284,296.75714285714287,294.6714285714285
2025,41,291.5285714285714,290.7285714285714,289.62857142857143,291.87142857142857,290.8,289.0857142857143
2025,42,292.75714285714287,292.0142857142857,291.0142857142857,292.5,291.3,289.7285714285714
2025,43,292.42857142857144,291.74285714285713,290.45714285714286,292.5285714285714,291.27142857142854,289.5285714285714
2025,44,288.25714285714287,287.45714285714286,286.3857142857143,288.4428571428572,287.2142857142857,285.5
2025,45,289.2,288.5571428571429,287.35714285714283,289.5142857142857,288.85714285714283,287.0571428571429
2025,46,294.9142857142857,294.24285714285713,292.61428571428576,294.95714285714286,293.9428571428571,291.92857142857144
2025,47,286.64285714285717,285.92857142857144,284.4714285714286,286.8428571428571,285.74285714285713,283.62857142857143
2025,48,279.4857142857143,278.9142857142857,277.9142857142857,279.65714285714284,278.74285714285713,277.31428571428575
2025,49,278.64285714285717,278.1714285714286,277.1,278.84285714285716,278.9428571428571,277.5142857142857
2025,50,289.14285714285717,288.75714285714287,287.5,289.3285714285714,288.5857142857143,287.0857142857143
2025,51,290.07142857142856,289.40000000000003,288.2142857142857,290.24285714285713,289.35714285714283,287.8857142857143
2025,52,290.1714285714286,289.57142857142856,288.6714285714286,290.4428571428571,289.7142857142857,288.2
2026,1,284.56666666666666,284.26666666666665,284.06666666666666,284.5333333333333,284.1333333333333,283.23333333333335
