year,week,39.7333_-105.1833,39.7333_-105.225,39.7333_-105.2667,39.775_-105.1833,39.775_-105.225,39.775_-105.2667
1999,52,0.45999999,0.43500000000000005,0.38,0.49,0.47999999000000004,0.39999998
2000,1,0.3171428514285714,0.29285714,0.27428571285714287,0.3099999957142857,0.3042857085714286,0.2685714242857143
2000,2,0.6371428485714287,0.5999999914285714,0.5514285571428571,0.6471428385714286,0.6357142671428572,0.5771428571428572
2000,3,0.6042857114285713,0.56571428,0.49285713000000003,0.6385714214285715,0.627142842857143,0.5457142671428571
2000,4,0.33571427,0.3099999957142857,0.2757142757142857,0.33142856571428575,0.3257142828571428,0.27285714
2000,5,0.5514285571428571,0.5185714228571429,0.4714285714285714,0.5657142828571429,0.5371428485714286,0.4757142857142857
2000,6,0.5628571271428572,0.5271428499999999,0.4685714157142857,0.5842856928571428,0.5514285628571429,0.4771428542857143
2000,7,0.4857142785714285,0.45428570628571424,0.40142856514285713,0.4971428477142857,0.4657142714285714,0.3985714224285714
2000,8,0.6228571428571428,0.5842857014285714,0.5085714257142857,0.6685714185714285,0.6342857014285714,0.5414285714285715
2000,9,0.6714285657142857,0.6257142742857144,0.5599999971428572,0.7028571357142858,0.6671428414285714,0.5728571357142858
2000,10,0.49571428285714286,0.4599999971428571,0.4214285657142857,0.51285714,0.4842857057142857,0.4299999942857143
2000,11,0.43999998942857144,0.40714284714285714,0.3657142785714286,0.4457142714285714,0.41999999528571424,0.35714285285714287
2000,12,0.5071428514285714,0.4728571257142857,0.41999999,0.5271428514285714,0.49999999100000003,0.42857142857142855
2000,13,0.5185714085714286,0.4871428485714286,0.45142856,0.5257142791428572,0.4999999851428572,0.43142856957142856
2000,14,1.0171428142857144,0.9871428428571428,0.9528571142857143,1.0214285714285716,0.97571428,0.88714285
2000,15,0.9185714085714285,0.8942857142857142,0.844285702857143,0.9671428328571429,0.9242856914285714,0.8428571057142857
2000,16,1.0099999814285714,0.982857137142857,0.9014285671428571,1.098571402857143,1.0514285714285714,0.9499999714285714
2000,17,1.0257142728571427,0.9971428571428572,0.94857142,1.0799999928571429,1.0314285528571427,0.9514285471428572
2000,18,1.4828571142857143,1.4414285428571427,1.35428569,1.5599999285714286,1.5057142857142858,1.3628571142857144
2000,19,0.8914285457142856,0.87,0.8328571314285715,0.9085714114285715,0.8814285485714286,0.7928571428571428
2000,20,1.0371428571428571,1.0157142485714286,0.9742857,1.0557142714285714,1.024285707142857,0.9314285571428572
2000,21,1.4842856999999998,1.45,1.3628571285714286,1.5685714,1.5199999857142856,1.3771428285714287
2000,22,1.6885714142857142,1.6271428428571428,1.5828571285714286,1.6842856857142858,1.6199999428571428,1.5157142714285714
2000,23,2.052857114285714,1.9585713714285713,1.7828571,2.1957142428571426,2.091428542857143,1.837142857142857
2000,24,1.392857085714286,1.3314285514285713,1.2185714142857142,1.4414285514285712,1.3685714,1.1957142685714286
2000,25,1.8371428142857142,1.7528571285714285,1.5785714,1.9414285571428571,1.8485713857142856,1.5985713999999998
2000,26,1.4142856942857145,1.3528571085714287,1.29142856,1.4171428514285715,1.34571428,1.2071428057142857
2000,27,2.331428542857143,2.2185714285714284,2.0085714,2.4757142857142855,2.348571357142857,2.0642857
2000,28,1.9785713857142857,1.8828571285714286,1.7171428285714287,2.1257142714285715,2.014285657142857,1.771428557142857
2000,29,1.6228571385714285,1.5457142285714285,1.5285713571428572,1.6057142714285715,1.5157142714285714,1.4185714142857144
2000,30,2.219999985714286,2.112857114285714,1.9571428142857141,2.361428542857143,2.2371428142857144,2.0042856571428573
2000,31,2.2099999285714285,2.0685714,1.8685714,2.291428542857143,2.1799999857142858,1.8785714285714283
2000,32,2.288571342857143,2.1428571285714284,1.9071428285714287,2.397142842857143,2.2785713857142857,1.9342857
2000,33,1.5685714,1.4485714,1.3114285714285714,1.5885713657142857,1.5014285542857144,1.2514285685714286
2000,34,1.5899999714285715,1.4699999714285714,1.3399999714285715,1.6414285285714285,1.5499999857142857,1.3114285285714284
2000,35,1.2914285571428572,1.2028571214285715,1.0971428471428573,1.3157142571428573,1.2385713942857142,1.0457142714285714
2000,36,1.7299999714285714,1.6485713857142856,1.4899999428571429,1.8471428428571428,1.754285642857143,1.537142842857143
2000,37,2.0628570571428573,1.9742856999999998,1.7785713857142855,2.2157142714285714,2.108571414285714,1.8514285285714287
2000,38,0.749999971,0.702857128,0.6585714252857143,0.72,0.6785713999999999,0.5942857114285715
2000,39,1.1457142428571427,1.0928571228571429,1.0171428571428571,1.198571385714286,1.1328571257142859,1.0257142528571428
2000,40,0.6799999785714286,0.6614285514285714,0.6442857071428572,0.6771428214285714,0.6414285628571428,0.5985714285714285
2000,41,0.8271428428571428,0.7999999914285715,0.7428571371428571,0.8728571171428572,0.8285714242857143,0.7585714228571429
2000,42,0.9157142642857143,0.88714284,0.8228571357142858,0.9599999600000001,0.9128571428571429,0.8257142757142857
2000,43,0.49428571285714284,0.4828571328571429,0.4571428528571429,0.5042857142857143,0.4757142828571429,0.43571428571428567
2000,44,0.5771428485714286,0.5599999914285714,0.5185714285714286,0.60285712,0.5928571314285714,0.5228571371428571
2000,45,0.21142856857142858,0.20142856914285714,0.19428570771428572,0.19714285485714284,0.19428570942857143,0.16571428
2000,46,0.28571427714285713,0.2742857114285714,0.26142856428571426,0.28857142714285716,0.28142856,0.25428570857142857
2000,47,0.4699999914285714,0.45571427428571426,0.42285712857142854,0.48571428,0.4757142742857143,0.4142856971428571
2000,48,0.47285713,0.4642857142857143,0.4257142857142857,0.4942857142857143,0.4885714228571429,0.43428569857142857
2000,49,0.4542857114285714,0.44714285142857146,0.41285714285714287,0.4557142828571428,0.45285714,0.39999998857142854
2000,50,0.2999999871428572,0.29714284428571425,0.2785714257142857,0.3085714185714285,0.3042857071428572,0.2771428557142857
2000,51,0.3671428485714286,0.3614285685714286,0.33714284857142857,0.3914285657142857,0.38714285142857147,0.34428570857142854
2000,52,0.3114285671428571,0.3057142828571429,0.29714285,0.2971428485714286,0.2971428485714286,0.2657142828571429
2001,1,0.5742857057142857,0.55857142,0.5271428485714286,0.5814285628571428,0.5771428542857143,0.5342857014285715
2001,2,0.6085714142857143,0.5928571371428571,0.5299999942857143,0.6614285542857142,0.65571428,0.5885714171428571
2001,3,0.24857142714285715,0.2385714242857143,0.22857142428571428,0.23571427857142857,0.23714285,0.21142856771428573
2001,4,0.31285713571428575,0.3028571314285714,0.29142857,0.28999999428571427,0.29142856142857143,0.26571428142857145
2001,5,0.2657142828571429,0.2671428557142857,0.2528571357142857,0.26714285571428575,0.26571428142857145,0.2471428557142857
2001,6,0.27142856571428575,0.27571427814285715,0.27571428571428575,0.25571428285714287,0.25571428285714287,0.25571427999999996
2001,7,0.3271428542857143,0.33142856857142855,0.32428571342857143,0.31714285285714283,0.3157142785714286,0.32142856571428574
2001,8,0.4114285714285714,0.41571428571428576,0.37999999142857144,0.44714285428571426,0.44428570571428566,0.42999998857142857
2001,9,0.3057142762857143,0.2871428434285714,0.25285713800000004,0.32428570485714286,0.30285713200000003,0.2599999965714286
2001,10,0.47428570714285717,0.43714284800000003,0.38714285228571427,0.5028571342857143,0.46857141814285713,0.39714285285714285
2001,11,0.3357142771428571,0.3099999942857143,0.26999999714285716,0.3471428485714286,0.32142856428571426,0.26714285228571427
2001,12,0.5628571214285715,0.52285714,0.45714285,0.5942857057142856,0.5514285642857143,0.46857142285714287
2001,13,0.47142856,0.4414285685714286,0.3999999942857143,0.48999998571428577,0.4542857057142857,0.3971428485714286
2001,14,0.8757142571428572,0.8485714242857142,0.7957142857142857,0.9299999928571429,0.8857142685714285,0.8071428428571429
2001,15,0.49999999428571434,0.4842857114285714,0.4514285685714286,0.5142857077142857,0.4857142694285714,0.42999999528571425
2001,16,0.8114285542857144,0.78571428,0.7485714085714285,0.83571428,0.7957142685714286,0.7257142714285714
2001,17,0.9699999714285715,0.9385714085714286,0.8657142528571429,1.0342856757142858,0.9857142828571429,0.8714285457142857
2001,18,0.5242857138571428,0.5099999938571429,0.46571426285714285,0.5599999995714285,0.5342857105714286,0.46999999942857146
2001,19,1.1685714042857143,1.135714252857143,1.0614285657142857,1.242857114285714,1.1914285385714287,1.0757142714285715
2001,20,1.0557142785714286,1.0299999771428572,0.9471428371428571,1.1271428485714285,1.079999967142857,0.9514285714285714
2001,21,1.039999967142857,1.012857142857143,0.97142854,1.0599999814285714,1.0171428428571427,0.9228571285714285
2001,22,1.2685714214285715,1.2357142857142858,1.2214285285714286,1.261428537142857,1.217142857142857,1.147142852857143
2001,23,1.5014285571428572,1.4814285642857143,1.4585714142857142,1.5257142714285714,1.4885713714285715,1.4128571099999998
2001,24,1.6728571371428573,1.624285695714286,1.5157142799999999,1.7828570885714288,1.721428542857143,1.57
2001,25,1.7071428371428572,1.67571428,1.5985713999999998,1.7385713500000002,1.6899999657142857,1.5428571228571428
2001,26,2.2257142714285716,2.1671427999999997,1.9728571000000001,2.3671428,2.2928571285714283,2.0285714285714285
2001,27,2.3785713857142854,2.2642857,2.0885713999999997,2.472857142857143,2.3557142285714288,2.089999957142857
2001,28,1.448571385714286,1.3714285428571427,1.3071428428571428,1.4799999857142858,1.4028571142857142,1.2728571285714287
2001,29,2.0557142857142856,1.949999942857143,1.787142842857143,2.1914285285714286,2.09,1.8371428142857142
2001,30,1.8042856857142857,1.7114285285714286,1.5942857000000001,1.8871428285714287,1.794285714285714,1.5885714142857144
2001,31,1.9942857,1.861428557142857,1.68,2.1242856857142853,2.0071428,1.7214285285714286
2001,32,1.3742857,1.26428568,1.1385713685714285,1.4157142657142856,1.3214285514285713,1.0942856857142857
2001,33,1.5557142514285711,1.4414285285714286,1.30428568,1.6142857142857143,1.5157142799999999,1.2757142514285713
2001,34,1.7914285428571428,1.6671428142857143,1.4857142571428572,1.8971428428571429,1.7899999857142856,1.5099999714285715
2001,35,1.9399999857142858,1.835714242857143,1.661428542857143,2.051428557142857,1.9442856857142858,1.681428557142857
2001,36,1.4114285285714288,1.3685714257142858,1.2671428242857143,1.4899999785714286,1.4242856685714287,1.2657142799999999
2001,37,1.4628571000000001,1.4185714285714286,1.3699999571428572,1.4985714142857145,1.431428557142857,1.3214285428571428
2001,38,1.2999999514285714,1.26,1.2171428357142857,1.33,1.269999932857143,1.1728571142857143
2001,39,1.7328571,1.6771428428571429,1.5871428285714286,1.8128571,1.7342856857142857,1.595714242857143
2001,40,1.1328571257142859,1.1085713857142856,1.0757142814285714,1.1357142571428571,1.0885714142857144,1.0242856814285715
2001,41,0.7428571371428572,0.7285714142857144,0.6885714257142858,0.7742856942857143,0.7414285485714285,0.6885714257142858
2001,42,1.0999999857142857,1.0699999857142857,1.0328571228571428,1.1157142428571427,1.0671428285714286,1.0085714142857143
2001,43,0.8928571042857143,0.8714285614285714,0.8099999742857144,0.9485714185714286,0.909999992857143,0.8314285514285714
2001,44,1.0085714171428573,0.9771428371428571,0.9057142542857142,1.0557142657142857,1.0214285657142856,0.9242856814285715
2001,45,0.8871428485714287,0.8542857071428571,0.7599999742857142,0.9628571428571429,0.9371428014285713,0.8228571314285714
2001,46,0.7328571185714285,0.7014285657142858,0.6314285657142857,0.7914285657142858,0.7685714228571429,0.6785714157142857
2001,47,0.5699999957142857,0.5414285671428571,0.5014285714285714,0.5842856985714285,0.5685714228571429,0.5114285571428571
2001,48,0.25571427957142856,0.2399999967142857,0.2214285677142857,0.25142857142857145,0.2414285714285714,0.205714282
2001,49,0.5942857042857143,0.5671428471428571,0.51428571,0.6471428514285714,0.6357142828571429,0.56571427
2001,50,0.3957142828571429,0.37714285,0.34714285285714286,0.40285713428571424,0.39571428571428574,0.3585714285714286
2001,51,0.45285714285714285,0.42999999714285714,0.39714285714285713,0.46571428285714284,0.45857142285714286,0.3942857028571428
2001,52,0.33714285000000005,0.31857142285714285,0.2999999942857143,0.32285714,0.3171428514285714,0.27428570657142853
2002,1,0.3214285685714286,0.31428571428571433,0.30142856714285715,0.31142856571428573,0.31714285000000003,0.2871428542857143
2002,2,0.58285714,0.5699999828571428,0.5171428428571428,0.6028571271428572,0.61142856,0.5342857
2002,3,0.32999999428571425,0.32285714285714284,0.3257142757142857,0.3257142857142857,0.3285714257142857,0.3185714214285714
2002,4,0.5471428514285714,0.5357142714285714,0.4928571428571429,0.5685714228571428,0.5714285585714285,0.5071428557142857
2002,5,0.3828571414285714,0.3671428557142857,0.3471428485714286,0.38428571285714286,0.38,0.34571428142857147
2002,6,0.49285712,0.4699999971428571,0.4371428514285714,0.5085714142857143,0.48857142857142855,0.44142855857142854
2002,7,0.6357142628571429,0.6085714285714285,0.5485714128571428,0.66714284,0.6399999871428571,0.5642857057142857
2002,8,0.6771428371428572,0.6457142771428571,0.5642857085714286,0.7557142757142856,0.7257142814285714,0.6328571257142858
2002,9,0.22428570914285714,0.215714282,0.205714282,0.21142857,0.20571428285714285,0.19428571285714286
2002,10,0.5485714185714285,0.5314285657142858,0.5042857114285714,0.5628571342857143,0.54571428,0.5242857142857142
2002,11,0.4642857042857143,0.44714284857142855,0.4185714285714286,0.474285708,0.46142856514285713,0.4399999922857143
2002,12,0.5671428457142857,0.5485714285714286,0.5214285557142857,0.5757142771428571,0.5571428528571428,0.5214285628571428
2002,13,0.6985714057142857,0.6742857142857143,0.6214285628571429,0.7399999985714286,0.7142857142857143,0.6757142814285714
2002,14,0.9314285585714286,0.91142856,0.8742856999999999,0.9814285571428571,0.9314285642857143,0.8871428528571429
2002,15,0.9857142557142857,0.9642857142857143,0.8899999999999999,1.04142856,0.9871428428571428,0.88571428
2002,16,0.8942856914285714,0.8742856928571429,0.8114285499999999,0.9528571185714286,0.9042856942857143,0.8285714214285714
2002,17,1.0099999942857143,0.9857142685714286,0.9385714114285715,1.0599999714285715,1.007142852857143,0.9471428399999999
2002,18,0.9485714142857142,0.9328571157142856,0.8799999928571428,1.0157142657142857,0.97285711,0.9142856928571429
2002,19,0.9157142714285714,0.9099999814285714,0.8657142714285714,0.9742857014285714,0.9399999857142857,0.8842856899999999
2002,20,1.0742856957142857,1.0742857142857143,1.0814285514285713,1.0699999857142857,1.0385714242857143,1.0285713885714285
2002,21,0.9785714228571428,0.9785714085714285,0.9528571071428571,1.0099999785714286,0.9771428357142857,0.9414285614285715
2002,22,1.9942856714285713,1.9457142857142855,1.8142857,2.138571428571429,2.0614285714285714,1.8828570714285713
2002,23,1.6285714257142858,1.5957142714285715,1.544285714285714,1.7085714228571427,1.6542856714285714,1.5742857000000001
2002,24,1.4628571000000001,1.444285657142857,1.4257142571428572,1.4642856857142856,1.422857142857143,1.3614285428571427
2002,25,2.1971428,2.1414285285714287,2.0185713857142855,2.2857142571428573,2.207142842857143,2.0257142428571426
2002,26,2.5914285285714285,2.5171428142857146,2.322857085714286,2.7499999714285717,2.6499999857142855,2.389999971428572
2002,27,2.171428542857143,2.058571371428571,1.907142857142857,2.275714285714286,2.165714257142857,1.9071428285714285
2002,28,2.1057142714285715,1.998571414285714,1.9085713714285715,2.165714257142857,2.0585714142857143,1.8685714142857144
2002,29,2.471428528571429,2.3442856714285716,2.1471428,2.625714257142857,2.5042856714285717,2.204285685714286
2002,30,2.1171428285714287,2.004285714285714,1.839999957142857,2.262857085714286,2.151428557142857,1.8957142142857144
2002,31,2.1428571,2.0614285714285714,1.9042856714285714,2.2757142285714282,2.1871428285714285,1.9471428285714285
2002,32,1.865714242857143,1.8157142857142858,1.6885714142857142,1.9585714285714286,1.8985713571428573,1.717142842857143
2002,33,2.1057142,2.0299999942857143,1.911428542857143,2.157142842857143,2.078571385714286,1.8914285085714284
2002,34,1.7399999714285717,1.6885714,1.612857142857143,1.7871428285714284,1.73,1.5914285714285714
2002,35,1.6428571428571428,1.5999999571428571,1.5614285285714284,1.6485714042857142,1.5999999657142858,1.4957142671428572
2002,36,2.0885713714285714,1.9871427999999998,1.7757142428571429,2.2728571142857144,2.155714257142857,1.8928571142857142
2002,37,0.7014285657142858,0.6542857085714286,0.6242857028571428,0.64428571,0.5971428385714285,0.5142857085714285
2002,38,1.1671428357142857,1.1042856857142858,1.0214285428571428,1.2214285614285714,1.1514285285714287,1.0285714142857143
2002,39,1.1385714228571429,1.0771428514285715,1.0042856771428572,1.158571394285714,1.0914285657142857,0.9814285585714285
2002,40,0.6771428500000001,0.6642857014285715,0.6228571357142857,0.6971428571428572,0.6699999942857142,0.607142847142857
2002,41,0.9728571185714285,0.9528571357142858,0.8971428442857142,1.0242857,0.9885714071428572,0.89571426
2002,42,0.8799999857142857,0.86428569,0.8042857028571427,0.9442857028571429,0.9057142642857142,0.8299999957142857
2002,43,0.4342856957142857,0.42999999000000005,0.42285714,0.43428570857142856,0.41857142,0.39428571142857144
2002,44,0.18714285085714286,0.18285713714285715,0.1999999977142857,0.15999999914285715,0.14999999485714285,0.1471428552857143
2002,45,0.6442857028571429,0.6271428371428571,0.5714285642857143,0.6985714099999999,0.6828571285714286,0.6171428457142857
2002,46,0.5214285614285714,0.5042857142857142,0.44571427714285716,0.55999999,0.5442857,0.4614285714285714
2002,47,0.6342857128571427,0.6142857142857144,0.5599999928571429,0.66999999,0.65571428,0.5728571228571429
2002,48,0.45285714,0.4328571414285714,0.40857142857142864,0.45428570714285715,0.43999998714285715,0.3928571385714286
2002,49,0.4614285542857143,0.42714285714285716,0.39428570714285716,0.4685714257142857,0.44999998714285716,0.3814285614285714
2002,50,0.6471428357142858,0.6085714185714286,0.53857142,0.6971428442857144,0.67428571,0.57571427
2002,51,0.4057142771428572,0.37571428,0.32428571142857143,0.42285713714285716,0.4057142857142857,0.3285714157142857
2002,52,0.4471428471428571,0.41857142142857146,0.3742857114285715,0.47285713142857144,0.4557142857142857,0.3828571362857143
2003,1,0.48714284857142853,0.45857142,0.4085714242857143,0.51714285,0.5028571342857143,0.4271428457142857
2003,2,0.5571428485714286,0.5285714228571429,0.49999999428571434,0.56999999,0.5571428571428572,0.5071428542857143
2003,3,0.5271428371428571,0.50428571,0.46142856285714284,0.5471428571428572,0.5342857085714285,0.47571427
2003,4,0.6114285714285714,0.5814285714285715,0.5299999971428572,0.6357142771428571,0.6214285685714286,0.5599999999999999
2003,5,0.6885714228571428,0.6585714285714286,0.5757142799999999,0.75714285,0.7342857,0.65285713
2003,6,0.15571428,0.14571428342857143,0.14857142571428575,0.14571428085714286,0.13571428428571428,0.12999999571428572
2003,7,0.45428569999999996,0.43999999714285715,0.3885714285714286,0.49285713,0.46857142142857144,0.4342857114285715
2003,8,0.3528571342857143,0.33999999714285717,0.29142856857142857,0.38714285142857147,0.36999999857142857,0.32142856428571426
2003,9,0.1999999977142857,0.18285714085714286,0.17857142485714286,0.17571428142857146,0.15999999771428572,0.13999999800000001
2003,10,0.5642857142857143,0.5271428514285714,0.4699999942857143,0.5857142671428571,0.5528571328571429,0.4642857028571429
2003,11,1.0257142514285713,0.9628571357142857,0.8271428457142856,1.14999998,1.0957142714285715,0.9228571385714286
2003,12,0.3685714228571429,0.33571427571428575,0.3114285642857143,0.34999999428571427,0.32285714057142856,0.26285713657142856
2003,13,0.44428571142857143,0.41142856,0.38285714,0.4428571428571429,0.4099999971428572,0.35000000000000003
2003,14,0.7014285614285714,0.6828571428571427,0.61714284,0.7899999885714285,0.7514285714285714,0.66999999
2003,15,1.0557142457142858,1.02571427,0.9428570857142857,1.1128571428571428,1.0628571114285714,0.9399999714285714
2003,16,0.8671428499999999,0.8457142614285714,0.8099999771428571,0.9014285628571429,0.86285711,0.7785714128571428
2003,17,0.6999999971428571,0.6928571342857143,0.695714277142857,0.7099999857142858,0.6814285714285714,0.6457142657142857
2003,18,0.7999999885714286,0.78571428,0.7499999885714287,0.83714285,0.8028571371428572,0.7485714285714286
2003,19,0.57142856,0.5685714142857143,0.5457142728571428,0.5957142828571429,0.5728571371428571,0.5471428485714286
2003,20,1.0557142714285714,1.0385714142857143,0.97999998,1.0942857,1.0542856871428572,0.9771428328571429
2003,21,0.9414285628571429,0.9342856971428571,0.9314285428571428,0.9428571257142858,0.9114285628571429,0.8685714114285714
2003,22,1.5114285285714286,1.4942857142857142,1.4399999857142858,1.5671428428571428,1.5171428,1.447142842857143
2003,23,0.6757142771428571,0.6928571342857143,0.7057142814285714,0.6914285642857143,0.6699999928571428,0.6742856957142856
2003,24,1.2142856857142856,1.2114285285714286,1.1371428371428571,1.3114285357142859,1.2642857085714285,1.1814285385714285
2003,25,0.9499999942857142,0.9671428428571429,0.9357142714285713,0.9814285371428572,0.9485714257142857,0.9085714114285715
2003,26,1.1114285371428572,1.1157142714285713,1.0871428314285714,1.1271428285714287,1.0914285428571429,1.042857142857143
2003,27,2.461428514285714,2.361428528571429,2.2385713857142857,2.6057142428571427,2.5,2.2885714142857148
2003,28,2.448571414285714,2.3414285285714285,2.2485714,2.4985714285714287,2.3928571,2.2099998857142857
2003,29,2.6371428142857143,2.5285713857142857,2.337142828571429,2.795714171428571,2.6799999999999997,2.3899999428571426
2003,30,2.4099999571428574,2.311428557142857,2.119999957142857,2.572857085714286,2.4671428142857144,2.1899999285714284
2003,31,1.8528571,1.7628571285714287,1.6228570999999998,1.9485714285714286,1.8485713428571429,1.6299999428571428
2003,32,2.129999957142857,1.9971428428571427,1.7814285428571428,2.2857142857142856,2.1499999714285716,1.809999942857143
2003,33,1.6828570714285715,1.5742856571428572,1.457142842857143,1.7585714,1.6414285142857143,1.4257142571428572
2003,34,1.8442856428571428,1.7314285285714288,1.5585714,1.9599999428571429,1.835714257142857,1.5642856514285715
2003,35,1.2842856685714286,1.1957142542857144,1.0971428542857142,1.3499999685714286,1.2528570957142857,1.0585713857142858
2003,36,1.1742856785714284,1.1442857085714286,1.0785713928571428,1.2428571099999999,1.1857142571428572,1.0628571428571427
2003,37,0.9899999857142857,0.9585714071428572,0.8899999785714287,1.0685714085714286,1.0171428457142857,0.91142856
2003,38,1.3042856857142857,1.2585713942857144,1.1657142571428571,1.3842856514285715,1.3185714285714287,1.1871428428571427
2003,39,1.4928570714285716,1.4385714285714286,1.3657142657142856,1.5299999857142856,1.4614285214285714,1.3385714285714285
2003,40,0.9528571299999999,0.9271428285714285,0.9399999928571428,0.9214285714285715,0.882857127142857,0.8528571385714285
2003,41,1.421428557142857,1.3785714,1.281428557142857,1.5157142714285714,1.4499999714285714,1.3171428428571428
2003,42,1.4114285071428572,1.3642857142857143,1.2771428228571426,1.4757142585714287,1.411428542857143,1.2971428142857142
2003,43,1.3457142714285715,1.3014285214285712,1.2171428085714286,1.4099999942857142,1.3514285428571429,1.23
2003,44,0.71428569,0.6985714228571428,0.6885714171428571,0.7242857105714285,0.69571428,0.6657142857142857
2003,45,0.44571428571428573,0.4371428542857143,0.42571428285714286,0.44428571142857143,0.4328571271428571,0.42142856857142863
2003,46,0.5757142857142857,0.5657142771428572,0.5028571371428571,0.6285714142857143,0.6142857142857142,0.5442856871428571
2003,47,0.55571428,0.5414285714285715,0.49571427428571424,0.5985714228571428,0.5857142857142857,0.5399999885714285
2003,48,0.38285714,0.3742857114285715,0.32857142,0.39571428,0.38999999428571425,0.3185714214285714
2003,49,0.6742856957142856,0.6571428528571428,0.6157142828571428,0.6999999842857143,0.6985714071428571,0.63714285
2003,50,0.3099999885714286,0.3,0.2914285657142857,0.29571427857142857,0.29428570428571427,0.2628571414285714
2003,51,0.5799999885714285,0.5671428485714286,0.5414285642857143,0.6099999942857143,0.6042857057142857,0.5614285614285714
2003,52,0.49714284285714283,0.48571427285714286,0.44,0.5314285671428571,0.5299999957142857,0.45999998000000003
2004,1,0.32857142714285714,0.3185714257142857,0.2985714242857143,0.33571428,0.33571428,0.302857142
2004,2,0.4871428457142857,0.4799999814285714,0.45999999,0.5071428471428571,0.5042857028571428,0.48000000000000004
2004,3,0.6485714157142857,0.6371428514285714,0.5914285714285714,0.6914285514285714,0.6828571271428572,0.6399999771428572
2004,4,0.4342857142857143,0.4299999942857143,0.3957142728571429,0.44999998571428573,0.44857141571428566,0.4014285685714286
2004,5,0.30142856428571424,0.2942857128571429,0.2814285614285715,0.3099999942857143,0.30857142285714284,0.28714285285714286
2004,6,0.22857142714285714,0.2228571414285714,0.22428571142857143,0.22,0.21571428142857144,0.20999999285714285
2004,7,0.2757142828571429,0.27285713714285714,0.2685714185714286,0.27285714285714285,0.27142857,0.2599999985714286
2004,8,0.4957142785714286,0.4871428485714286,0.4457142800000001,0.5414285628571428,0.5328571328571429,0.5014285671428571
2004,9,0.5114285542857143,0.5028571385714286,0.4542857085714286,0.5685714114285714,0.5628571371428571,0.51142857
2004,10,0.39428571,0.36857142,0.35285713999999996,0.37857142714285713,0.3557142785714285,0.31285714000000003
2004,11,0.7514285657142857,0.7114285585714286,0.6542857142857142,0.7942856928571428,0.7614285685714286,0.68142856
2004,12,1.0242856871428572,0.9699999828571428,0.9142856699999999,1.0642857,1.0242856642857143,0.9457142728571428
2004,13,1.2457142542857143,1.182857107142857,1.10142855,1.2985714,1.249999977142857,1.1271428428571428
2004,14,0.9714285671428572,0.9199999500000001,0.8571428485714286,1.0128571242857143,0.9499999942857144,0.8599999942857143
2004,15,0.42142856142857144,0.3899999962857143,0.3599999971428572,0.41428571371428574,0.36999999371428566,0.3128571395714285
2004,16,0.9142857,0.86142855,0.7714285500000001,0.9914285700000001,0.9242856942857144,0.8099999957142857
2004,17,0.5357142757142858,0.5014285628571429,0.4599999942857143,0.5599999957142857,0.5099999971428572,0.4499999842857143
2004,18,0.7457142785714286,0.7085714257142858,0.6628571285714286,0.7671428571428571,0.7171428314285715,0.6257142480000001
2004,19,1.595714242857143,1.537142842857143,1.4028571428571428,1.7299999857142858,1.6585714,1.4571428142857141
2004,20,0.9542856985714285,0.9285714028571429,0.8942856985714285,0.9657142652857144,0.9271428285714285,0.8571428248571429
2004,21,1.301428542857143,1.2642857,1.2185714,1.3142857,1.2628571157142858,1.1642857000000002
2004,22,1.1642856671428572,1.1271428228571427,1.0599999857142857,1.2057142714285713,1.158571402857143,1.0414285714285714
2004,23,1.5042857,1.4414285428571427,1.321428522857143,1.6071428514285715,1.5285714285714285,1.3685714142857144
2004,24,1.499999937142857,1.4385714,1.3114285571428572,1.5828571100000002,1.4985713785714285,1.334285692857143
2004,25,1.0399999685714285,1.00714285,0.9842856942857142,1.0014285714285713,0.9457142571428572,0.8885714128571429
2004,26,0.8399999942857143,0.8142856871428571,0.7714285628571428,0.8771428471428572,0.8271428371428572,0.7371428528571428
2004,27,1.217142842857143,1.155714267142857,1.0871428514285715,1.272857102857143,1.192857114285714,1.0585714285714285
2004,28,1.7742857,1.6728570714285715,1.5199999857142856,1.90571428,1.7885713571428572,1.5557142499999999
2004,29,1.708571385714286,1.6099999714285713,1.4499999857142856,1.8471428085714285,1.7228571385714286,1.4742856857142856
2004,30,1.1114285371428572,1.0428571257142856,0.9814285571428571,1.1471428371428571,1.05571427,0.9399999771428572
2004,31,1.6214284857142858,1.532857142857143,1.4228571142857143,1.7285714142857143,1.6228571285714286,1.4585713942857141
2004,32,1.6742856857142858,1.6199999571428572,1.4971428285714286,1.8171428285714286,1.7428571285714285,1.5514285571428572
2004,33,1.2957142657142857,1.2585714,1.2299999714285714,1.3014285571428572,1.2457142571428572,1.14857141
2004,34,1.0657142842857144,1.0385713942857142,0.9899999714285714,1.1171428428571428,1.0728571285714286,0.9728571142857143
2004,35,1.1542856914285713,1.115714257142857,1.0757142657142857,1.2214285571428571,1.1671428357142857,1.0714285571428572
2004,36,1.4828571142857143,1.4057142714285715,1.3057142514285716,1.56999998,1.4871428228571428,1.3171428514285712
2004,37,1.6657142714285713,1.5699999428571427,1.4328571285714287,1.7699999857142856,1.671428557142857,1.4671428142857141
2004,38,1.607142842857143,1.5171428428571427,1.3828571428571428,1.691428557142857,1.5957142142857141,1.3971428371428571
2004,39,0.7728571257142857,0.7242857014285714,0.67714285,0.7942857071428572,0.7399999785714285,0.6528571371428571
2004,40,0.7128571371428573,0.6714285614285714,0.6571428457142857,0.6942857014285714,0.64571427,0.5985714257142857
2004,41,0.8785714214285714,0.8257142799999999,0.7728571271428571,0.8857142557142856,0.8285714157142857,0.7385714200000001
2004,42,0.7542857057142857,0.7099999871428572,0.66285713,0.7599999957142857,0.7085714057142857,0.62428571
2004,43,0.8385714171428571,0.7885714028571428,0.7071428414285714,0.8842857042857143,0.8285714071428572,0.7257142785714287
2004,44,0.6885714171428571,0.6471428514285714,0.5857142685714285,0.72428571,0.6799999928571429,0.6028571371428572
2004,45,0.7442856999999999,0.7114285685714286,0.6514285714285715,0.7957142514285714,0.7742856971428571,0.7014285648571429
2004,46,0.5028571357142857,0.47428570428571426,0.4257142757142857,0.5271428557142858,0.51428568,0.4585714242857143
2004,47,0.46857141857142853,0.4428571362857143,0.41999999571428565,0.48142855914285715,0.467142848,0.42857141
2004,48,0.3128571395714285,0.2942857114285714,0.27571428385714286,0.3142857114285714,0.3042857071428572,0.27428571142857144
2004,49,0.35714285142857144,0.3414285657142857,0.32857142,0.33999999671428566,0.3285714252857143,0.29857142857142854
2004,50,0.6099999942857143,0.5814285642857142,0.5228571371428571,0.6342856971428572,0.6142857085714286,0.5414285628571428
2004,51,0.5657142814285714,0.5385714142857143,0.5028571342857143,0.5842857085714286,0.5671428414285714,0.5042857028571428
2004,52,0.39285713057142857,0.37571428514285715,0.34571428228571427,0.39428570714285716,0.38428571,0.3428571365714285
2004,53,0.5771428371428572,0.5557142857142857,0.5071428471428572,0.60285714,0.5942857071428571,0.5385714171428572
2005,1,0.30857142571428575,0.2999999942857143,0.2857142794285714,0.2985714172857143,0.2971428487142857,0.2828571344285714
2005,2,0.3957142842857143,0.3842857,0.3685714157142857,0.38999999714285716,0.3871428571428571,0.37714285428571426
2005,3,0.6742857042857143,0.6542857028571428,0.6085714257142857,0.7028571285714286,0.6985714185714286,0.6585714285714286
2005,4,0.5228571428571429,0.5071428357142856,0.4685714257142857,0.5414285614285714,0.5414285471428572,0.5071428514285714
2005,5,0.3999999971428571,0.37142857,0.33999999,0.41142855571428566,0.37857142857142856,0.3357142842857143
2005,6,0.48428570857142855,0.4542857042857143,0.3999999971428571,0.5057142857142857,0.4728571271428571,0.41142856714285714
2005,7,0.5157142857142858,0.4799999957142857,0.43285713857142855,0.5271428571428571,0.4899999994285714,0.451428568
2005,8,0.46571428285714284,0.43571428285714286,0.37428570857142857,0.5028571342857143,0.46857142285714287,0.41000000000000003
2005,9,0.6699999999999999,0.62,0.5442856928571428,0.7171428471428571,0.6714285557142857,0.5771428371428572
2005,10,0.6557142857142857,0.6042857142857143,0.5342857071428572,0.6828571099999999,0.6385714271428571,0.5485714271428571
2005,11,0.43714285428571426,0.3999999942857143,0.3528571342857143,0.44714284857142855,0.41428571428571426,0.34857142428571425
2005,12,0.43285713285714283,0.3928571385714286,0.3685714228571429,0.42428571428571427,0.3899999914285714,0.3442857108571428
2005,13,0.6942857114285713,0.6528571371428572,0.5771428442857143,0.7499999942857143,0.7085714071428572,0.6214285505714285
2005,14,0.7771428542857143,0.7485714042857142,0.68714285,0.8485714128571429,0.8042857000000001,0.7342857057142858
2005,15,0.7757142857142857,0.7485714214285714,0.7114285614285715,0.8128571242857143,0.7728571214285714,0.7214285642857143
2005,16,0.7485714242857143,0.7242857014285714,0.6971428485714286,0.7571428471428572,0.7171428385714286,0.6742856871428572
2005,17,0.40285714285714286,0.39142855857142855,0.39571428,0.3828571314285714,0.3599999971428571,0.34142856714285713
2005,18,0.8057142528571429,0.7757142857142857,0.7171428457142858,0.8642857057142858,0.8199999642857143,0.74
2005,19,0.9185714285714285,0.8828571285714286,0.8242856885714286,0.9528571371428571,0.9057142857142857,0.8257142799999999
2005,20,1.6214285142857143,1.5557142428571427,1.442857114285714,1.7385713999999999,1.657142857142857,1.5128571285714283
2005,21,1.1314285457142856,1.0914285371428571,1.0599999885714284,1.145714267142857,1.0957142657142858,1.0128571285714287
2005,22,0.84571427,0.8142857085714285,0.7885714242857144,0.8228571385714286,0.7842856942857142,0.7371428428571428
2005,23,1.0728571114285714,1.0185714142857143,0.9571428428571428,1.0999999728571428,1.0414285714285714,0.9571428442857143
2005,24,1.6485714,1.5685713957142855,1.4699999514285713,1.67857141,1.5957142657142858,1.4357142571428572
2005,25,1.779999942857143,1.6971428285714285,1.5399999714285713,1.8514285142857143,1.7642856714285713,1.5328571285714285
2005,26,2.0442857,1.9285714142857144,1.7657142571428572,2.157142842857143,2.0428571285714283,1.8114285285714284
2005,27,2.3942857,2.249999914285714,2.0585713857142856,2.4999999571428573,2.3628571428571425,2.091428542857143
2005,28,2.5642856285714286,2.412857114285714,2.224285657142857,2.6585714285714284,2.5142856857142855,2.2271428285714285
2005,29,2.7485713428571428,2.5857142285714287,2.3514285,2.881428528571429,2.728571357142857,2.3871428428571426
2005,30,2.041428557142857,1.9199999428571428,1.7928570999999998,2.1042856857142858,1.9842856999999998,1.7842856857142857
2005,31,1.5528571228571428,1.43142857,1.2842857,1.6042857134285715,1.4871428281428571,1.2742857142857142
2005,32,1.2685713857142855,1.1585714228571429,1.0628571385714285,1.2885714142857143,1.1871428171428573,0.9871428514285715
2005,33,1.5228570714285714,1.4071428142857143,1.262857142857143,1.5928570857142859,1.4814285571428571,1.2614285714285713
2005,34,1.7542856571428571,1.6271428,1.4457142428571428,1.8671428285714284,1.741428542857143,1.4814285142857142
2005,35,1.8557142714285715,1.7371427999999998,1.5699999714285713,1.9371428571428573,1.821428557142857,1.5785714071428572
2005,36,1.7371428285714285,1.6314285571428573,1.4671428,1.8228571142857142,1.7185714,1.4857142571428572
2005,37,1.4071428428571429,1.3185714285714287,1.2071428528571428,1.4414285428571427,1.3557142857142856,1.1928571371428571
2005,38,1.6242856514285715,1.5214285214285714,1.418571394285714,1.6471428571428572,1.5499999857142857,1.405714252857143
2005,39,1.3614285285714285,1.2814285428571428,1.1828571257142857,1.4014285142857141,1.3157142414285714,1.181428542857143
2005,40,1.111428557142857,1.0385714285714285,0.9399999657142857,1.134285662857143,1.057142822857143,0.92714285
2005,41,0.6328571352857143,0.5799999942857142,0.5142857081428571,0.6514285485714285,0.5971428467142857,0.5185714228571429
2005,42,0.6871428485714286,0.6271428514285714,0.5771428499999999,0.6785714085714286,0.6185714128571428,0.5428571385714286
2005,43,0.7985714257142857,0.74,0.6785714214285715,0.79999999,0.7371428371428571,0.6528571385714287
2005,44,0.9485714242857143,0.87142854,0.7699999871428572,0.9671428471428571,0.9214285571428571,0.7714285671428571
2005,45,1.1242856857142856,1.037142842857143,0.9314285428571428,1.1285714285714286,1.07571424,0.9257142828571429
2005,46,0.48285713714285716,0.43571428285714286,0.3785714242857143,0.46571428285714284,0.43714284714285717,0.3499999957142857
2005,47,0.8228571271428571,0.7585714028571429,0.6742857085714286,0.8485714214285714,0.80571428,0.69571428
2005,48,0.3871428471428571,0.35571427571428565,0.3028571371428571,0.38714284857142856,0.3699999942857143,0.2928571414285714
2005,49,0.34857141857142854,0.32285713485714285,0.30428570485714285,0.3314285594285714,0.3185714265714286,0.27714285285714285
2005,50,0.33714284999999994,0.30999998714285715,0.28285714142857143,0.32571428571428573,0.3114285585714286,0.25857141685714286
2005,51,0.6528571285714285,0.6071428442857142,0.5328571285714286,0.67857142,0.6514285628571429,0.5557142742857143
2005,52,0.6642857142857144,0.61857142,0.5299999942857143,0.7071428514285714,0.68142856,0.5685714199999999
2006,1,0.8099999999999999,0.7557142685714285,0.6699999885714286,0.8385714128571429,0.8114285642857143,0.7057142857142857
2006,2,0.7742857114285714,0.7257142785714287,0.63857142,0.8014285642857143,0.77571425,0.6757142728571429
2006,3,0.3971428485714286,0.3657142785714286,0.3357142814285714,0.38285714,0.3699999942857143,0.31428571
2006,4,0.5842857042857144,0.5457142828571429,0.4928571371428571,0.5857142828571428,0.5657142785714285,0.4971428514285714
2006,5,0.5414285642857143,0.49999999714285714,0.43142856285714287,0.5628571328571429,0.5314285685714285,0.45428570285714287
2006,6,0.5142857028571429,0.4785714285714286,0.4285714242857143,0.52999999,0.4985714171428572,0.45142856142857146
2006,7,0.3585714171428571,0.3285714257142857,0.3185714257142857,0.32285713428571433,0.29714285714285715,0.27999999485714283
2006,8,0.5385714142857142,0.4999999885714286,0.45571427999999997,0.54714285,0.5142857142857143,0.47571428
2006,9,0.90999998,0.8471428514285714,0.7542857142857143,0.9657142757142857,0.9142857028571428,0.80714283
2006,10,0.5314285685714285,0.48857142571428575,0.4471428528571429,0.5257142814285715,0.4942856914285714,0.4457142714285714
2006,11,0.5399999885714285,0.49857142428571427,0.4542857085714286,0.5499999842857143,0.5185714171428571,0.46428569999999997
2006,12,0.3928571328571429,0.3585714228571429,0.34571428285714284,0.36428570571428576,0.3428571405714286,0.3171428557142857
2006,13,0.7471428471428572,0.6914285657142857,0.6285714242857142,0.7799999957142857,0.7314285485714286,0.6514285414285714
2006,14,0.9942856828571429,0.92428571,0.8485714242857144,1.0157142642857144,0.9528571285714287,0.8428571385714285
2006,15,1.4042856571428572,1.3142857,1.1899999614285712,1.4614285714285715,1.3757142214285716,1.2114285371428573
2006,16,1.3457142714285715,1.2599999857142856,1.161428542857143,1.3799999785714285,1.2985714214285713,1.1599999857142858
2006,17,0.7999999857142858,0.7371428457142857,0.6814285714285714,0.7999999999999999,0.745714267142857,0.6571428485714286
2006,18,0.83142856,0.7785714085714286,0.7399999942857143,0.8199999757142857,0.7685714257142857,0.6914285657142857
2006,19,1.0499999800000002,0.9857142785714286,0.9214285528571429,1.0728571314285715,1.0071428285714286,0.90714283
2006,20,1.6699999428571428,1.5728571285714286,1.4485713800000002,1.7399999714285717,1.6399999714285713,1.4614285714285715
2006,21,1.8828571285714286,1.7757142428571429,1.5899999714285715,1.999999957142857,1.8842856857142856,1.6442856714285714
2006,22,1.691428557142857,1.5885714,1.4628571242857142,1.7414285385714285,1.6457142242857141,1.4528571028571429
2006,23,2.2142855999999997,2.0799999714285713,1.8942856857142856,2.322857114285714,2.201428528571429,1.9457142142857144
2006,24,2.1128571,1.9857142714285716,1.8099999857142859,2.211428557142857,2.097142857142857,1.8542857
2006,25,1.9071428285714287,1.7914285714285714,1.671428557142857,1.9171428357142857,1.8214285714285714,1.6228570857142857
2006,26,1.911428542857143,1.7871428142857142,1.6114285428571429,2.0228571,1.9114285285714285,1.6599999714285716
2006,27,0.9514285571428571,0.8371428571428572,0.7514285685714286,0.9442856994285714,0.82999998,0.6699999928571428
2006,28,2.0842856514285715,1.91857138,1.7414285714285715,2.204285657142857,2.049999967142857,1.7885714000000001
2006,29,2.087142842857143,1.9214285285714285,1.717142857142857,2.215714257142857,2.052857114285714,1.7614285428571428
2006,30,2.0771428285714286,1.9071428142857143,1.6828570999999999,2.184285685714286,2.0242856857142857,1.7099999714285714
2006,31,1.4214285285714285,1.3257142714285715,1.1985713942857144,1.465714257142857,1.3599999642857143,1.145714267142857
2006,32,1.8214285285714287,1.7128571285714287,1.5314285142857142,1.951428557142857,1.8314285285714287,1.5528571
2006,33,1.3742857,1.2842856714285715,1.1928571214285715,1.4071428014285714,1.3057142714285714,1.12714281
2006,34,1.5499999642857143,1.4585714085714285,1.3328571285714286,1.6099999657142856,1.5028571142857143,1.2928571142857144
2006,35,1.2457142714285714,1.1771428542857143,1.1042856957142857,1.2599999714285715,1.1799999857142858,1.0385714071428571
2006,36,1.1314285714285715,1.0799999614285716,1.0271428571428571,1.1328571285714286,1.0685714085714286,0.9699999942857144
2006,37,1.2514285514285715,1.1928570957142859,1.0914285428571429,1.3199999857142857,1.247142824285714,1.1114285657142857
2006,38,0.7799999828571428,0.7428571342857142,0.6957142828571428,0.8071428528571428,0.7585713957142858,0.6814285657142857
2006,39,1.2828571142857144,1.2157142571428572,1.1157142785714285,1.3714285285714285,1.2899999714285715,1.1557142428571427
2006,40,1.2585713928571427,1.1599999857142858,1.03,1.3085713542857142,1.2128570971428572,1.0342857142857143
2006,41,0.6742857057142857,0.6085714228571428,0.5557142751428571,0.6499999928571428,0.5885714124285714,0.51571428
2006,42,0.38857142285714286,0.33999999571428574,0.3014285614285714,0.3757142785714286,0.32999999,0.27285713514285714
2006,43,0.7642857114285714,0.7014285642857142,0.6314285657142857,0.8128571428571428,0.7499999957142858,0.6642857048571429
2006,44,0.5785714142857142,0.5271428485714286,0.4742857114285714,0.5671428457142857,0.5342857,0.44714285142857146
2006,45,0.7771428357142858,0.7142857014285714,0.6371428528571429,0.7871428385714285,0.7457142699999999,0.6442856985714286
2006,46,0.6014285714285714,0.5499999942857142,0.4885714142857142,0.5957142771428572,0.5657142828571429,0.4771428542857143
2006,47,0.9628571228571429,0.8928571228571428,0.7928571257142857,0.9999999885714287,0.9571428571428572,0.8214285714285714
2006,48,0.27999999285714283,0.25285714285714284,0.22857142,0.26999999714285716,0.2557142842857143,0.21714285285714285
2006,49,0.6414285657142857,0.6057142714285714,0.5457142828571429,0.6657142857142857,0.6457142785714286,0.5842857114285714
2006,50,0.6157142814285714,0.5785714114285714,0.50571428,0.64285713,0.6257142785714286,0.54142857
2006,51,0.27714285714285714,0.25428571,0.23714285285714284,0.2585714242857143,0.24857142571428573,0.2185714262857143
2006,52,0.3014285628571428,0.27714285,0.26285713857142856,0.28428570999999997,0.27285713714285714,0.24428570857142856
2007,1,0.3585714257142857,0.3471428542857143,0.33285713714285714,0.35285714285714287,0.3642857042857143,0.36571427714285715
2007,2,0.31714285714285717,0.30999999714285714,0.31142856571428573,0.31,0.31999999,0.33428571428571424
2007,3,0.27428570571428573,0.26857142285714286,0.2585714214285714,0.2685714257142857,0.27999999714285717,0.2814285714285714
2007,4,0.35714285714285715,0.34714285285714286,0.33714284999999994,0.35571428285714285,0.3699999885714286,0.3714285628571429
2007,5,0.25571428142857144,0.2471428542857143,0.24999999857142857,0.2371428542857143,0.23999999857142856,0.24142856285714287
2007,6,0.6028571428571429,0.5928571342857143,0.5642857085714286,0.6128571371428572,0.6085714228571428,0.59142856
2007,7,0.3199999957142857,0.3128571357142857,0.31285714000000003,0.2971428542857143,0.2985714257142857,0.29571428285714285
2007,8,0.5228571399999999,0.5142857142857143,0.4871428485714286,0.5371428414285714,0.5357142671428571,0.51857142
2007,9,0.3471428542857143,0.32714285,0.31142856999999996,0.33428570714285716,0.32142856714285717,0.30428571285714284
2007,10,0.7999999857142858,0.7499999885714285,0.6942857142857143,0.8042857,0.77285713,0.7185714228571428
2007,11,1.1085714,1.0385714142857143,0.9485714142857142,1.1485714257142856,1.1028571228571429,1.0028571242857143
2007,12,0.9499999857142857,0.8885714285714287,0.8214285528571429,0.9585714242857143,0.9199999857142858,0.8371428571428571
2007,13,0.5999999899999999,0.5585714114285715,0.5099999828571429,0.6085714014285715,0.5842857128571428,0.5185714271428571
2007,14,0.5385714271428571,0.5157142771428572,0.50714285,0.5314285657142858,0.5028571428571429,0.4828571428571428
2007,15,0.5614285657142857,0.5357142771428571,0.49285713999999997,0.5999999957142857,0.5685714057142857,0.52428571
2007,16,0.7757142757142858,0.7428571371428572,0.6899999914285715,0.8257142628571428,0.7842856942857143,0.7314285657142857
2007,17,0.8114285614285714,0.7785714085714286,0.7285714142857144,0.852857142857143,0.8099999814285714,0.7557142671428572
2007,18,0.7357142771428571,0.7071428542857143,0.6671428571428571,0.7614285614285714,0.7271428571428571,0.6714285642857142
2007,19,1.087142837142857,1.0371428571428571,0.9557142599999999,1.1514285528571429,1.0985714257142856,0.9857142814285714
2007,20,1.0399999942857143,0.9985714214285714,0.9557142628571428,1.0699999714285713,1.0228571242857143,0.9414285671428572
2007,21,0.9014285585714286,0.8599999942857143,0.8228571428571428,0.9214285571428571,0.8785714142857143,0.8142857142857143
2007,22,0.9928571385714287,0.9814285371428573,0.9485714285714286,0.99857141,0.9614285657142858,0.9157142728571428
2007,23,1.3785713942857143,1.3657142657142856,1.2971428142857142,1.4485714085714285,1.3957142657142856,1.3214285528571428
2007,24,1.639999937142857,1.6371428428571428,1.5828571285714286,1.6814285385714285,1.6271428214285713,1.5557142671428572
2007,25,2.321428542857143,2.2799999428571427,2.1571428285714283,2.424285671428571,2.3299999428571425,2.1628571285714284
2007,26,2.0599999571428573,2.034285657142857,1.9914285428571428,2.0714284714285713,1.9971428428571427,1.9042857142857144
2007,27,2.077142842857143,1.9728571,1.8514285714285716,2.1571428285714283,2.0342856714285715,1.842857142857143
2007,28,1.8628570857142857,1.7671428285714286,1.6457142,1.895714257142857,1.7871428142857142,1.5914285142857143
2007,29,2.2628571142857146,2.152857057142857,1.9314285714285713,2.3999999285714284,2.27,1.9857142571428572
2007,30,1.5814285657142857,1.4985713942857142,1.3742856814285713,1.6357142714285715,1.53571425,1.3528570928571428
2007,31,1.3971428285714287,1.3057142714285714,1.2142856857142859,1.4485714,1.3614285428571429,1.2185714
2007,32,1.765714257142857,1.6557142714285715,1.5314285642857144,1.8885713857142856,1.7842857142857143,1.6171428142857143
2007,33,1.6742857,1.5699999714285713,1.4314285142857144,1.7685714000000001,1.6699999857142858,1.4871428285714285
2007,34,1.8442856714285714,1.7299999857142858,1.6385714,1.8757142857142857,1.7742856714285715,1.6471428285714285
2007,35,1.4728571285714285,1.3899999714285713,1.2942857142857143,1.531428557142857,1.4428571285714287,1.3157142571428573
2007,36,1.3714285285714285,1.30714285,1.217142857142857,1.4328571285714287,1.355714257142857,1.234285667142857
2007,37,1.3071428142857144,1.2414285685714286,1.1985714142857142,1.294285682857143,1.2214285714285715,1.1371428228571427
2007,38,1.4385714,1.3671428428571428,1.2499999857142858,1.5428571000000002,1.4585714142857142,1.319999985714286
2007,39,1.0828571085714285,1.0242856957142856,0.9871428371428571,1.0842857142857143,1.0242856657142858,0.9728571314285714
2007,40,1.4599999857142856,1.3742856857142858,1.2457142657142857,1.5142856571428571,1.4385714142857142,1.2871428285714284
2007,41,1.1171428514285713,1.0414285571428572,0.9928571357142858,1.0814285257142857,1.0185714252857143,0.9442856728571429
2007,42,0.7385714257142857,0.6842856900000001,0.6285714042857143,0.7499999942857143,0.7028571314285713,0.6285714285714287
2007,43,0.8385714142857142,0.7828571328571429,0.7385714214285715,0.8699999942857143,0.8199999757142857,0.7657142714285714
2007,44,0.8914285642857143,0.8499999914285714,0.7842857085714287,0.937142857142857,0.9099999971428571,0.84999998
2007,45,1.0728571171428571,1.0357142714285714,0.9771428571428571,1.1057142857142856,1.0914285514285713,1.0399999657142858
2007,46,0.8599999928571428,0.8257142614285714,0.7728571385714286,0.8771428200000001,0.8642857085714286,0.8099999814285714
2007,47,0.48571426514285715,0.4628571428571429,0.4614285671428571,0.4542857128571428,0.4471428571428571,0.43714285714285717
2007,48,0.48714285428571424,0.4642857057142857,0.4342857085714286,0.47571428,0.4657142771428572,0.43714284999999997
2007,49,0.5214285657142858,0.4942857114285714,0.43999999142857144,0.5314285557142857,0.5185714114285714,0.4642856985714286
2007,50,0.26142856857142854,0.24571428,0.23857141857142855,0.24714285285714285,0.24142856714285715,0.23285713057142857
2007,51,0.3857142785714286,0.36857142,0.3385714185714286,0.39857142142857144,0.38857142285714286,0.35857142428571426
2007,52,0.23857142714285715,0.22428570857142857,0.21285713857142857,0.2371428557142857,0.2271428477142857,0.21714285200000003
2008,1,0.52571427,0.49999999142857143,0.4642857057142857,0.5199999885714285,0.5114285642857143,0.47714285
2008,2,0.35142856285714286,0.33285713714285714,0.29857142000000003,0.34999999142857147,0.34428570571428574,0.30571428
2008,3,0.34857141999999997,0.3285714257142857,0.3014285685714286,0.34142857142857147,0.3371428514285714,0.30999999857142857
2008,4,0.42571427285714286,0.40285713714285715,0.3799999871428571,0.41285713714285716,0.40428570571428574,0.3785714257142857
2008,5,0.3728571314285714,0.35142856285714286,0.31857142857142856,0.3742857114285715,0.3628571357142857,0.3314285642857143
2008,6,0.3628571385714286,0.33857142,0.3228571314285714,0.3385714257142857,0.319999992,0.3014285605714286
2008,7,0.49571427714285715,0.46714284857142857,0.43,0.48999999714285714,0.4657142714285714,0.43571428285714286
2008,8,0.5828571328571428,0.5514285571428571,0.4971428428571429,0.6042857028571429,0.5771428500000001,0.5228571314285714
2008,9,0.6942857071428571,0.6528571342857142,0.58714285,0.7157142771428572,0.6785714228571429,0.6142857142857142
2008,10,0.3628571371428571,0.33428571285714287,0.3099999928571428,0.35714284999999996,0.33857142285714287,0.2999999957142857
2008,11,0.6071428571428571,0.56571428,0.51285713,0.6342857042857143,0.60285714,0.5371428414285714
2008,12,0.5185714171428571,0.4785714228571428,0.43857142000000005,0.5171428542857143,0.48857142342857146,0.42857142800000003
2008,13,0.7799999857142856,0.7271428514285715,0.6799999785714286,0.7714285685714285,0.7357142771428571,0.6728571285714285
2008,14,0.6699999942857142,0.6428571242857143,0.6057142857142858,0.6642857028571428,0.6228571214285713,0.5799999828571428
2008,15,0.5128571428571428,0.49285713999999997,0.4757142828571429,0.5028571357142857,0.4699999885714285,0.4371428528571429
2008,16,1.0914285714285714,1.0485713757142856,0.9571428428571428,1.17,1.1085714071428572,0.9942857071428571
2008,17,0.9828570814285714,0.9442857085714286,0.874285707142857,1.0357142857142858,0.9814285371428572,0.8928571042857143
2008,18,1.0128571257142858,0.9628571285714286,0.8885713942857142,1.0685714099999999,1.01,0.90999998
2008,19,1.0057142728571429,0.9542857085714286,0.8842857142857142,1.0414285714285714,0.9871428571428572,0.8957142714285714
2008,20,0.8685714257142857,0.8242856914285716,0.7628571214285714,0.8885714142857142,0.8442857042857143,0.7442857042857144
2008,21,1.349999967142857,1.281428547142857,1.1771428428571429,1.3971428428571429,1.3285714100000001,1.18571426
2008,22,1.2757142857142856,1.2128571028571429,1.1514285285714287,1.2557142485714283,1.1928571242857142,1.0842857000000001
2008,23,1.2528571142857143,1.1928571428571428,1.147142822857143,1.2442856500000001,1.1771428528571428,1.0914285714285714
2008,24,1.6457142428571427,1.5657142571428573,1.4271428428571429,1.7228570857142855,1.6299999857142855,1.4542857
2008,25,1.8885714285714283,1.8028570857142856,1.6814285285714285,1.8957142428571427,1.7971428285714286,1.6128571085714287
2008,26,2.0871428,1.99,1.8171428285714286,2.164285714285714,2.0571428285714286,1.8128571
2008,27,2.1828570857142857,2.052857114285714,1.855714257142857,2.207142842857143,2.0614285285714287,1.808571414285714
2008,28,2.0299999428571427,1.9042857000000002,1.7285713999999999,2.085714257142857,1.944285657142857,1.701428557142857
2008,29,2.4042856857142856,2.259999957142857,2.039999942857143,2.511428557142857,2.349999957142857,2.058571357142857
2008,30,2.317142857142857,2.1714285285714285,1.9499999857142856,2.4171427571428574,2.2542856571428573,1.9514285142857142
2008,31,2.5985714142857144,2.4685713999999996,2.1914285571428573,2.7785713857142857,2.6342856714285716,2.3214285
2008,32,1.3757142428571427,1.327142857142857,1.2285714142857143,1.4157142714285713,1.3585713871428573,1.225714257142857
2008,33,1.1057142714285715,1.0628571285714286,1.0099999714285715,1.1285714137142857,1.0771428114285713,0.9899999542857143
2008,34,1.5142856571428571,1.455714252857143,1.41857138,1.5085714142857143,1.44285711,1.345714267142857
2008,35,1.6314285571428573,1.5699999571428571,1.4885714142857143,1.6857142571428572,1.6128570999999998,1.4914285571428572
2008,36,0.8714285585714286,0.8499999899999999,0.8457142685714285,0.8757142785714286,0.8371428471428571,0.81571428
2008,37,0.7814285685714285,0.7628571142857143,0.7628571171428572,0.7642857000000001,0.7285714014285715,0.7114285514285713
2008,38,1.2157142714285716,1.1728571285714284,1.0899999814285715,1.3071428285714286,1.2457142714285714,1.1542856957142857
2008,39,1.4128571142857143,1.3628571142857144,1.2642856714285713,1.5271428285714284,1.4557142285714286,1.3571428428571426
2008,40,1.2157142857142857,1.1857142571428572,1.1242857,1.2528571085714284,1.1999999785714286,1.1271428228571427
2008,41,0.8071428428571429,0.7899999885714285,0.7957142571428572,0.7599999794285714,0.7285714265714286,0.7314285657142857
2008,42,0.9142856857142857,0.888571417142857,0.8514285485714286,0.9214285485714286,0.8799999942857143,0.8214285585714285
2008,43,0.6499999885714285,0.6328571371428572,0.6071428571428571,0.6542857142857142,0.6214285457142857,0.5914285514285714
2008,44,1.3099999714285713,1.2742856857142857,1.181428557142857,1.3757142714285713,1.3257142428571427,1.217142857142857
2008,45,0.6685714128571428,0.64714285,0.5957142771428572,0.6685714285714285,0.6499999928571428,0.5728571428571428
2008,46,0.5414285657142857,0.5214285542857143,0.48999999714285714,0.5242857028571428,0.5071428485714286,0.44857141857142857
2008,47,0.8585714185714286,0.8328571428571429,0.7642857028571429,0.8885714214285715,0.8628571385714287,0.7828571428571429
2008,48,0.5885714262857142,0.5699999937142858,0.5385714285714286,0.5828571108571429,0.5671428471428571,0.512857121
2008,49,0.5228571314285714,0.4928571291428571,0.441428562,0.5485714185714285,0.5285714228571429,0.48428570857142855
2008,50,0.41285714285714287,0.3885714285714285,0.34857142571428573,0.42428570857142855,0.40571428285714284,0.36999999057142857
2008,51,0.2642857085714286,0.24714285285714285,0.23714285285714284,0.24714285142857143,0.2371428542857143,0.22857142428571428
2008,52,0.29142856857142857,0.27142856857142855,0.24857142285714287,0.2899999914285714,0.27857142571428567,0.24999999857142857
2009,1,0.5714285571428571,0.5314285642857143,0.47714284999999995,0.5828571428571429,0.5585714114285715,0.49857142485714284
2009,2,0.4971428514285714,0.45285713428571434,0.3999999971428571,0.5142857057142857,0.48714285142857144,0.41999999714285713
2009,3,0.5799999957142857,0.5328571414285714,0.47714284285714287,0.5799999871428572,0.5528571428571428,0.4757142657142857
2009,4,0.7799999900000001,0.7228571300000001,0.6314285571428572,0.8099999999999999,0.7757142771428571,0.6671428300000001
2009,5,0.4714285557142857,0.43571427571428567,0.40142856,0.4614285671428572,0.43571428142857144,0.3857142742857143
2009,6,0.7528571114285715,0.70285714,0.6285714128571429,0.7742857028571429,0.7242856985714285,0.6342857085714285
2009,7,0.3371428542857143,0.30428571,0.2842857085714286,0.31571428142857144,0.27857142242857147,0.24428571385714284
2009,8,0.6371428542857143,0.5942857114285715,0.5271428485714286,0.66714284,0.6214285614285714,0.5442857142857143
2009,9,0.7871428528571428,0.7271428457142858,0.6385714228571429,0.8257142657142857,0.7671428457142857,0.66999999
2009,10,0.9914285614285714,0.9128571228571428,0.8057142685714285,1.0399999757142857,0.9742857,0.8414285514285714
2009,11,0.6542857057142858,0.5971428542857142,0.5499999871428571,0.6485714285714286,0.6014285571428571,0.54285714
2009,12,1.1442856785714286,1.0485713971428572,0.9328571157142856,1.181428557142857,1.1028571357142858,0.9528571328571429
2009,13,0.4685714142857143,0.4142857071428571,0.3728571357142857,0.4585714185714286,0.41571428571428576,0.3585714195714286
2009,14,0.34714285285714286,0.32142856571428574,0.2914285657142857,0.3499999957142857,0.3242857142857143,0.2814285642857143
2009,15,0.6957142771428572,0.6557142771428571,0.6128571328571428,0.7328571342857143,0.6899999857142857,0.6428571228571428
2009,16,0.5899999985714286,0.5585714057142857,0.5185714242857143,0.6071428505714286,0.5742857105714286,0.5157142857142857
2009,17,0.9657142585714286,0.91285714,0.8499999899999999,1.0171428571428571,0.9628571285714286,0.8871428385714285
2009,18,0.6328571185714286,0.5942857028571428,0.5957142814285714,0.5971428428571429,0.5585714157142857,0.5442857085714287
2009,19,0.9914285385714285,0.9242856828571429,0.8442857,1.0571428571428572,0.9942856857142858,0.8914285471428572
2009,20,1.1728571142857143,1.0942857099999999,1.03,1.2099999942857143,1.1385713942857143,1.0428571
2009,21,1.1614285714285713,1.0871428342857141,1.0,1.1942856828571426,1.128571397142857,0.9914285628571429
2009,22,0.9471428285714286,0.8871428371428571,0.8171428471428571,0.9714285371428572,0.9114285571428571,0.8085714057142858
2009,23,0.8242856928571428,0.765714262857143,0.7257142814285714,0.8185714108571428,0.7685714114285714,0.7085714071428572
2009,24,0.8271428342857143,0.7642856971428571,0.7399999814285714,0.7842857071428571,0.7342856971428571,0.6971428371428571
2009,25,1.0885714085714286,1.0128571314285715,0.9314285657142857,1.112857137142857,1.045714232857143,0.9357142485714285
2009,26,1.4414285142857144,1.3442856857142857,1.2299999671428572,1.4871428428571427,1.4042856857142856,1.2428571357142857
2009,27,1.2742856942857144,1.2099999857142856,1.1471428314285714,1.3399999999999999,1.2757142599999998,1.1714285514285714
2009,28,1.7428571142857143,1.6542856714285714,1.5785714142857141,1.8157142857142858,1.7328570714285714,1.6385714
2009,29,1.6714285285714285,1.5842856857142855,1.5099999857142856,1.7214285285714286,1.6414285285714285,1.531428557142857
2009,30,1.4842856942857143,1.4099999942857142,1.3285714142857141,1.5342856814285715,1.4628571285714285,1.3499999999999999
2009,31,1.1014285657142857,1.049999957142857,1.02571428,1.0999999714285713,1.04428571,0.9799999728571428
2009,32,2.0042857,1.911428542857143,1.8028571285714285,2.065714257142857,1.9728571428571429,1.8357142714285715
2009,33,1.6985713714285713,1.624285714285714,1.5199999714285715,1.7699999714285715,1.691428557142857,1.5557142285714285
2009,34,1.6471428,1.5742857142857143,1.4957142571428572,1.6871428242857143,1.6142856714285716,1.4914285285714286
2009,35,1.2671428214285714,1.2214285514285714,1.199999967142857,1.2628571242857143,1.2157142714285716,1.1399999557142857
2009,36,1.7414285285714288,1.6542856999999997,1.535714257142857,1.8128570857142858,1.7257142428571428,1.5785714142857141
2009,37,1.2971428285714286,1.2214285514285714,1.1428571285714286,1.3328571085714285,1.2642857,1.1471428428571429
2009,38,1.1214285657142857,1.0614285571428572,1.0028571185714286,1.1285714285714286,1.0728571285714286,0.9699999785714286
2009,39,0.7671428428571428,0.72285714,0.7099999971428571,0.7657142685714285,0.7242857057142856,0.6785714114285714
2009,40,0.9628571228571429,0.9228571357142857,0.8899999857142857,0.9742857042857143,0.9299999714285715,0.871428532857143
2009,41,0.4799999942857142,0.4614285642857143,0.4685714157142857,0.45,0.42857142571428575,0.411428568
2009,42,0.8685714042857143,0.8414285642857143,0.8028571314285714,0.8814285571428572,0.8442857042857143,0.8042857142857143
2009,43,0.5228571362857143,0.5057142762857143,0.4799999971428571,0.5457142571428572,0.5242857128571429,0.4828571428571428
2009,44,0.35714285385714284,0.3428571414285715,0.32142856957142857,0.3657142742857143,0.3514285714285714,0.33
2009,45,1.027142842857143,0.9914285514285713,0.9414285685714285,1.0542856814285713,1.0271428514285714,0.99571426
2009,46,0.6228571371428571,0.5985714252857143,0.58571428,0.5999999828571428,0.5871428542857143,0.5785714285714285
2009,47,0.6428571342857143,0.618571422857143,0.6042857114285713,0.6214285614285714,0.6071428428571428,0.5957142728571428
2009,48,0.6057142828571429,0.58285714,0.55571427,0.6199999885714286,0.6057142828571428,0.5871428514285714
2009,49,0.2985714172857143,0.28857142757142856,0.2685714184285714,0.30142857100000003,0.2957142771428571,0.2785714285714286
2009,50,0.26428571342857143,0.25571427914285716,0.24285713999999997,0.2657142852857143,0.25714285242857143,0.24428570099999997
2009,51,0.5285714285714286,0.5142857057142857,0.46428569428571426,0.5699999885714285,0.55714285,0.51285714
2009,52,0.2799999905714286,0.26999999942857145,0.25571428485714287,0.27999999428571426,0.26857142714285714,0.2585714242857143
2009,53,0.31142856999999996,0.29571428,0.29142856857142857,0.29428570857142855,0.2928571328571428,0.27857142142857144
2010,1,0.38428570142857144,0.3785714228571429,0.3742857114285715,0.38285713857142856,0.3928571385714286,0.3785714242857142
2010,2,0.7728571371428572,0.7385714171428571,0.7128571371428573,0.7699999914285715,0.7557142671428572,0.72142856
2010,3,0.5014285685714286,0.47142855714285714,0.43714284285714283,0.5042857028571428,0.49285713428571426,0.4499999914285714
2010,4,0.4042857114285714,0.3814285685714286,0.3714285671428571,0.3957142828571429,0.3942857128571428,0.3757142842857143
2010,5,0.44428571142857143,0.4142857085714286,0.38428571342857143,0.44857141714285714,0.42285713628571425,0.38999999942857144
2010,6,0.2885714285714286,0.26999999914285716,0.25142856914285716,0.2842857085714286,0.2685714265714286,0.24857142571428573
2010,7,0.19285714,0.1757142857142857,0.16571428428571428,0.1885714257142857,0.1742857114285714,0.16571428285714287
2010,8,0.39714285714285713,0.3699999942857143,0.35285713714285716,0.39428571142857144,0.3771428542857143,0.34857141999999997
2010,9,0.5342857028571428,0.4971428542857143,0.4771428542857143,0.5228571285714285,0.4985714257142857,0.4628571357142857
2010,10,0.4628571357142857,0.42571427714285714,0.3814285614285714,0.46571428285714284,0.4342857142857143,0.381428568
2010,11,0.6242856999999999,0.5928571385714285,0.5614285642857143,0.6385714242857142,0.6214285714285713,0.5642856971428571
2010,12,0.5442857057142857,0.5085714214285714,0.48142856571428577,0.5457142757142858,0.5271428485714286,0.4757142742857142
2010,13,0.9428571242857142,0.8885713900000001,0.8114285600000001,0.9742856857142856,0.9157142857142857,0.8171428542857143
2010,14,0.8314285514285714,0.7857142828571428,0.7357142771428571,0.8471428514285714,0.7971428385714285,0.7214285628571429
2010,15,0.8828571357142857,0.8428571228571428,0.7857142828571428,0.9085713885714286,0.8585714071428571,0.7671428485714286
2010,16,0.5614285657142857,0.5385714285714286,0.52857142,0.554285708,0.5157142742857143,0.4785714248571429
2010,17,0.7128571257142857,0.6699999942857142,0.61571428,0.7328571257142856,0.6857142785714286,0.6128571342857142
2010,18,0.8057142857142858,0.7685714285714286,0.7257142585714285,0.8228571271428571,0.7685714,0.7042856842857143
2010,19,0.41285713999999996,0.4014285624285714,0.4042857108571428,0.39142857142857146,0.37714285428571426,0.36142855714285715
2010,20,1.1628571242857144,1.1099999942857142,1.0514285357142856,1.1671428285714285,1.101428557142857,1.0142856942857141
2010,21,1.5228571142857141,1.4399999714285714,1.3342857085714286,1.5357142714285712,1.4357142285714286,1.2971428514285714
2010,22,1.7557142571428572,1.6642857142857144,1.5585714,1.7999999714285713,1.6999999857142858,1.5428571285714285
2010,23,1.0014285428571428,0.9614285499999999,0.9285714142857142,0.9628571428571429,0.9071428414285715,0.8614285700000001
2010,24,1.6442856857142856,1.5685713942857142,1.4885714142857143,1.6642856857142856,1.5857142571428573,1.4628571285714287
2010,25,2.0828571285714284,1.981428542857143,1.8442856857142857,2.1242857,2.018571385714286,1.8214285428571428
2010,26,2.0014285228571427,1.8914285514285716,1.7428571142857143,2.0714285657142857,1.9542856857142858,1.7414285285714286
2010,27,1.397142822857143,1.3071428399999998,1.2285713828571427,1.427142814285714,1.3385714,1.2028571257142855
2010,28,2.6857142428571428,2.5285714285714285,2.328571385714286,2.802857085714286,2.6642856571428575,2.3685714285714288
2010,29,1.7414285142857142,1.6342857,1.5314285142857142,1.7857142714285714,1.665714242857143,1.4957142571428572
2010,30,1.8428570714285715,1.7128571142857143,1.5671428142857144,1.9057142714285715,1.7699999714285715,1.5614285428571428
2010,31,1.5742857000000001,1.4585714142857142,1.3299999999999998,1.625714242857143,1.5114285428571428,1.3171428428571428
2010,32,1.8428570285714285,1.7085714,1.5642856714285713,1.9014285714285715,1.7728571,1.5557142428571429
2010,33,2.061428557142857,1.9057142714285713,1.7314285571428571,2.1128571428571425,1.9599999285714287,1.7228571142857143
2010,34,2.1428571285714284,1.99142855,1.8099999857142859,2.2028571285714285,2.0699999142857144,1.8228571142857142
2010,35,1.88999995,1.7757142714285714,1.6528571285714284,1.9485714142857142,1.821428557142857,1.63999998
2010,36,1.8199999571428571,1.7028571285714287,1.5642856714285713,1.8714285285714283,1.7385714142857143,1.5528571285714285
2010,37,2.054285692857143,1.9471428428571431,1.8399999714285715,2.0885713428571426,1.9628570999999997,1.794285692857143
2010,38,1.6857142285714286,1.5999999857142857,1.5057142285714284,1.7342856999999998,1.6271428285714287,1.4814285228571429
2010,39,1.6542856714285714,1.5757142571428573,1.5028571285714285,1.6714285142857144,1.5742857000000001,1.4414285671428573
2010,40,1.2285713999999999,1.1485714185714286,1.0399999785714285,1.2414285571428572,1.148571402857143,1.0199999857142859
2010,41,1.0699999857142857,1.0114285657142859,0.9499999642857143,1.0599999785714285,0.9885714257142857,0.9071428514285714
2010,42,0.8671428499999999,0.8142856871428571,0.7457142814285714,0.8742856971428571,0.8157142728571429,0.7371428371428571
2010,43,0.9742856728571428,0.9185714028571429,0.8285714085714285,0.9985714228571428,0.9342857085714286,0.8385714142857142
2010,44,1.1214285457142856,1.0571428314285714,0.9771428385714286,1.1299999785714285,1.08571426,0.9799999942857143
2010,45,0.5114285628571429,0.4714285714285714,0.42999998,0.4985714257142857,0.4685714142857143,0.4157142714285714
2010,46,0.6585714228571428,0.6371428442857142,0.6099999971428571,0.6571428542857143,0.6499999971428572,0.5985714285714286
2010,47,0.5599999814285714,0.52571428,0.47285714,0.5642857085714286,0.5399999942857143,0.47714285714285715
2010,48,0.53857142,0.5171428485714286,0.47714285142857144,0.5442857042857143,0.52999999,0.47857141485714283
2010,49,0.6157142728571429,0.5842857057142857,0.5342857085714285,0.61428569,0.5957142771428572,0.5428571342857144
2010,50,0.6085714285714285,0.5714285657142858,0.5128571385714286,0.6057142799999999,0.5742856942857142,0.5142857094285714
2010,51,0.4499999928571428,0.43285713714285706,0.41571427571428565,0.4457142828571429,0.43571428,0.40285713714285715
2010,52,0.40428571,0.37857142857142856,0.35142856628571423,0.40428571142857145,0.38428571342857143,0.34714285
2011,1,0.43999999,0.4228571371428571,0.3957142771428571,0.4414285642857143,0.43999999142857144,0.40571428000000004
2011,2,0.41285713285714287,0.39571428,0.3714285685714286,0.41285714285714287,0.4099999914285714,0.3785714252857143
2011,3,0.45428571,0.42999999714285714,0.3957142828571429,0.46285714,0.45285714,0.40999999285714284
2011,4,0.6585714100000001,0.6257142800000001,0.58428569,0.6799999971428571,0.6628571342857142,0.6114285571428572
2011,5,0.158571423,0.15142856757142859,0.13857142814285714,0.15571427899999998,0.14999999814285717,0.13285713857142858
2011,6,0.3957142771428571,0.3814285685714286,0.35571427914285714,0.40428571142857145,0.3885714248571429,0.3599999848571428
2011,7,0.82285713,0.7785714142857143,0.7199999957142857,0.8599999928571428,0.8228571314285714,0.7542856971428572
2011,8,0.5242857,0.5014285542857143,0.4657142771428572,0.54142856,0.5214285657142856,0.4814285685714285
2011,9,0.8085714,0.75857142,0.7057142742857143,0.8371428371428572,0.7999999942857142,0.7199999942857142
2011,10,0.6571428514285714,0.6185714171428571,0.5757142742857143,0.6699999942857142,0.6414285628571429,0.5785714085714285
2011,11,1.0099999857142856,0.9499999871428572,0.88285711,1.0471428571428572,0.9971428571428571,0.8999999857142856
2011,12,0.82285712,0.7785714142857143,0.72571427,0.8528571228571428,0.8171428371428571,0.7414285500000001
2011,13,0.8542857085714285,0.8085714085714286,0.7471428442857143,0.8957142857142857,0.8428571428571429,0.7557142757142857
2011,14,0.86428571,0.8242856914285713,0.7685714085714286,0.8999999742857143,0.8514285685714286,0.7671428442857142
2011,15,0.8042856985714285,0.7671428528571429,0.7142857142857143,0.8371428357142856,0.7899999742857143,0.7114285671428571
2011,16,0.7357142814285714,0.7057142657142856,0.6628571285714286,0.7542857085714285,0.7128571328571428,0.6485714171428573
2011,17,0.6699999857142858,0.6357142828571428,0.5857142771428572,0.7014285657142858,0.657142837142857,0.58285712
2011,18,1.1799999628571427,1.1214285528571428,1.0399999728571427,1.2385714142857143,1.1699999685714284,1.0499999942857143
2011,19,0.6999999985714285,0.6757142857142858,0.6414285542857143,0.7199999814285715,0.6857142671428571,0.6242857128571428
2011,20,0.6771428471428571,0.6671428471428571,0.6442857042857143,0.6785714257142857,0.65857142,0.6157142828571428
2011,21,0.9828571428571429,0.9714285714285714,0.9399999857142858,0.9942856971428571,0.9671428542857142,0.9057142514285713
2011,22,1.7971428571428572,1.7314285142857142,1.6257142285714286,1.8657142714285715,1.7914285571428572,1.6314285428571431
2011,23,1.807142857142857,1.7357142142857143,1.6271428142857143,1.8742856714285716,1.7899999857142856,1.625714242857143
2011,24,1.7742856714285715,1.6914285428571427,1.5742857142857143,1.8471428285714284,1.749999957142857,1.5799999857142857
2011,25,1.7128571428571429,1.6542856657142855,1.5628571428571427,1.7699999685714285,1.694285692857143,1.55142855
2011,26,2.2914285285714286,2.1885714142857142,2.0471428,2.3771428,2.264285657142857,2.0485714285714285
2011,27,1.8642856857142858,1.7685713857142855,1.6485714,1.9299999428571428,1.8242856857142857,1.6357142142857144
2011,28,1.6285714,1.549999957142857,1.4499999657142857,1.6842856428571429,1.5899999999999999,1.4285714000000003
2011,29,2.264285685714286,2.144285714285714,1.9899999857142858,2.3671428428571426,2.235714242857143,1.9971428285714286
2011,30,1.9942856714285715,1.8828571142857145,1.7399999714285717,2.0914285285714285,1.9642856857142856,1.7485713999999999
2011,31,1.8871428571428572,1.7757142428571429,1.6371428285714287,1.984285657142857,1.8628570999999998,1.6471428
2011,32,2.237142857142857,2.1242856857142858,1.9728570857142855,2.322857114285714,2.212857142857143,1.9757142857142858
2011,33,2.149999942857143,2.0285713857142857,1.8771428,2.2499998999999997,2.127142842857143,1.8914285285714285
2011,34,2.3871428142857143,2.2457142285714284,2.0657142714285714,2.5142856714285715,2.3671428142857143,2.0942857
2011,35,1.8514285285714287,1.7528571142857141,1.6314285285714285,1.9242857142857144,1.8171427857142857,1.6285713714285712
2011,36,1.2071428128571429,1.1499999857142857,1.0785714085714286,1.24999998,1.1799999500000002,1.0614285571428572
2011,37,1.0485714071428571,1.0014285442857143,0.9357142642857142,1.0857142785714287,1.0257142385714286,0.9228571357142857
2011,38,1.49999998,1.434285657142857,1.3428571142857142,1.557142807142857,1.477142842857143,1.3371428285714286
2011,39,1.7357142657142857,1.6585714142857142,1.5542856999999999,1.80714281,1.709999967142857,1.5571428285714286
2011,40,1.0471428571428572,0.9928571042857143,0.9214285314285714,1.0928571242857144,1.0242857071428573,0.9257142642857143
2011,41,1.20285711,1.1528571228571427,1.08571425,1.2357142742857141,1.1757142385714285,1.0785713942857142
2011,42,0.9399999657142857,0.9014285571428571,0.8457142685714285,0.9671428571428571,0.9142857071428571,0.8357142714285715
2011,43,0.6985714095714286,0.668571421,0.6299999981428571,0.7171428457142858,0.6799999785714286,0.6214285557142857
2011,44,0.6399999914285714,0.6099999942857143,0.5699999871428572,0.6557142738571429,0.6371428538571429,0.5785714171428572
2011,45,0.5799999914285714,0.5442857,0.49999999285714286,0.5957142785714286,0.5685714114285714,0.49999998571428567
2011,46,0.58999999,0.5628571428571428,0.5257142771428571,0.5999999957142857,0.5871428471428571,0.5299999885714286
2011,47,0.7828571400000001,0.7471428485714285,0.6928571385714285,0.8099999928571429,0.7828571342857142,0.7085714085714285
2011,48,0.5099999985714285,0.4842857142857143,0.4528571377142857,0.5185714271428571,0.5071428557142857,0.4571428482857143
2011,49,0.3214285652857143,0.30999999385714283,0.2928571414285714,0.31857142,0.31428570571428566,0.2871428571428571
2011,50,0.49571428285714286,0.48285713714285716,0.4542857085714286,0.49999999285714286,0.4942857042857143,0.4571428442857143
2011,51,0.3299999967142857,0.3185714195714286,0.29999999714285713,0.32857142285714286,0.32571427714285717,0.29428571142857146
2011,52,0.57142856,0.5499999914285715,0.5142857114285714,0.5771428428571428,0.5671428485714286,0.51857142
2012,1,0.6685714271428571,0.6314285457142857,0.5885714271428572,0.6771428342857143,0.6614285685714286,0.6057142785714286
2012,2,0.5528571400000001,0.5271428457142857,0.4928571342857143,0.5599999971428572,0.5499999928571428,0.5042856957142857
2012,3,0.5814285642857142,0.5442857142857143,0.49999999428571423,0.5985714242857142,0.5814285685714287,0.52857141
2012,4,0.5999999914285714,0.56714284,0.52571428,0.6171428371428572,0.5999999914285714,0.5485714214285714
2012,5,0.438571428,0.41857142857142854,0.3871428471428571,0.4528571314285714,0.4342857124285714,0.39714285671428573
2012,6,0.23285713914285713,0.22999999628571427,0.21571428057142855,0.22571428242857142,0.21714285385714285,0.2042857114285714
2012,7,0.3057142857142857,0.2928571328571428,0.2757142828571429,0.30142856714285715,0.28999999,0.26714285
2012,8,0.35857142428571426,0.34428570857142854,0.32142857,0.36428571,0.35142856857142857,0.3228571414285714
2012,9,0.49571428,0.47142855571428566,0.4414285628571429,0.5114285685714286,0.49571428,0.44857141857142857
2012,10,0.7328571300000001,0.6957142799999999,0.6514285557142857,0.7542856985714286,0.7257142742857143,0.6571428528571428
2012,11,1.1971428514285714,1.1285713857142858,1.0457142428571429,1.2457142428571426,1.1899999814285713,1.0742857142857143
2012,12,1.0071428428571427,0.9571428299999999,0.8985714199999999,1.038571402857143,0.9985714142857143,0.91
2012,13,1.3942856428571428,1.3242857142857143,1.2371428000000002,1.4499999714285714,1.3857142428571427,1.2514284999999998
2012,14,0.8085714157142857,0.7799999857142856,0.7314285705714286,0.8371428419999999,0.7957142808571429,0.7185714285714286
2012,15,1.0014285542857142,0.9699999885714286,0.9214285514285715,1.0257142557142858,0.9814285442857142,0.8971428371428571
2012,16,1.03999998,1.0042857,0.9485714100000001,1.0657142800000001,1.0185714285714285,0.9314285499999999
2012,17,1.4514285228571429,1.4014285471428571,1.3257142442857144,1.4971428457142857,1.4328571085714283,1.3085714085714284
2012,18,1.4042856814285716,1.3542857099999999,1.2785714000000001,1.4585714085714285,1.3914285285714285,1.2671428385714285
2012,19,0.7971428371428572,0.7742857,0.7328571257142856,0.8199999914285714,0.7785714242857144,0.71
2012,20,1.3985714142857142,1.3485713999999998,1.2728571214285715,1.4514285714285715,1.3885714,1.2642856942857144
2012,21,1.4057142714285715,1.3585714,1.2899999514285714,1.4414285714285715,1.3842856714285714,1.2699999571428573
2012,22,1.5899999285714286,1.5299999857142856,1.4385714142857142,1.6442856857142856,1.5699999714285713,1.4285713999999998
2012,23,1.865714242857143,1.8028571142857144,1.7028570714285713,1.9257142714285713,1.8442856285714286,1.6899999571428572
2012,24,2.087142842857143,1.9899999714285712,1.8542856857142858,2.1742857,2.0628570857142856,1.8542856714285716
2012,25,2.677142814285714,2.544285642857143,2.3599999428571428,2.7899998857142854,2.642857142857143,2.374285657142857
2012,26,3.069999914285714,2.9085714,2.689999985714286,3.221428528571429,3.0457142,2.7357142714285714
2012,27,2.0399999857142856,1.9314285142857144,1.7971428228571429,2.1257142285714283,2.0085714285714285,1.8014285285714284
2012,28,1.8871427714285713,1.8,1.6814285314285713,1.9599999814285713,1.8628571142857144,1.6785713857142857
2012,29,2.468571428571429,2.3242856571428567,2.142857142857143,2.5842856714285714,2.434285685714286,2.1699999857142855
2012,30,2.2342857142857144,2.1014285285714283,1.9371428571428573,2.3414284714285714,2.199999985714286,1.9557142857142857
2012,31,1.9242857142857142,1.8185714142857141,1.681428542857143,2.0114285714285716,1.8942856714285714,1.6814285714285713
2012,32,2.36,2.2285714285714286,2.0557142285714285,2.469999957142857,2.3385713714285714,2.081428557142857
2012,33,1.865714257142857,1.7742856714285715,1.6485713571428573,1.9299999571428572,1.8342857000000001,1.6357142428571427
2012,34,1.7899999857142856,1.6957142428571428,1.57,1.8628570714285715,1.7657142714285714,1.5671428428571428
2012,35,2.4685714142857145,2.334285657142857,2.1628571142857145,2.584285657142857,2.442857142857143,2.184285714285714
2012,36,1.9857142428571428,1.8871428142857145,1.7542857142857142,2.068571414285714,1.9528571428571428,1.76
2012,37,1.5485713857142858,1.4757142714285714,1.3771428371428571,1.6085714142857144,1.521428557142857,1.3699999857142855
2012,38,1.6199999714285713,1.5585714285714285,1.4685714,1.6771428285714285,1.5999999428571428,1.4542857
2012,39,1.0228571228571428,0.9814285571428571,0.9257142685714286,1.054285692857143,0.9985714257142858,0.9057142857142857
2012,40,0.8628571257142857,0.8342856871428571,0.7914285514285714,0.8685714114285714,0.8242857071428571,0.75714284
2012,41,1.0357142671428572,1.0057142642857142,0.9557142857142857,1.0485713928571427,1.0042857,0.92999999
2012,42,1.3285713757142859,1.2742856857142857,1.1928571428571428,1.3714285585714288,1.2985714,1.1885714285714286
2012,43,0.6728571408571428,0.6514285691428572,0.6128571205714285,0.6785714142857142,0.6442856942857142,0.5914285671428571
2012,44,1.1628571285714284,1.122857137142857,1.0599999657142856,1.1828571142857143,1.14142855,1.0471428042857143
2012,45,0.9985714214285714,0.9599999942857143,0.9057142785714285,1.0042857085714285,0.9814285642857143,0.8957142842857142
2012,46,0.8042856985714285,0.7771428385714286,0.7342857028571429,0.7999999957142857,0.7885714185714285,0.7185714142857142
2012,47,1.082857142857143,1.0399999957142858,0.9799999785714285,1.0971428428571428,1.0699999785714287,0.9757142714285714
2012,48,1.0185714114285713,0.9800000000000001,0.9185713971428572,1.0385713714285714,1.0114285714285713,0.9257142671428572
2012,49,0.6857142642857142,0.6557142799999999,0.6099999785714286,0.7042857142857143,0.6828571271428572,0.6185714171428572
2012,50,0.5985714228571428,0.5685714128571429,0.5299999914285715,0.6171428542857144,0.5985714285714286,0.5428571342857144
2012,51,0.6057142757142857,0.5728571214285714,0.5299999871428571,0.6299999828571429,0.6057142728571429,0.5485714277142857
2012,52,0.3171428485714286,0.3128571371428572,0.2971428542857143,0.31428570857142857,0.31285714000000003,0.289999992
2013,1,0.36142856428571424,0.3499999971428571,0.3314285614285714,0.35857142000000003,0.3571428485714286,0.33428571285714287
2013,2,0.5942857142857143,0.5671428377142858,0.5314285648571428,0.6099999734285715,0.6014285705714286,0.5542857022857143
2013,3,0.5414285685714286,0.5185714285714286,0.48571427342857143,0.5514285542857144,0.5414285685714286,0.501428562
2013,4,0.9542856657142857,0.9071428571428571,0.8457142814285714,0.9857142685714286,0.9642856714285715,0.89
2013,5,0.5342857128571429,0.5042857114285714,0.4685714128571429,0.5485714242857143,0.5314285714285714,0.48571428285714285
2013,6,0.5957142671428571,0.5614285714285714,0.5171428571428571,0.6185714285714285,0.5885714085714285,0.53714284
2013,7,0.4642857042857143,0.43571428,0.4014285714285714,0.4771428485714286,0.4542857142857143,0.4085714171428571
2013,8,0.34999999142857147,0.33714285714285713,0.31428570057142863,0.3557142742857143,0.34571427857142856,0.31714284228571427
2013,9,0.45285713,0.42285714142857145,0.38857142,0.46285713714285714,0.4399999885714285,0.39142856000000004
2013,10,0.6442856985714285,0.61571428,0.5785714142857142,0.6614285714285714,0.6414285599999999,0.5842857142857143
2013,11,0.8757142814285714,0.8328571428571429,0.7799999771428572,0.8971428371428571,0.8642856985714286,0.7885714171428572
2013,12,0.5242857142857144,0.49714285714285716,0.4585714257142857,0.5385714157142857,0.5142857028571429,0.4642857024285715
2013,13,0.7742857071428572,0.7385714128571428,0.6928571242857142,0.7885714142857143,0.7571428357142856,0.6914285571428571
2013,14,0.7857142728571428,0.7514285571428572,0.6999999971428571,0.8199999628571428,0.7685714142857142,0.6942857142857142
2013,15,0.6257142771428572,0.5999999914285714,0.5599999999999999,0.6471428571428571,0.61142856,0.54999999
2013,16,0.4242857142857143,0.40714285428571434,0.38285712857142856,0.42999999714285714,0.4057142757142857,0.3671428467142857
2013,17,0.8714285714285713,0.8328571357142857,0.7771428514285714,0.9099999991428572,0.8599999991428572,0.7771428565714286
2013,18,0.7028571142857142,0.67571428,0.632857142,0.7314285614285715,0.6957142705714287,0.6257142714285715
2013,19,0.7614285628571429,0.7371428357142857,0.6957142857142857,0.7899999914285714,0.75142856,0.6842857085714285
2013,20,1.5942857142857143,1.5285713714285714,1.4299999428571428,1.6771428357142857,1.592857142857143,1.4399999714285714
2013,21,1.3928571285714286,1.3442856742857143,1.2728571,1.4328571285714287,1.3742857142857143,1.2571428428571427
2013,22,1.3714285657142857,1.3114285357142859,1.22999998,1.424285657142857,1.3585714085714287,1.22571426
2013,23,1.6028571142857142,1.5485713957142857,1.4571428285714287,1.6499999657142859,1.5757142857142856,1.4357142857142857
2013,24,2.6128571,2.4857142142857143,2.312857114285714,2.7257142857142855,2.5857142857142854,2.3285714285714287
2013,25,2.244285714285714,2.145714257142857,1.999999957142857,2.327142785714286,2.2128571,1.9985713857142857
2013,26,2.394285685714286,2.2942856285714286,2.145714257142857,2.488571342857143,2.369999957142857,2.1485713714285715
2013,27,1.8542856428571428,1.7557142714285714,1.6299999714285713,1.9342856857142858,1.8242856714285713,1.6314285142857143
2013,28,2.1414285714285715,2.0214285571428574,1.8685713671428572,2.2371427714285717,2.1057142714285715,1.8771428571428572
2013,29,1.5885714085714286,1.5128571142857143,1.4185714,1.6528571,1.5614285571428572,1.4057142514285714
2013,30,1.911428542857143,1.8185713971428572,1.6942856685714285,1.9842856942857143,1.8800000000000001,1.6914285428571427
2013,31,1.5499999714285713,1.4628570857142857,1.3499999571428571,1.6357142714285715,1.5342856857142857,1.3585713857142856
2013,32,1.2471428085714287,1.1699999657142857,1.0742856942857144,1.3085714242857143,1.2199999728571427,1.0671428428571428
2013,33,1.707142842857143,1.6199999999999999,1.504285685714286,1.7814284928571429,1.6885714085714285,1.5042856928571429
2013,34,1.6400000000000001,1.5385713857142858,1.4128571142857143,1.7185714285714284,1.611428557142857,1.4171428242857143
2013,35,1.7528571285714285,1.6428571285714284,1.5057142571428572,1.8471428,1.7228570957142857,1.5171428357142858
2013,36,1.9599999857142858,1.8485714142857144,1.7071428285714287,2.0428571285714283,1.9128571,1.7114285571428571
2013,37,0.4071428534285714,0.39571428200000003,0.3785714277142857,0.3971428414285714,0.36999999714285714,0.33428571428571424
2013,38,1.0771428285714286,1.0328571085714287,0.9685713971428571,1.1071428428571428,1.0457142585714287,0.9471428471428572
2013,39,0.9828571428571429,0.9485713957142857,0.897142857142857,1.0099999542857143,0.9628571285714286,0.8771428542857143
2013,40,1.0071428142857142,0.9785714237142857,0.9314285594285714,1.0257142852857142,0.9814285514285714,0.9114285571428571
2013,41,0.9385714285714286,0.9042857142857142,0.8499999942857143,0.9557142528571428,0.9071428457142857,0.83285714
2013,42,0.45142857000000003,0.4328571314285714,0.40571428571428575,0.45142856428571426,0.42714284857142854,0.3857142785714286
2013,43,0.79999999,0.7728571385714286,0.7271428357142857,0.8071428342857142,0.76571428,0.7057142599999999
2013,44,0.6242857114285715,0.6071428514285715,0.5757142742857143,0.6214285657142857,0.6071428571428571,0.5599999999999999
2013,45,0.7328571300000001,0.7028571299999999,0.6557142785714286,0.7371428457142857,0.7185714185714286,0.6514285642857143
2013,46,0.7799999699999999,0.7428571385714287,0.6899999857142857,0.7957142685714286,0.7699999871428572,0.69285714
2013,47,0.5014285642857143,0.47571428,0.43999999,0.50571428,0.49142856714285715,0.43571427428571424
2013,48,0.5099999871428571,0.48999998714285714,0.4585714285714286,0.5085714128571428,0.4999999957142857,0.45428571428571424
2013,49,0.2528571422857143,0.23999999942857145,0.21999999942857143,0.25285713657142855,0.2457142794285714,0.22
2013,50,0.47571428,0.45999999142857145,0.4342857028571428,0.48142856142857143,0.47714284142857144,0.44285714
2013,51,0.6285714114285714,0.5971428571428571,0.5528571385714286,0.6485714242857143,0.6314285542857142,0.5714285585714286
2013,52,0.4957142757142857,0.46999999571428575,0.43428570857142856,0.5114285642857143,0.4957142728571428,0.44714285000000004
2014,1,0.33571428571428574,0.32571428,0.3128571367142857,0.33571427857142855,0.3371428542857143,0.31142856571428573
2014,2,0.4928571314285714,0.4771428542857143,0.44571427428571425,0.4942857085714286,0.4999999885714286,0.45857142285714286
2014,3,0.67142855,0.64428569,0.5971428542857142,0.6785714228571429,0.6714285485714286,0.6085714228571428
2014,4,0.6742857085714286,0.6528571242857143,0.6171428528571428,0.6814285657142857,0.6728571385714286,0.6257142800000001
2014,5,0.19999999914285715,0.19857142571428568,0.18857142714285713,0.20142856514285712,0.20428571428571432,0.18714285285714286
2014,6,0.13571428428571428,0.1385714257142857,0.14857142285714287,0.13714285285714284,0.14142857142857143,0.14285713857142857
2014,7,0.5271428499999999,0.5057142824285714,0.4757142857142857,0.5414285685714286,0.531428561,0.48285713428571425
2014,8,0.6828571400000001,0.6442857085714285,0.5971428571428571,0.71142856,0.6828571428571429,0.6142856999999999
2014,9,0.3999999971428571,0.3928571414285714,0.3857142771428571,0.4114285634285714,0.4071428485714286,0.38142856571428574
2014,10,0.7171428442857143,0.6771428514285714,0.63,0.7399999942857143,0.7099999785714287,0.6342857042857143
2014,11,0.7714285642857143,0.7271428314285714,0.6685714157142856,0.7942857042857143,0.7514285657142857,0.6728571371428572
2014,12,0.6328571128571429,0.5857142857142857,0.5328571381428572,0.6528571428571429,0.608571411,0.5371428442857142
2014,13,0.8499999828571428,0.8028571071428571,0.7357142785714286,0.8742856928571429,0.82999999,0.7428571342857142
2014,14,0.5142856985714286,0.4914285628571428,0.45428571,0.5428571371428571,0.5071428514285714,0.45142857142857146
2014,15,0.9871428571428572,0.9399999657142857,0.8757142828571428,1.0214285428571428,0.9657142571428571,0.87
2014,16,0.9114285514285714,0.8699999871428572,0.8128571371428571,0.9471428428571428,0.9128571142857143,0.8242857142857142
2014,17,1.0842857014285714,1.03142855,0.9528571357142858,1.1199999857142857,1.0614285271428572,0.9528571214285714
2014,18,1.0757142428571427,1.0414285714285714,0.9742856942857143,1.1428571214285714,1.0971428314285714,0.9928571114285715
2014,19,0.8528571371428572,0.8328571214285715,0.7942856942857144,0.8885714142857143,0.8571428485714286,0.7885714171428572
2014,20,0.6828571428571427,0.6757142785714285,0.651428552857143,0.7071428314285715,0.6814285714285714,0.6271428571428571
2014,21,0.8271428500000001,0.8299999814285713,0.8057142714285714,0.854285692857143,0.8299999942857142,0.7728571342857142
2014,22,1.3657142714285715,1.3428571285714288,1.2742856714285715,1.4242856957142858,1.3757142428571427,1.2599999714285715
2014,23,1.1999999857142856,1.2071428371428572,1.1657142657142856,1.25857141,1.237142842857143,1.1457142657142858
2014,24,1.3728571142857144,1.3542857142857143,1.2857142514285713,1.4528571071428569,1.4157142571428571,1.2942856657142856
2014,25,1.661428542857143,1.6371428285714285,1.5542856857142857,1.7571428428571427,1.7199999714285714,1.5657142428571427
2014,26,1.637142814285714,1.6171428142857143,1.5428571142857144,1.7271428285714285,1.6928571000000001,1.5514285714285714
2014,27,1.8857142714285715,1.8185714142857141,1.6985714,1.9999999285714287,1.919999957142857,1.7128570999999997
2014,28,1.6171428085714286,1.5557142642857145,1.4614285385714285,1.7228570857142855,1.6428571314285716,1.4671428514285714
2014,29,1.4228571085714286,1.3714285414285714,1.2885713414285715,1.5199999714285715,1.451428567142857,1.29571426
2014,30,1.968571385714286,1.9085714,1.807142842857143,2.1185714142857144,2.051428542857143,1.8442857142857143
2014,31,0.9599999857142857,0.9199999814285714,0.8571428422857144,1.0371428242857144,0.9899999995714285,0.8699999781428571
2014,32,1.3642856714285716,1.2999999942857143,1.2042856957142856,1.4414285285714286,1.3771428085714283,1.2128571142857143
2014,33,1.6942857,1.6285714142857144,1.512857142857143,1.804285714285714,1.7428570857142858,1.5414285571428572
2014,34,1.3685713714285714,1.3128571228571428,1.2185714,1.4614285514285714,1.3942857,1.2285713857142857
2014,35,0.9585714257142858,0.9385714114285715,0.8899999814285715,1.0299999857142856,0.9957142657142857,0.8842857114285714
2014,36,1.1857142642857141,1.16142855,1.1171428385714284,1.2714285114285713,1.2299999857142858,1.11857141
2014,37,0.9085714071428572,0.8899999714285715,0.86285712,0.9528571428571428,0.9257142657142856,0.8514285714285714
2014,38,1.5171428285714286,1.4557142714285713,1.3714285285714285,1.6028571142857142,1.5342856857142857,1.377142822857143
2014,39,1.3514285499999998,1.2928571142857144,1.2114285328571428,1.4385714,1.3657142642857143,1.22142855
2014,40,0.7042856999999999,0.6785714257142857,0.6428571428571429,0.7242857042857143,0.6828571271428572,0.6271428542857144
2014,41,0.9185714285714285,0.8828571085714286,0.8328571328571429,0.9428571114285714,0.8999999942857143,0.82142856
2014,42,1.0828571228571429,1.0471428242857141,1.01,1.1057142785714285,1.0628571057142857,0.9871428514285715
2014,43,1.27,1.2114285371428573,1.1357142742857143,1.3185714085714284,1.2442856714285713,1.1271428485714285
2014,44,0.79857141,0.7785714185714285,0.7599999828571429,0.8114285571428572,0.7985714228571429,0.7485714214285714
2014,45,0.8957142371428571,0.8671428499999999,0.8242857142857142,0.9028571371428572,0.8985713942857144,0.8242857142857142
2014,46,0.18428570714285714,0.18285713857142857,0.1914285695714286,0.1828571414285714,0.19142857000000002,0.18428571142857145
2014,47,0.52714284,0.5057142685714285,0.4785714214285714,0.5385714285714286,0.5314285657142858,0.4785714014285714
2014,48,0.7442857085714286,0.7071428485714285,0.65999998,0.7700000000000001,0.7528571342857143,0.6714285685714286
2014,49,0.5985714228571428,0.5814285628571428,0.5614285685714285,0.61285714,0.6071428528571429,0.5657142785714286
2014,50,0.7842857071428571,0.7785714142857143,0.7628571185714286,0.8014285557142857,0.8085714214285715,0.7742857014285713
2014,51,0.3485714242857143,0.33285713857142857,0.3142857028571428,0.35999998857142856,0.35428571428571426,0.3185714242857142
2014,52,0.23428570714285715,0.2185714262857143,0.20142856571428572,0.2399999971428571,0.23142856571428574,0.20428570571428573
2015,1,0.16142856857142857,0.1599999957142857,0.16857142857142857,0.15428571142857142,0.16714285571428572,0.16999999999999998
2015,2,0.4885714157142857,0.4742857142857143,0.4614285685714286,0.48285713571428573,0.4899999842857143,0.4728571342857143
2015,3,0.544285708,0.5157142808571429,0.48857142200000003,0.5528571322857142,0.5442857131428572,0.5071428442857143
2015,4,0.45,0.42142855999999995,0.3942857128571428,0.4599999942857143,0.44428571,0.40714285714285714
2015,5,0.6242856971428571,0.5899999994285715,0.5485714285714286,0.6414285714285715,0.6199999757142857,0.5728571262857143
2015,6,0.8957142728571429,0.8399999957142857,0.7714285485714285,0.9271428428571429,0.889999997142857,0.8042857114285714
2015,7,0.7685714285714286,0.7371428528571429,0.6985714228571428,0.7857142857142857,0.7671428414285714,0.7114285571428571
2015,8,0.3199999942857143,0.3071428471428571,0.2942857142857143,0.3171428514285714,0.31714285714285717,0.2957142857142857
2015,9,0.20999999714285716,0.2099999957142857,0.2157142842857143,0.20857142485714286,0.21714285285714285,0.21285714285714286
2015,10,0.34428570514285717,0.34285713942857143,0.3571428562857143,0.337142853,0.35428570771428575,0.3471428505714286
2015,11,0.9328571185714285,0.8828571314285715,0.8185714185714286,0.9614285457142857,0.9271428385714285,0.8285714157142857
2015,12,0.9042857142857142,0.8542857077142857,0.8085714134285714,0.9257142785714285,0.8957142685714287,0.8128571420000001
2015,13,0.9028571371428572,0.84857142,0.7871428285714286,0.9271428457142857,0.8928571128571429,0.8028571285714285
2015,14,0.9199999971428571,0.8899999828571428,0.8428571285714286,0.9671428542857142,0.9285714171428572,0.8414285685714286
2015,15,0.8999999657142858,0.8785714228571428,0.8385714028571428,0.9442857014285714,0.90857142,0.8285714142857142
2015,16,0.61714284,0.5999999914285714,0.5728571414285714,0.6485714177142857,0.6214285685714286,0.56571428
2015,17,0.7157142671428571,0.6971428471428572,0.67142856,0.7571428528571429,0.7228571271428572,0.6614285557142857
2015,18,0.8642857,0.8542857071428571,0.8199999942857144,0.9057142514285713,0.8771428514285714,0.8071428571428572
2015,19,0.21142856571428573,0.23428570999999998,0.26142857142857145,0.21714285142857143,0.22571428285714285,0.23428571142857144
2015,20,0.6242857114285715,0.6299999942857143,0.6214285614285714,0.6614285685714286,0.6457142742857143,0.6085714114285714
2015,21,0.21714285285714285,0.24999999571428572,0.28714285142857143,0.21285713857142857,0.23571427857142857,0.2528571371428571
2015,22,0.8357142714285715,0.8342857,0.8142856942857143,0.8842856914285715,0.8571428528571429,0.7942857071428572
2015,23,1.0985714100000001,1.0942856671428571,1.0671428571428572,1.119999952857143,1.0985714142857144,1.03142856
2015,24,1.0542856714285713,1.0385714099999999,0.99857141,1.0971428528571427,1.055714257142857,0.9785713942857143
2015,25,1.5242856857142857,1.5085714142857143,1.4671428285714287,1.5557142714285714,1.53,1.435714242857143
2015,26,1.6328571285714286,1.6157142285714285,1.5771428428571428,1.6628571242857144,1.6399999857142855,1.5385714142857143
2015,27,1.4842856957142858,1.4114285228571428,1.3257142514285714,1.5528571285714285,1.4742856957142858,1.3385714085714286
2015,28,0.8785714257142858,0.8214285657142858,0.7671428471428571,0.9299999714285715,0.8699999914285714,0.7799999971428572
2015,29,1.4814285571428571,1.3828571285714286,1.2742857,1.5699999714285713,1.4742856857142856,1.315714237142857
2015,30,1.627142822857143,1.5171428371428572,1.3842857,1.7385714142857143,1.6342856428571426,1.4428571285714287
2015,31,1.808571414285714,1.7071428285714287,1.5928571285714288,1.917142857142857,1.819999985714286,1.6257142428571427
2015,32,1.8442856857142857,1.7571428142857142,1.6471428142857143,1.9542856857142856,1.8771428285714287,1.671428542857143
2015,33,1.625714242857143,1.5499999714285713,1.4514285142857142,1.7242857142857144,1.6457142285714286,1.4628570857142855
2015,34,1.3257142428571427,1.2871428571428571,1.242857102857143,1.3671428314285714,1.3285714142857141,1.2185714042857143
2015,35,1.9842856857142857,1.8928571,1.7742856857142857,2.0957142857142856,2.0114284857142857,1.7999999714285713
2015,36,1.6399999714285713,1.5757142857142856,1.4842856857142857,1.7514285571428572,1.6499999714285714,1.477142842857143
2015,37,1.7371428428571427,1.6785713714285713,1.595714257142857,1.8314285428571428,1.7385714285714287,1.5685713714285714
2015,38,1.5528571142857144,1.4957142657142857,1.4157142714285713,1.6428570957142858,1.548571392857143,1.392857137142857
2015,39,1.7542857,1.7128570857142857,1.6514285571428573,1.8285713857142858,1.7599999714285715,1.6171428428571428
2015,40,1.0742856828571428,1.047142837142857,0.99999998,1.0857142828571429,1.0328571214285716,0.9499999428571428
2015,41,1.1157142500000001,1.0685714014285714,0.9985713871428572,1.14142856,1.072857112857143,0.9742856971428572
2015,42,1.424285657142857,1.3671428285714284,1.2957142714285712,1.457142857142857,1.3900000000000001,1.2828571385714285
2015,43,0.6214285628571429,0.58999998,0.5428571314285714,0.6357142814285714,0.5942857014285714,0.5299999957142857
2015,44,0.7885714285714285,0.7528571185714286,0.6914285657142857,0.8171428228571429,0.7742857028571429,0.6942857085714286
2015,45,0.8285714142857142,0.7957142842857142,0.7399999628571428,0.8499999985714286,0.8299999771428571,0.7457142614285716
2015,46,0.7628571300000001,0.7399999928571429,0.6957142814285715,0.7828571071428572,0.7728571257142857,0.7014285671428572
2015,47,0.45999998714285717,0.44142856571428574,0.4057142814285714,0.4742856985714286,0.46571428285714284,0.4057142757142857
2015,48,0.3785714214285714,0.3699999994285714,0.3657142857142857,0.3842857071428571,0.3899999965714286,0.35571427800000005
2015,49,0.5314285657142858,0.51285714,0.48999999057142857,0.5342857071428571,0.5314285685714285,0.48999998628571434
2015,50,0.7242856937142857,0.6857142714285714,0.6342857014285714,0.7442856765714286,0.7171428422857142,0.64714284
2015,51,0.3742857142857143,0.3671428557142857,0.36285712999999997,0.37,0.37857142857142856,0.3599999971428572
2015,52,0.2399999952857143,0.22142856714285714,0.19857142285714285,0.24428571142857144,0.23142857,0.19999999428571427
2015,53,0.28571428,0.2814285714285715,0.27571428,0.28142856714285713,0.2899999971428571,0.27142856428571427
2016,1,0.28285713485714287,0.2828571342857143,0.2799999905714286,0.2842857057142857,0.3014285657142857,0.2828571362857143
2016,2,0.4457142785714286,0.42999999714285714,0.40142856285714285,0.4414285685714286,0.43857142285714285,0.3999999971428571
2016,3,0.5399999857142858,0.53285713,0.49571428,0.5485714257142857,0.5614285685714285,0.5128571342857143
2016,4,0.53857142,0.5185714185714285,0.4728571337142857,0.5428571342857142,0.5299999871428571,0.47857141057142855
2016,5,0.27857142285714287,0.26857142142857143,0.2599999985714286,0.2785714285714286,0.2842857142857143,0.26142857
2016,6,0.82571428,0.8042857071428571,0.7885714242857143,0.8214285714285714,0.83714283,0.7928571385714286
2016,7,0.9242856985714285,0.88999997,0.8214285485714286,0.9571428314285715,0.92142856,0.84
2016,8,0.70714285,0.6685714228571429,0.5842857014285714,0.7385714257142857,0.6985714257142857,0.6085714228571428
2016,9,0.8557142642857143,0.81857141,0.7542857085714285,0.8699999700000001,0.8399999785714286,0.7642857042857143
2016,10,0.8099999885714285,0.7799999971428572,0.7185714142857142,0.83142855,0.8085714257142858,0.7242857085714285
2016,11,0.44714285428571426,0.41571428285714285,0.3471428485714286,0.4571428457142857,0.41571427714285714,0.35428571000000003
2016,12,0.5399999971428572,0.5185714228571429,0.49285711857142855,0.5514285577142857,0.5471428514285714,0.4971428528571428
2016,13,0.5842857142857143,0.5614285514285714,0.5142857,0.5957142585714286,0.56285713,0.5099999842857142
2016,14,0.9757142571428571,0.9399999857142857,0.8699999942857143,1.00571427,0.9571428571428572,0.8614285714285714
2016,15,0.6471428499999999,0.6285714271428572,0.5857142685714286,0.6728571271428571,0.6414285699999999,0.5728571414285714
2016,16,0.82285714,0.77999999,0.7099999785714285,0.8442857057142857,0.7899999857142858,0.7099999828571428
2016,17,0.2957142847142857,0.2957142842857143,0.2828571395714286,0.29857141857142855,0.291428562,0.2714285691428571
2016,18,0.9414285628571429,0.9128571214285713,0.8542857057142857,0.95999997,0.9242857042857143,0.8514285685714286
2016,19,0.6628571414285714,0.6514285642857143,0.6242857042857143,0.6471428471428571,0.6385714228571429,0.6071428514285715
2016,20,0.9185714228571429,0.8828571128571429,0.8314285571428571,0.9114285371428571,0.8699999844285714,0.7985714234285715
2016,21,0.9285714042857143,0.90857139,0.8628571357142858,0.9371428385714287,0.9128571242857143,0.8371428371428572
2016,22,1.2085714285714286,1.1671428285714285,1.122857122857143,1.2185714142857142,1.1714285714285713,1.087142837142857
2016,23,1.6657142714285715,1.615714257142857,1.567142857142857,1.7142857142857142,1.6499999714285714,1.521428557142857
2016,24,1.9342856857142858,1.8814285,1.8057142285714285,1.9957142571428572,1.9357142571428572,1.7542856857142854
2016,25,1.8071427999999998,1.7699999642857143,1.7171428285714285,1.8485714142857144,1.8185713857142858,1.682857114285714
2016,26,1.3542856857142858,1.3185714057142857,1.2299999714285714,1.4242857085714284,1.3514285385714284,1.207142857142857
2016,27,2.3328571142857144,2.2357142285714287,2.0671428285714284,2.4671428,2.358571414285714,2.0828571142857144
2016,28,1.8914285,1.8228571,1.7071428,1.9857142857142858,1.8971428285714285,1.6871428142857143
2016,29,2.1357142285714286,2.049999985714286,1.8728571285714286,2.287142857142857,2.1599999857142858,1.8842857
2016,30,1.8471428285714286,1.781428557142857,1.6714285285714285,1.9199999857142858,1.8442856857142857,1.6514285285714287
2016,31,1.4828571114285716,1.4128571142857143,1.2942857142857143,1.5828571100000002,1.4599999857142856,1.2928571014285715
2016,32,1.9814285571428571,1.8842857,1.7628570714285714,2.0928570714285715,1.9814285571428571,1.7614285142857145
2016,33,1.5985713999999998,1.5114285428571428,1.3785714285714286,1.6957142642857141,1.5871428428571428,1.3942856714285714
2016,34,1.3185714142857141,1.2285714142857143,1.1028571228571429,1.4071428142857143,1.305714257142857,1.13142852
2016,35,1.3457142657142858,1.2899999714285715,1.1857142714285713,1.4399999857142858,1.351428557142857,1.1871428085714284
2016,36,1.681428557142857,1.62571425,1.5242857,1.7685713857142855,1.6971428285714285,1.5157142799999999
2016,37,1.1385714114285714,1.1028571171428572,1.0385714285714287,1.1914285714285715,1.1399999857142855,1.012857142857143
2016,38,1.4271428442857144,1.3671428371428571,1.2871428328571428,1.4942856714285713,1.407142825714286,1.2557142714285714
2016,39,1.3814285285714285,1.3228571214285714,1.2414285428571428,1.4514285428571427,1.3814285285714285,1.2314285514285714
2016,40,1.0428571142857144,1.00714285,0.9285714085714286,1.115714257142857,1.0485713942857142,0.9314285528571428
2016,41,1.4171428285714285,1.3785713828571429,1.3014285185714285,1.4728570714285714,1.41,1.2857142199999998
2016,42,1.159999992857143,1.1242857085714286,1.0499999814285714,1.22,1.1485714285714284,1.0399999857142856
2016,43,1.3799999714285713,1.3242857000000001,1.2299999857142858,1.4414285428571427,1.354285657142857,1.221428542857143
2016,44,1.038571392857143,0.9914285614285714,0.89428571,1.0742857028571429,1.0099999757142857,0.88571426
2016,45,0.9999999828571429,0.9542857142857143,0.86999999,1.0357142857142858,0.9914285657142857,0.8757142614285714
2016,46,0.96142854,0.9214285514285715,0.8542856842857143,0.9942856857142858,0.9685714071428572,0.8685714085714286
2016,47,0.6842857,0.6528571342857142,0.5914285542857144,0.7042856871428571,0.6699999857142858,0.5999999885714286
2016,48,0.41000000000000003,0.3914285671428571,0.34714285,0.4299999957142857,0.40714284714285714,0.3585714257142857
2016,49,0.3214285614285714,0.31999999714285715,0.29285713571428573,0.33428570714285716,0.3271428571428571,0.2971428485714286
2016,50,0.32285712714285714,0.32714285,0.3285714242857143,0.32999999428571425,0.3485714224285714,0.3328571414285714
2016,51,0.5328571342857142,0.5285714171428572,0.5028571385714286,0.5399999885714285,0.5485714185714285,0.5099999971428572
2016,52,0.5928571342857143,0.5871428414285714,0.5614285657142857,0.5985714214285714,0.6042856885714285,0.5642857014285715
2017,1,0.25428571,0.24142857,0.22571428571428573,0.24999999428571426,0.25428570857142857,0.22999999857142855
2017,2,0.37999999628571424,0.3671428565714286,0.32142856285714283,0.388571418,0.37428570714285714,0.32714285085714284
2017,3,0.46142855571428576,0.44428571,0.41428570528571423,0.46428571,0.4699999908571429,0.4271428571428571
2017,4,0.4214285614285714,0.3957142734285714,0.34428571142857145,0.42571428514285714,0.4057142808571429,0.34857141999999997
2017,5,0.5971428528571429,0.5728571294285715,0.5214285628571428,0.6057142785714286,0.5742857079999999,0.5257142848571429
2017,6,0.92428568,0.8885714285714286,0.7928571299999999,0.9685714257142858,0.9042856928571429,0.80714284
2017,7,0.9485714,0.9114285485714285,0.8271428485714286,0.9957142714285715,0.9328571214285715,0.8457142614285714
2017,8,0.5685714257142858,0.5299999814285714,0.45714285,0.5914285714285714,0.5342856971428571,0.46714284285714286
2017,9,0.7871428428571428,0.7414285428571429,0.6728571328571428,0.8157142757142858,0.7699999871428572,0.6828571314285714
2017,10,0.7971428342857142,0.748571422857143,0.6728571214285715,0.7985714028571429,0.7442856914285715,0.6614285614285714
2017,11,1.385714267142857,1.3271428142857142,1.2142857,1.4485714085714285,1.3785714242857143,1.22
2017,12,0.8642856928571429,0.8285714214285714,0.7528571371428571,0.89428569,0.8442856871428571,0.7557142614285715
2017,13,0.4528571362857142,0.4285714042857142,0.3814285614285714,0.46285713085714286,0.43142857085714287,0.3814285708571429
2017,14,0.8571428385714286,0.80428571,0.7299999942857143,0.8757142757142857,0.8214285528571429,0.7199999871428571
2017,15,1.2085714228571427,1.14571425,1.06714285,1.2471428071428572,1.178571422857143,1.0471428242857141
2017,16,1.0328571285714285,0.9642856885714286,0.8814285371428571,1.0485714142857143,0.9728571228571428,0.8628571257142857
2017,17,0.5542857038571428,0.5242857081428571,0.46857142285714287,0.5785714181428572,0.5385714257142857,0.4685714285714286
2017,18,1.095714267142857,1.06285712,0.9857142714285715,1.1571428428571429,1.1099999628571429,0.9999999971428571
2017,19,0.8942856914285714,0.8728571414285715,0.8157142557142857,0.9171428371428572,0.8642856985714287,0.7899999957142858
2017,20,0.7214285385714286,0.7014285642857142,0.6485714222857143,0.7528571357142857,0.7085714285714285,0.6428571428571429
2017,21,0.9414285585714285,0.9028571214285714,0.8357142657142856,0.9599999971428571,0.9157142799999999,0.8257142714285715
2017,22,1.1342857,1.1042857071428571,1.0614285528571428,1.1728571085714286,1.1214285642857142,1.02999996
2017,23,1.5728571428571427,1.5342857142857143,1.469999957142857,1.6157142657142856,1.5657142642857145,1.4485714
2017,24,1.9385714,1.8571428428571426,1.7199999857142856,2.0099999714285715,1.9028571285714284,1.7028571285714287
2017,25,1.659999984285714,1.59285711,1.4571428528571428,1.7414285699999998,1.6528571142857142,1.47
2017,26,1.7971428285714286,1.747142857142857,1.6299999671428573,1.8914285285714285,1.8099999657142856,1.6242857
2017,27,2.2228571285714285,2.1314285571428573,1.9914285571428572,2.362857114285714,2.2542857,1.9999999857142856
2017,28,1.525714257142857,1.4614285428571427,1.3514285385714284,1.6328570857142857,1.5428571285714285,1.3571428285714284
2017,29,2.0257142428571426,1.9114285285714285,1.7228571142857143,2.1528571285714286,1.9942857,1.7385714142857143
2017,30,1.4185713999999998,1.3385714285714285,1.2128571085714286,1.5028571014285714,1.3842857142857141,1.2099999728571427
2017,31,1.2599999857142856,1.1957142714285713,1.0985714085714284,1.3314285399999999,1.2314285285714288,1.0885714085714286
2017,32,0.7985714228571429,0.7585714071428572,0.6871428371428571,0.8471428514285714,0.7642857071428572,0.6728571342857144
2017,33,1.7242856928571426,1.62857138,1.5071428385714287,1.8157142714285714,1.6857142657142856,1.4942857085714285
2017,34,1.7542857,1.6628571285714284,1.5528570857142856,1.8671428285714284,1.7371428000000002,1.5371427857142856
2017,35,2.0057142714285714,1.9171428000000001,1.7942857,2.1057142285714283,2.0042857,1.7842856857142857
2017,36,1.6999999657142857,1.6171427942857142,1.5057142814285716,1.7671428285714286,1.6985714085714285,1.5028571142857143
2017,37,1.5028571285714285,1.4285714142857144,1.3257142285714285,1.5599999657142856,1.471428567142857,1.295714257142857
2017,38,1.2157142857142857,1.1585714142857142,1.0899999567142857,1.24,1.1714285285714285,1.0499999714285715
2017,39,0.4942857071428572,0.46428571,0.3985714285714286,0.49428571000000004,0.4328571428571429,0.3728571391428571
2017,40,0.6614285657142858,0.6299999914285713,0.5657142757142857,0.67714284,0.6185714157142856,0.5499999885714286
2017,41,0.8342857081428571,0.788571402857143,0.7442856885714286,0.8242856871428571,0.78857141,0.7342857042857143
2017,42,1.3585713714285714,1.2942857,1.2128571285714287,1.38714281,1.3171428428571428,1.2099999857142856
2017,43,0.8528571257142856,0.8128571342857143,0.7585714157142858,0.8771428457142856,0.8214285485714284,0.7471428385714286
2017,44,0.6271428414285715,0.6028571328571429,0.5614285714285715,0.6214285371428572,0.6085714242857143,0.5542856985714286
2017,45,0.43571428142857144,0.43428570857142856,0.4242857071428571,0.4257142857142857,0.4542857128571428,0.42142857142857143
2017,46,0.9414285571428572,0.9099999714285715,0.8214285642857142,0.9828571042857143,0.9528571085714285,0.8414285628571428
2017,47,1.0571428142857144,1.0285714285714285,0.9428571057142857,1.1114285671428572,1.082857142857143,0.9671428228571427
2017,48,0.8857142657142857,0.86142854,0.7999999585714285,0.9114285528571429,0.8871428285714286,0.8028571171428572
2017,49,0.6171428471428572,0.6085714285714285,0.5657142628571429,0.6542857042857142,0.6499999971428572,0.5828571357142857
2017,50,0.7242857028571429,0.7128571285714286,0.6671428542857143,0.7514285514285713,0.7542857071428573,0.68571428
2017,51,0.4685714242857143,0.4528571342857143,0.4285714171428571,0.4785714228571428,0.47571427714285713,0.43285714285714283
2017,52,0.43571427428571424,0.4242857114285714,0.4157142814285714,0.4199999857142857,0.4142857014285714,0.40285713714285715
2018,1,0.5971428428571429,0.5799999928571429,0.5728571242857142,0.5857142714285715,0.6042857028571429,0.5742856928571428
2018,2,0.6142857057142858,0.5899999771428571,0.5514285528571429,0.61142856,0.6114285614285714,0.5642857099999999
2018,3,0.5742856994285714,0.5514285385714286,0.5128571428571428,0.5757142857142857,0.5657142857142857,0.52
2018,4,0.5328571328571429,0.5128571371428572,0.4671428542857143,0.5442857057142857,0.5357142857142857,0.47999998714285713
2018,5,0.5571428514285715,0.5528571314285714,0.53571428,0.5414285685714286,0.5614285642857143,0.5357142771428571
2018,6,0.43142857142857144,0.4257142742857143,0.41428571428571426,0.4214285685714286,0.4328571371428572,0.40714285714285714
2018,7,0.6357142685714285,0.6114285642857143,0.5528571424285714,0.6528571400000001,0.6271428428571427,0.5642857114285714
2018,8,0.15142856857142856,0.14285714,0.12428571328571428,0.15142856685714287,0.15142857142857144,0.12857142800000002
2018,9,0.8557142714285714,0.8085714185714286,0.7328571285714285,0.8785714142857142,0.8271428385714286,0.7414285500000001
2018,10,0.7185714257142858,0.6785714214285715,0.6171428542857144,0.7357142857142857,0.7014285514285714,0.6242857142857143
2018,11,0.7657142742857143,0.7142857085714286,0.6399999842857144,0.7828571328571429,0.7271428571428571,0.6414285671428571
2018,12,0.81999999,0.7585714242857142,0.67571428,0.8357142585714286,0.7699999799999999,0.6757142685714286
2018,13,0.4528571371428571,0.42999998857142857,0.3871428542857143,0.4457142828571429,0.4199999857142857,0.37714285285714283
2018,14,0.6985714137142857,0.6742857134285715,0.6171428571428572,0.7342857142857142,0.6942857114285713,0.62285713
2018,15,0.9899999857142857,0.9442857114285715,0.8685714142857143,1.0257142542857143,0.9514285657142858,0.8542857085714285
2018,16,0.7728571314285714,0.7328571242857143,0.6671428371428572,0.7914285628571429,0.7328571342857142,0.6599999885714285
2018,17,0.9485714085714285,0.9271428428571429,0.8628571242857143,1.00999998,0.9457142671428571,0.8571428185714286
2018,18,0.8671428285714285,0.8428571428571429,0.7814285428571429,0.8928571428571429,0.8457142491428572,0.7671428228571429
2018,19,1.1671428428571429,1.1371428214285715,1.0685714085714284,1.1757142714285713,1.139999982857143,1.0542856999999999
2018,20,0.8042857071428572,0.7928571128571429,0.7457142557142857,0.8057142857142857,0.7699999999999999,0.7142856938571428
2018,21,1.7285713714285715,1.6585713857142856,1.5342857142857143,1.7657142285714287,1.6685713714285715,1.5114285285714286
2018,22,1.5585713942857142,1.4928571371428572,1.4042856428571429,1.6114285714285714,1.5228570942857143,1.3785714142857144
2018,23,2.555714257142857,2.4257142857142857,2.279999957142857,2.6657142428571428,2.492857142857143,2.2442856428571427
2018,24,1.9528571,1.8499999857142857,1.73142854,2.0142856857142855,1.8799999828571428,1.6999999857142856
2018,25,1.1871428357142857,1.1557142714285715,1.0828571357142855,1.208571404285714,1.1371428371428571,1.0485714142857143
2018,26,2.428571394285714,2.3057142657142857,2.1257142714285715,2.504285652857143,2.3728571428571428,2.109999928571429
2018,27,2.1814285428571427,2.077142842857143,1.9399999957142857,2.294285714285714,2.1742857142857144,1.92
2018,28,1.921428542857143,1.8285714114285714,1.6914285571428571,2.0271428142857144,1.9057142714285713,1.6685713714285715
2018,29,2.218571342857143,2.1157142714285717,1.9485713571428571,2.327142857142857,2.2014285714285715,1.9471428142857141
2018,30,0.9757142757142858,0.9414285428571428,0.8628571357142858,1.0042857085714285,0.9499999857142857,0.8442856971428572
2018,31,1.6228570999999998,1.5642856799999998,1.4485713800000002,1.7100000000000002,1.6242856799999998,1.4457142357142858
2018,32,1.5757142657142857,1.5114285428571428,1.4199999714285716,1.6557142428571427,1.5685714142857141,1.4099999857142858
2018,33,1.3699999814285715,1.3185714142857141,1.247142832857143,1.42285711,1.355714242857143,1.2228571428571429
2018,34,1.565714242857143,1.5085714242857142,1.4157142714285713,1.6471428428571429,1.5699999514285714,1.4071428285714285
2018,35,1.7971428142857142,1.71571425,1.6028570999999998,1.8728570999999998,1.7842856657142856,1.5914285285714287
2018,36,1.13428568,1.095714257142857,1.0414285371428573,1.16428568,1.1314285471428571,1.0085713971428572
2018,37,2.402857114285714,2.3042856285714284,2.1742856857142856,2.491428528571429,2.412857142857143,2.1771428285714287
2018,38,1.839999957142857,1.7799999857142856,1.6871428,1.9085714,1.839999957142857,1.659999957142857
2018,39,1.0928571114285714,1.0742857000000001,1.0414285528571428,1.111428547142857,1.0971428542857142,1.0171428571428571
2018,40,0.8614285542857142,0.8214285442857143,0.7571428224285714,0.8671428437142856,0.8114285371428572,0.7385714114285714
2018,41,0.2942857071428571,0.2842857142857143,0.24571428571428572,0.28999999,0.26428570728571427,0.23857142714285715
2018,42,0.8585714114285715,0.8057142828571429,0.7457142628571428,0.87285712,0.8199999800000001,0.7371428385714286
2018,43,0.9785714085714285,0.92999998,0.8628571157142856,0.9871428285714285,0.9371428428571429,0.8528571300000001
2018,44,0.6714285657142858,0.6299999985714286,0.5499999957142857,0.6814285628571428,0.6299999985714286,0.5471428571428572
2018,45,0.4557142828571429,0.43571428571428567,0.38571428,0.4642857142857143,0.44142855999999997,0.38142856571428574
2018,46,0.5385714228571429,0.5142857085714285,0.4528571322857143,0.5442856971428571,0.5314285714285714,0.46285711942857144
2018,47,0.6871428471428571,0.6599999828571429,0.5942857,0.7028571328571429,0.6714285671428571,0.59571428
2018,48,0.4671428542857143,0.461428562,0.41999999714285713,0.47999998714285713,0.48714285142857144,0.43428569714285714
2018,49,0.3757142842857143,0.3585714271428571,0.3042857134285714,0.3914285671428571,0.3685714271428572,0.3214285634285714
2018,50,0.7928571285714286,0.7728571371428572,0.7142857100000001,0.8299999942857142,0.8099999942857143,0.7299999942857143
2018,51,0.6914285542857143,0.6628571257142857,0.6085714085714286,0.7157142671428571,0.69571427,0.6228571328571428
2018,52,0.36857142571428575,0.3542857057142857,0.3128571308571428,0.37857142714285713,0.36428570857142856,0.31857142485714285
2019,1,0.5342857028571428,0.5214285710000001,0.5099999971428572,0.5442857052857143,0.5514285685714285,0.5128571352857143
2019,2,0.4057142814285714,0.39999999857142854,0.38714284628571427,0.4042857071428571,0.4199999942857143,0.391428568
2019,3,0.5128571357142857,0.49571428,0.4742857114285714,0.52999999,0.5442857014285715,0.49571428571428566
2019,4,0.38999999428571425,0.37714285428571426,0.34142856285714285,0.3942857014285714,0.3928571414285714,0.34857142571428573
2019,5,0.5828571267142857,0.5642856957142858,0.5371428528571428,0.5971428467142857,0.59,0.5485714228571429
2019,6,0.2771428562857143,0.2699999962857143,0.2742857108571429,0.2528571422857143,0.2699999962857143,0.26571427657142854
2019,7,0.4928571342857143,0.47571427714285713,0.42714285428571425,0.49571428285714286,0.4757142857142857,0.43428570857142856
2019,8,0.1928571422857143,0.1814285657142857,0.14571428428571429,0.20142856957142857,0.18999999571428572,0.1571428557142857
2019,9,0.2999999971428572,0.30714284857142854,0.3271428542857143,0.2942857142857143,0.3328571357142857,0.33142856285714284
2019,10,0.32285714,0.31142855999999997,0.3028571371428571,0.31714285285714283,0.32714285571428575,0.3042857071428572
2019,11,0.3785714257142857,0.35857142142857146,0.32857142285714286,0.38571427714285716,0.37428570857142857,0.3299999928571428
2019,12,0.5385714228571429,0.5128571328571429,0.4642857085714286,0.55571426,0.54,0.4814285657142857
2019,13,0.6857142642857142,0.6657142799999999,0.6199999842857142,0.7128571285714286,0.6885713942857142,0.6228571185714286
2019,14,0.8757142800000001,0.8428571428571429,0.7699999942857143,0.92,0.8714285571428572,0.7757142771428571
2019,15,0.6614285542857142,0.6428571314285715,0.60428571,0.68999998,0.6571428314285714,0.5957142685714285
2019,16,1.0185713971428572,0.9899999757142857,0.9199999714285714,1.0742857042857143,1.0314285314285714,0.9285714071428571
2019,17,0.8399999814285716,0.8142856928571428,0.74571428,0.8899999842857144,0.8357142414285714,0.7457142857142857
2019,18,0.6228571262857142,0.6042857122857141,0.5599999785714286,0.6471428557142858,0.6171428337142857,0.5599999814285714
2019,19,0.45857142342857143,0.46428571,0.43428570514285714,0.4728571422857143,0.46857142371428573,0.43142857085714287
2019,20,1.1828571371428571,1.1528571142857142,1.0714285428571428,1.2485714257142857,1.2014285514285714,1.0799999985714286
2019,21,0.5271428562857142,0.5085714134285714,0.469999978,0.5328571348571428,0.5042856991428571,0.459999992
2019,22,0.87857142,0.8557142857142858,0.8028571428571428,0.9057142857142857,0.8514285599999999,0.7771428514285714
2019,23,1.227142857142857,1.207142842857143,1.1585714257142856,1.2814285542857142,1.2271428285714285,1.1357142857142857
2019,24,1.4285713714285715,1.3799999857142857,1.299999957142857,1.4899999857142858,1.4042857000000002,1.2728571285714287
2019,25,0.8428571385714285,0.83428569,0.7914285528571429,0.8714285714285713,0.8328571228571429,0.7557142857142857
2019,26,2.198571414285714,2.119999957142857,1.9742856714285715,2.3214285714285716,2.2114285285714286,1.9757142428571428
2019,27,1.3957142657142858,1.3642857,1.2628570928571428,1.5099999714285715,1.4499999714285714,1.2628571285714287
2019,28,1.9928571285714285,1.9214285142857144,1.7742856714285715,2.1271428571428572,2.0157142285714285,1.7728571
2019,29,2.2599999285714287,2.1928571,2.0428570857142856,2.4142856714285714,2.3242856571428567,2.0585713942857145
2019,30,1.6699999857142858,1.6242856657142857,1.5099999857142856,1.8071428285714286,1.7071428285714287,1.5057142799999998
2019,31,1.9342857,1.8828571142857142,1.7171428285714287,2.1014285714285714,1.9871428000000002,1.7371427999999998
2019,32,1.7842856428571428,1.7114285714285715,1.5499999857142857,1.9214285142857144,1.7942856571428571,1.5528570857142856
2019,33,2.1942856857142856,2.1228571142857144,1.9585714,2.3285714285714287,2.2314285285714286,1.975714257142857
2019,34,2.104285657142857,2.0199999714285712,1.8571427999999999,2.215714242857143,2.099999942857143,1.8499999571428571
2019,35,1.8442857142857143,1.7757142857142856,1.6457142742857143,1.9357142714285713,1.8499999857142857,1.6385714242857143
2019,36,1.8999999857142857,1.8385714285714285,1.7285713999999999,1.9957142571428572,1.9228571285714284,1.7114285428571427
2019,37,1.6128570999999998,1.5642856714285713,1.4557142714285713,1.6785714000000003,1.6157142,1.4257142714285713
2019,38,1.695714257142857,1.6242856571428572,1.499999957142857,1.7728570857142858,1.6842857,1.4871428428571427
2019,39,1.6142856714285716,1.5614285428571428,1.47428571,1.6614285571428573,1.6142856857142858,1.457142842857143
2019,40,0.8571428428571428,0.8471428442857143,0.8171428442857144,0.8571428528571429,0.8214285657142858,0.7671428214285714
2019,41,1.167142857142857,1.1214285142857143,1.0485714142857143,1.1885714142857142,1.1214285571428573,1.0199999714285715
2019,42,1.1442857085714286,1.0985714,1.0257142857142856,1.1728571171428572,1.09428569,1.0028570985714285
2019,43,0.5614285642857143,0.5428571357142856,0.49571428571428566,0.5814285671428571,0.5328571314285714,0.47142856857142856
2019,44,0.35285713571428573,0.3414285657142857,0.33714285285714285,0.332857142,0.3499999991428572,0.3314285665714286
2019,45,0.8542856971428572,0.8328571314285714,0.7828571171428571,0.8599999971428571,0.8542857114285713,0.7728571142857144
2019,46,0.728571428142857,0.7071428314285715,0.645714261,0.7499999885714285,0.7271428571428571,0.6471428438571428
2019,47,0.6314285571428571,0.5985714281428571,0.5499999885714286,0.6442856985714285,0.6242857028571428,0.5557142642857142
2019,48,0.11428571142857143,0.11857142714285715,0.13857142628571428,0.10714285714285714,0.12999999657142855,0.13285713914285716
2019,49,0.6028571385714285,0.5899999957142857,0.5542857057142857,0.6242857042857143,0.6299999857142857,0.5685714214285714
2019,50,0.3728571414285714,0.37285713285714284,0.34571427857142856,0.39,0.39571428142857146,0.3585714257142857
2019,51,0.7057142757142857,0.6799999899999999,0.6499999885714285,0.7128571357142857,0.7000000000000001,0.6428571200000001
2019,52,0.4299999942857143,0.4199999914285714,0.38999999714285716,0.4371428514285714,0.43857142285714285,0.3914285695714286
2020,1,0.48285713428571425,0.4699999914285714,0.43714284857142854,0.48857142571428575,0.4914285657142857,0.44428570571428566
2020,2,0.50142857,0.4742857057142857,0.43142856428571424,0.4971428442857143,0.4785714214285714,0.43285713
2020,3,0.4671428457142857,0.44857142285714285,0.4114285714285714,0.4642857028571428,0.4585714228571428,0.41714285714285715
2020,4,0.5442857042857143,0.5299999971428572,0.49714284571428574,0.5499999885714286,0.5528571342857143,0.5042857114285714
2020,5,0.6457142814285713,0.6228571257142858,0.5614285657142857,0.6599999971428572,0.6357142828571429,0.5642857071428572
2020,6,0.18142856628571427,0.17285713757142857,0.17428571385714284,0.16999999957142856,0.17714284871428568,0.17142856814285715
2020,7,0.32999999428571425,0.32142857057142854,0.319999998,0.32285713914285713,0.3371428534285714,0.3228571365714285
2020,8,0.3942857042857143,0.3757142757142857,0.34571427000000005,0.40142856,0.3985714228571428,0.3614285714285714
2020,9,0.5071428485714286,0.4757142714285714,0.4342857114285715,0.5114285542857143,0.4828571271428571,0.43285714
2020,10,0.8228571371428571,0.78999999,0.7314285571428571,0.8542857071428571,0.8142857085714285,0.7271428457142858
2020,11,0.5799999928571429,0.5457142700000001,0.4971428542857143,0.5842857142857143,0.5485714185714285,0.48714285
2020,12,0.4414285652857143,0.4228571295714286,0.39714285,0.4371428528571428,0.42857142571428575,0.39
2020,13,0.6299999957142858,0.5985714128571429,0.5485714191428571,0.6471428471428571,0.60571428,0.5414285628571428
2020,14,0.6799999957142857,0.6399999799999999,0.5728571371428571,0.7042857071428571,0.6528571357142857,0.5757142671428571
2020,15,0.9728571285714285,0.9242856942857143,0.8557142657142858,1.0071428285714286,0.9585714142857142,0.8499999714285714
2020,16,0.4185714228571428,0.4042857085714286,0.38,0.42571427999999994,0.42142857142857143,0.38
2020,17,0.9399999857142857,0.8942857000000001,0.8142856942857143,0.9842857028571428,0.9171428414285714,0.8114285428571428
2020,18,1.2757142228571428,1.2271428285714285,1.1471428385714286,1.3114285542857143,1.2642857057142858,1.1414285571428573
2020,19,0.8642856999999999,0.8542857014285714,0.8142857085714287,0.8928571314285714,0.8785714085714285,0.8042857142857144
2020,20,0.8714285571428572,0.8685714285714285,0.8357142742857143,0.8871428385714285,0.8785714142857143,0.8099999957142857
2020,21,1.5742856857142857,1.5228571114285714,1.4214285400000002,1.6171428428571428,1.5557142542857143,1.397142857142857
2020,22,1.26428568,1.22857141,1.1657142657142856,1.3028571142857144,1.2457142814285713,1.1399999714285713
2020,23,2.1814285142857144,2.0857142428571427,1.9371428,2.278571414285714,2.1614285428571427,1.9385713857142857
2020,24,1.6899999714285714,1.6128571085714285,1.4957142571428572,1.7571428214285714,1.6485714285714284,1.4757142428571428
2020,25,1.819999985714286,1.7457142357142856,1.6157142714285713,1.8942856657142857,1.80142855,1.5942856714285714
2020,26,1.8728571428571428,1.8114285285714284,1.6828570999999999,1.9614285285714286,1.8685714,1.6642856714285714
2020,27,1.9542856857142856,1.8771428,1.7385714142857143,2.0771428285714286,1.9799999428571429,1.7442857
2020,28,2.6571428,2.555714271428571,2.342857085714286,2.822857114285714,2.7128571,2.3871428571428575
2020,29,2.0942857,1.9885713999999999,1.8314285528571428,2.207142857142857,2.129999985714286,1.8857142642857145
2020,30,1.7671428428571427,1.6928570857142857,1.5414285499999998,1.9057142857142857,1.7985714142857143,1.5628571
2020,31,1.5171428428571427,1.4671428142857141,1.3414285642857142,1.6142857,1.5371428285714284,1.3542856857142858
2020,32,2.3442856285714284,2.222857114285714,2.0328571285714285,2.455714257142857,2.3385713714285714,2.0685713714285714
2020,33,2.494285657142857,2.3642857142857143,2.1557142571428574,2.61,2.4899999285714287,2.2042856714285715
2020,34,2.5028571,2.3957142285714284,2.197142857142857,2.6314285142857146,2.538571414285714,2.2485714285714287
2020,35,1.9057142714285715,1.8185714,1.6714285142857144,2.012857124285714,1.9128571071428573,1.689999942857143
2020,36,2.0528571,1.9757142714285716,1.8428571,2.1357142571428573,2.078571385714286,1.855714237142857
2020,37,0.9571428271428571,0.9042857114285715,0.831428542,0.9757142757142857,0.9328571271428572,0.8228571214285714
2020,38,1.8528570999999998,1.7671428142857142,1.6542857000000002,1.9142857000000002,1.8542856857142858,1.6571428428571429
2020,39,1.8114285285714284,1.7342856999999998,1.6214285428571427,1.8899999857142855,1.829999957142857,1.6371428428571428
2020,40,1.2385714242857142,1.178571397142857,1.0799999957142856,1.2728571071428572,1.2114285457142857,1.0914285657142857
2020,41,1.8814285428571427,1.805714257142857,1.6942856714285714,1.9371427714285712,1.8628570999999998,1.6999999857142856
2020,42,1.1757142571428572,1.1342856971428572,1.069999982857143,1.1914285428571427,1.1585714114285715,1.0657142714285714
2020,43,0.59714285,0.5985714185714286,0.6271428571428572,0.5771428557142857,0.618571422857143,0.6171428571428572
2020,44,0.7257142785714285,0.6999999781428572,0.66285714,0.7299999899999999,0.7242857138571429,0.6614285567142856
2020,45,1.3842857100000001,1.327142837142857,1.2314285571428571,1.4157142714285713,1.3714285285714285,1.2385713814285713
2020,46,0.5257142857142857,0.49999999428571434,0.43571428285714286,0.5414285657142857,0.5171428481428572,0.4471428571428571
2020,47,0.8757142571428572,0.8414285614285715,0.7885714214285714,0.8957142828571428,0.8814285628571429,0.7957142685714286
2020,48,0.42999999057142857,0.4142857051428571,0.3985714257142857,0.4342857085714286,0.43714285714285717,0.39714285714285713
2020,49,0.5999999942857144,0.5842857057142857,0.56142856,0.6257142800000001,0.6342857028571428,0.5771428571428572
2020,50,0.5585714228571429,0.5571428557142857,0.551428567142857,0.5785714238571428,0.6014285685714286,0.5642856985714285
2020,51,0.38999999714285716,0.3828571428571429,0.3699999957142857,0.4042857071428571,0.41857141714285717,0.38142857
2020,52,0.7442857142857143,0.7057142771428572,0.6285714128571429,0.76714284,0.7257142642857143,0.6371428514285714
2020,53,0.3471428457142857,0.3371428514285714,0.32285714,0.34714285285714286,0.35428570285714284,0.3214285614285714
2021,1,0.39857142342857144,0.384285708,0.34999999428571427,0.40571427428571427,0.40999998942857147,0.3614285614285714
2021,2,0.5671428542857143,0.5485714114285714,0.5114285671428572,0.5685714228571428,0.5714285685714285,0.5199999957142857
2021,3,0.3914285642857143,0.37428570000000005,0.33142856857142855,0.39714285714285713,0.3899999985714286,0.3428571385714286
2021,4,0.40428570857142854,0.4014285685714286,0.38857141914285714,0.40571428000000004,0.4328571371428572,0.3971428562857143
2021,5,0.6799999942857143,0.6442857057142858,0.5828571328571429,0.6985714185714286,0.6614285471428571,0.5914285499999999
2021,6,0.08571428428571429,0.09428571200000001,0.12714285428571429,0.07571428571428572,0.10142857000000001,0.12285714285714286
2021,7,0.3271428514285714,0.31285714000000003,0.28428570999999997,0.3214285685714286,0.31857142085714285,0.2885714285714286
2021,8,0.46571427228571427,0.44714284428571427,0.3999999965714286,0.4714285657142857,0.4557142657142857,0.40285713714285715
2021,9,0.7614285628571429,0.7214285628571429,0.6514285542857142,0.7828571371428571,0.748571422857143,0.6657142757142857
2021,10,0.43428571285714285,0.4057142814285714,0.35714284714285716,0.43999998714285715,0.4085714142857143,0.35714284999999996
2021,11,0.47857142,0.44857142571428577,0.42857142571428575,0.4628571228571428,0.48285714,0.44142855999999997
2021,12,0.4314285671428571,0.39571427857142855,0.34857142714285716,0.43428570714285714,0.39999999,0.34714285571428566
2021,13,1.0842857142857143,1.03,0.9457142571428572,1.1285714,1.067142842857143,0.9528571228571429
2021,14,0.8042856871428572,0.777142857142857,0.7342857071428571,0.8299999885714285,0.7928571428571428,0.7271428442857142
2021,15,0.25285713,0.24,0.2057142857142857,0.2642857142857143,0.2342857142857143,0.20714285714285716
2021,16,0.5085714065714285,0.48857142800000003,0.46571428285714284,0.525714284,0.494285708,0.45999999142857145
2021,17,1.0242856999999999,0.9957142714285715,0.9285714042857143,1.08285714,1.0257142828571428,0.9257142642857142
2021,18,0.7114285714285714,0.6985714185714286,0.6671428342857143,0.7314285500000001,0.6957142685714286,0.6442857000000001
2021,19,0.5114285677142857,0.5157142671428571,0.5071428557142857,0.51285714,0.50714285,0.4885714281428571
2021,20,0.8914285657142856,0.87285714,0.8599999828571429,0.8899999957142857,0.8614285614285715,0.81285714
2021,21,1.131428557142857,1.0957142285714285,1.0614285557142857,1.1371428528571428,1.0985714100000001,1.01857141
2021,22,1.2971428399999998,1.262857142857143,1.1914285571428571,1.3699999628571429,1.3157142714285714,1.1971428114285714
2021,23,1.9899999857142858,1.9271427857142858,1.817142842857143,2.0842856714285714,1.974285642857143,1.7985714000000002
2021,24,2.292857114285714,2.2342856714285717,2.1114285285714285,2.4299999571428574,2.3542856857142853,2.1228571
2021,25,1.3557142814285714,1.32571426,1.20571424,1.451428537142857,1.368571424285714,1.2028571228571427
2021,26,1.1142856942857142,1.081428547142857,0.9871428514285715,1.2057142457142855,1.1328571142857142,0.9857142857142858
2021,27,1.715714257142857,1.6314285142857143,1.4657142742857143,1.8485714285714285,1.7357142285714284,1.5014285514285715
2021,28,1.7328571285714285,1.6571428385714284,1.535714257142857,1.8414285285714287,1.7428571285714285,1.5285714142857143
2021,29,1.9257142142857142,1.8499999857142857,1.6871428428571427,2.095714257142857,1.977142857142857,1.7085714
2021,30,1.7642857142857142,1.6842856942857143,1.5285713714285714,1.9099999428571428,1.785714257142857,1.5485713857142858
2021,31,1.6757142714285713,1.581428542857143,1.4271428285714285,1.779999957142857,1.6457142714285715,1.4328570999999999
2021,32,2.1128570714285715,1.9857142571428572,1.8042856857142857,2.219999985714286,2.0699999714285715,1.8299999714285715
2021,33,1.7428571428571427,1.6299999571428572,1.4599999571428572,1.8185713814285713,1.6699999714285716,1.4528571257142857
2021,34,1.7871428514285714,1.6985713714285713,1.5657142714285714,1.8742856571428572,1.7614285571428572,1.5614285714285714
2021,35,1.8671428428571428,1.7899999285714288,1.635714237142857,1.9828571285714285,1.9014285285714283,1.6542857142857144
2021,36,2.5042857,2.402857142857143,2.2299999857142856,2.629999942857143,2.5628570857142856,2.2628571142857146
2021,37,1.8414285514285713,1.7557142857142856,1.614285637142857,1.9057142571428574,1.84142851,1.6242856857142858
2021,38,1.5514285714285714,1.4957142571428572,1.3899999714285713,1.6271428428571428,1.582857107142857,1.4028570714285713
2021,39,1.1871428300000002,1.1599999828571428,1.0828571214285714,1.2685714285714285,1.2214285714285715,1.0842857085714286
2021,40,1.3914285385714285,1.3485714285714285,1.227142857142857,1.47,1.3871428214285715,1.2299999957142858
2021,41,0.8385714228571428,0.8200000000000001,0.7657142857142858,0.8728571357142857,0.8385714028571429,0.7557142614285715
2021,42,1.0842856942857142,1.0528571285714285,0.9814285642857143,1.1271428428571428,1.08428568,0.9842857142857142
2021,43,0.8914285571428572,0.8699999942857143,0.80142857,0.9214285714285715,0.8814285514285715,0.7928571228571428
2021,44,0.9299999842857142,0.9028571357142857,0.8442857142857143,0.9642856985714285,0.94142855,0.8385714285714286
2021,45,0.6642857057142857,0.64285714,0.5842857057142857,0.6799999928571429,0.6628571328571429,0.5857142828571428
2021,46,0.8357142842857143,0.8028571414285715,0.7371428428571428,0.8742857142857143,0.8628571214285714,0.7585714242857142
2021,47,0.9114285642857143,0.8728571271428571,0.8328571214285715,0.9428571428571428,0.9328571285714286,0.8385714071428572
2021,48,1.1099999514285714,1.087142822857143,1.0485714071428571,1.1542856957142857,1.1628571,1.0642856742857143
2021,49,0.6085714114285715,0.6014285571428571,0.5514285705714286,0.6428571257142857,0.6385714285714286,0.5757142771428571
2021,50,0.7185714185714286,0.7114285685714287,0.6785714285714286,0.7528571399999999,0.77428571,0.6999999800000001
2021,51,0.8685714142857144,0.8442856757142857,0.7742856957142857,0.9257142785714285,0.9028571242857143,0.7942856885714286
2021,52,0.3199999957142857,0.3014285685714286,0.26714285285714284,0.3271428542857143,0.32142856000000003,0.2771428514285714
2022,1,0.37428570857142857,0.37714285428571426,0.39142856857142855,0.3742857034285714,0.4114285714285714,0.3971428485714285
2022,2,0.7071428442857143,0.6857142714285713,0.6557142671428571,0.7285714157142857,0.7471428442857143,0.6857142614285714
2022,3,0.3699999942857143,0.3614285685714286,0.34142856857142856,0.3742857142857143,0.3814285628571428,0.3499999985714286
2022,4,0.4399999871428571,0.4328571371428572,0.4371428514285714,0.4471428485714286,0.4742857071428571,0.44857141
2022,5,0.3599999942857143,0.34142856857142856,0.312857142,0.3557142857142857,0.34285713142857144,0.3099999994285714
2022,6,0.557142852,0.5399999937142858,0.5071428485714286,0.5728571365714286,0.5599999842857143,0.5071428428571428
2022,7,0.5757142742857143,0.5657142828571429,0.5242857042857143,0.59857142,0.5928571395714286,0.5399999895714286
2022,8,0.2742857142857143,0.2657142828571429,0.24428571000000002,0.28285714,0.2814285642857143,0.25285713428571427
2022,9,0.8271428571428572,0.7914285571428571,0.722857142857143,0.8514285428571428,0.8371428228571428,0.7499999642857142
2022,10,0.3428571337142857,0.319999992,0.2928571351428571,0.34285713199999995,0.328571424,0.29285713514285716
2022,11,0.6285714171428571,0.6085714085714286,0.5542857085714286,0.6642857114285714,0.6471428414285715,0.5699999971428571
2022,12,0.7971428557142858,0.7685713985714286,0.7142857048571428,0.8271428242857143,0.8185714057142857,0.7328571314285713
2022,13,0.7614285642857143,0.7314285571428571,0.681428547142857,0.8028571314285714,0.7785714285714286,0.6971428471428572
2022,14,0.8485714142857143,0.8157142785714286,0.748571422857143,0.8885714285714286,0.8428571314285714,0.7499999942857143
2022,15,0.6842857,0.6542856942857143,0.5999999771428571,0.6985714042857143,0.659999992857143,0.5885714185714285
2022,16,1.1728571285714284,1.1271428342857142,1.0399999771428572,1.227142842857143,1.1585714,1.0328571142857144
2022,17,1.0642857142857143,1.0114285385714286,0.9157142428571428,1.127142832857143,1.0642856885714285,0.9357142771428572
2022,18,0.9357142714285714,0.90428569,0.8457142757142858,0.9671428057142857,0.9257142571428572,0.8357142808571429
2022,19,1.497142857142857,1.4257142714285713,1.3357142714285715,1.5614285385714286,1.4928571428571427,1.3342857
2022,20,1.1914285714285715,1.1357142571428571,1.0685714,1.227142842857143,1.16999998,1.05
2022,21,1.3142856971428571,1.25999998,1.1771428257142857,1.354285697142857,1.2999999785714285,1.1585714142857142
2022,22,0.8828571428571428,0.8671428357142857,0.8342856871428571,0.9157142485714286,0.8857142785714286,0.8114285642857143
2022,23,1.7757142857142856,1.737142842857143,1.6399999514285712,1.8828571,1.8057142428571429,1.6414285385714285
2022,24,2.179999957142857,2.0814285142857143,1.8942856714285714,2.2942856857142857,2.1528571,1.8842856857142856
2022,25,1.5099999828571427,1.4585714142857142,1.345714257142857,1.6185714142857144,1.5414285285714284,1.3528571285714286
2022,26,1.7885714285714285,1.7085713714285713,1.5571428571428572,1.9214284714285714,1.7942856999999999,1.5542856714285715
2022,27,2.0957142714285717,2.0028571142857143,1.8071428428571428,2.2742856857142857,2.1042856714285714,1.8099999857142859
2022,28,2.175714257142857,2.0828571142857144,1.8728571142857144,2.3557142285714288,2.2128571428571426,1.9199999857142858
2022,29,2.3499999714285713,2.2242857000000003,2.0271428142857144,2.5085714,2.358571428571429,2.049999995714286
2022,30,1.292857142857143,1.2728571114285714,1.1499999857142857,1.4085714214285712,1.34142855,1.1585713985714285
2022,31,2.0428571,1.9557142714285713,1.7385713999999999,2.1614285285714288,2.0057142714285714,1.7414285571428572
2022,32,1.9571428285714287,1.851428557142857,1.6585714142857142,2.0771428,1.918571357142857,1.6657142571428571
2022,33,1.1014285528571428,1.037142842857143,0.9257142657142856,1.1799999857142858,1.0885713957142857,0.9242856828571429
2022,34,1.7242856999999998,1.6471428285714285,1.4985713857142857,1.8314285285714287,1.7442857142857144,1.52
2022,35,2.231428557142857,2.1399999714285713,1.9628571142857143,2.3757142428571427,2.2728570857142856,1.9928571428571427
2022,36,1.8885713995714286,1.8228571142857142,1.6928571114285715,1.994285682857143,1.927142828142857,1.6942857100000002
2022,37,1.7057142428571428,1.6199999857142857,1.4699999785714284,1.7899999857142856,1.6842856714285712,1.45857141
2022,38,1.401428557142857,1.3557142714285715,1.2528571114285714,1.487142857142857,1.4299999685714286,1.2428571114285714
2022,39,1.39999995,1.3371428428571428,1.2471428142857144,1.4471428142857143,1.3671428571428572,1.2171428242857143
2022,40,0.7957142542857143,0.7571428514285714,0.6899999742857144,0.8057142808571428,0.7457142857142858,0.6785714171428572
2022,41,1.1542856942857143,1.1085714142857144,1.0357142542857143,1.1928571028571429,1.1285714285714286,1.0285713914285715
2022,42,1.3471428285714286,1.2814285657142857,1.201428557142857,1.3900000000000001,1.318571402857143,1.207142857142857
2022,43,0.6814285657142857,0.64,0.56714285,0.6999999828571429,0.6471428485714286,0.5714285657142857
2022,44,0.8514285485714286,0.8028571428571428,0.7085714128571429,0.8685714000000001,0.8157142857142857,0.7099999828571428
2022,45,0.6199999942857143,0.59999998,0.5614285628571428,0.6185714285714285,0.6057142542857142,0.5457142628571429
2022,46,0.2928571422857143,0.27857142328571427,0.25571428,0.2985714271428571,0.2957142837142857,0.25714285285714283
2022,47,0.6314285542857142,0.6028571342857143,0.5542857142857143,0.6442856942857142,0.6171428528571428,0.5528571428571428
2022,48,0.5199999865714285,0.49999999714285714,0.47428571428571425,0.5199999994285714,0.5142857114285714,0.47571428000000004
2022,49,0.5828571428571429,0.5585714228571429,0.5142857057142857,0.5999999814285715,0.5771428514285715,0.5199999942857143
2022,50,0.35142856,0.33571428285714283,0.3085714214285714,0.3571428485714286,0.35428571000000003,0.3185714242857142
2022,51,0.3542857114285714,0.33571428571428574,0.3185714277142857,0.35857142000000003,0.3542857057142857,0.32571428571428573
2022,52,0.48142855999999995,0.4557142771428571,0.42142856714285715,0.4757142728571428,0.4771428442857143,0.42285713714285716
2023,1,0.3614285642857143,0.3699999885714286,0.35428571428571426,0.35571428285714285,0.36999999714285714,0.35285713999999996
2023,2,0.6157142842857143,0.6071428471428572,0.56571428,0.6071428457142857,0.6128571342857142,0.5614285557142857
2023,3,0.2914285642857143,0.2842857085714286,0.24428571342857142,0.2971428557142857,0.28714285,0.24714285342857142
2023,4,0.2571428542857143,0.2514285642857143,0.21142857085714287,0.2585714234285714,0.244285712,0.20857142571428572
2023,5,0.561428571,0.5785714224285714,0.5399999995714285,0.5528571338571429,0.5657142828571429,0.5342857085714285
2023,6,0.5771428528571428,0.5814285642857142,0.5128571428571428,0.5785714185714286,0.5614285685714285,0.49999999142857143
2023,7,0.5571428457142857,0.5585714214285714,0.4928571257142857,0.5671428414285714,0.5485714257142857,0.48999999
2023,8,0.6771428471428571,0.6728571028571428,0.5857142857142856,0.7014285642857142,0.6571428285714286,0.5814285657142857
2023,9,0.5799999957142857,0.5571428571428572,0.4885714157142857,0.5985714185714286,0.5571428471428571,0.4885714228571429
2023,10,0.44,0.41142856857142857,0.3499999957142857,0.4514285671428571,0.4071428485714286,0.33714285714285713
2023,11,0.59571427,0.5614285628571428,0.47285713957142855,0.6257142800000001,0.5685714128571429,0.4728571352857143
2023,12,0.4742857114285714,0.44142856999999996,0.36714285714285716,0.5057142771428571,0.4485714214285714,0.3657142785714286
2023,13,0.7299999699999999,0.6914285628571429,0.6214285628571429,0.7628571357142856,0.7128571428571429,0.6157142728571429
2023,14,0.6499999799999999,0.6228571385714287,0.56285714,0.6828571257142857,0.6342857057142857,0.5542857128571429
2023,15,1.247142857142857,1.20714284,1.1099999714285713,1.2957142828571429,1.2228571214285715,1.0842856857142857
2023,16,0.7757142857142857,0.7399999714285714,0.6742857142857143,0.8114285499999999,0.7528571142857142,0.65714284
2023,17,0.7528571428571428,0.7185714228571429,0.6514285685714286,0.8014285685714285,0.7357142799999999,0.63857142
2023,18,1.1499999857142857,1.105714257142857,0.9828571428571429,1.2042857,1.108571392857143,0.9599999785714285
2023,19,0.5471428485714286,0.5228571214285714,0.48,0.5628571371428571,0.5099999942857143,0.4485714214285714
2023,20,0.7157142842857143,0.7185714214285713,0.6457142857142858,0.7371428571428572,0.6885714085714285,0.6028571248571428
2023,21,0.9228571242857143,0.9371428371428571,0.8485714142857143,0.9299999800000001,0.8814285714285715,0.7771428457142857
2023,22,0.9928571214285714,0.9699999899999999,0.8842857085714285,1.0057142642857142,0.9142856857142857,0.8171428442857144
2023,23,0.8242856871428571,0.8528571371428572,0.7585714157142858,0.8442857142857143,0.7614285671428572,0.6757142728571429
2023,24,0.7971428442857142,0.8042857057142857,0.7357142828571429,0.8271428457142856,0.75,0.6657142585714285
2023,25,1.5585713785714286,1.5642856857142857,1.3999999642857142,1.5971428528571427,1.487142857142857,1.30857141
2023,26,1.4399999571428572,1.432857114285714,1.3057142385714287,1.495714242857143,1.3942856714285714,1.2357142714285714
2023,27,0.8528571371428572,0.8399999942857143,0.7257142757142857,0.8799999942857143,0.7899999857142858,0.6657142742857143
2023,28,1.8714285285714285,1.8599999714285713,1.6371428428571428,1.9671428285714287,1.827142857142857,1.5771428142857142
2023,29,1.829999985714286,1.8157142514285713,1.60999998,1.92428571,1.8057141814285715,1.558571414285714
2023,30,2.1928571285714287,2.1814285714285715,1.9457141857142857,2.295714242857143,2.1671427714285714,1.901428542857143
2023,31,1.1385713842857144,1.105714257142857,0.967142852857143,1.234285682857143,1.092857127142857,0.9228571071428571
2023,32,1.495714242857143,1.421428557142857,1.2871428371428573,1.5985713942857143,1.4685713942857141,1.2771428285714286
2023,33,2.1157142357142855,2.0014285428571426,1.8014285500000002,2.281428514285714,2.0857141942857145,1.8014285571428572
2023,34,1.6442857142857144,1.5814285285714287,1.404285654285714,1.7814285514285715,1.6214285542857143,1.3842857142857141
2023,35,1.9585714142857142,1.8814285428571427,1.6585713657142855,2.0885713999999997,1.8999999942857142,1.6285713800000001
2023,36,1.7242857085714287,1.6614285,1.4785713999999999,1.8099999857142859,1.6542856714285714,1.4271428428571427
2023,37,0.9642857042857144,0.9371428385714285,0.8042856928571428,1.0057142685714286,0.8828571142857143,0.7399999985714285
2023,38,1.5585714142857143,1.5085714,1.3442856857142857,1.6557142285714286,1.5071428142857142,1.3028571142857144
2023,39,1.8685714,1.799999957142857,1.6457142428571427,1.9342856714285717,1.7828571,1.5828571142857142
2023,40,1.0928571142857142,1.0342857142857143,0.9185714228571429,1.1485714142857142,1.01428571,0.88142855
2023,41,1.0028571071428571,0.9728571114285715,0.8485714285714285,1.0399999742857142,0.9285714257142857,0.8114285485714285
2023,42,1.5614285714285714,1.5114285428571428,1.391428542857143,1.6114285428571429,1.4814285571428571,1.3528571142857142
2023,43,0.5857142628571428,0.5814285642857142,0.5357142857142857,0.5771428557142857,0.5428571252857143,0.49571427485714287
2023,44,0.95999998,0.9271428485714287,0.83857141,0.9928571371428571,0.9442856857142857,0.8228571385714286
2023,45,0.8714285685714286,0.8199999785714286,0.7071428485714285,0.9099999785714286,0.8342857057142857,0.6985714285714286
2023,46,1.0242857142857142,0.97428568,0.8657142685714286,1.0642857014285714,1.0028571242857143,0.8671428357142857
2023,47,0.3699999957142857,0.3457142857142857,0.29428571014285715,0.38285714,0.35428571000000003,0.28714284514285715
2023,48,0.5242857014285714,0.5099999885714286,0.4628571257142857,0.5342857042857142,0.5257142771428571,0.46428569857142854
2023,49,0.6957142571428572,0.6728571385714286,0.5928571228571429,0.7357142857142858,0.6928571285714286,0.5914285428571429
2023,50,0.5142857014285714,0.4999999928571429,0.43142857,0.5342857128571429,0.5042857142857143,0.42285713571428574
2023,51,0.6571428528571428,0.6314285599999999,0.5399999942857143,0.6957142714285715,0.6414285599999999,0.5371428414285714
2023,52,0.4828571385714286,0.47285712857142853,0.4528571357142857,0.4928571328571429,0.5014285614285714,0.44714284142857136
2024,1,0.3499999971428571,0.33142856,0.2799999985714286,0.35285713571428573,0.30857142571428575,0.25999999285714287
2024,2,0.19571428571428573,0.1785714242857143,0.14999999514285714,0.1985714285714286,0.1714285705714286,0.1457142857142857
2024,3,0.3342857028571428,0.33571427571428575,0.31142856571428573,0.3371428557142857,0.33857142142857144,0.31428570857142857
2024,4,0.48571427714285714,0.46285713,0.40428570857142854,0.49999999285714286,0.4514285657142857,0.3971428542857143
2024,5,0.5885714114285714,0.5699999957142857,0.5014285657142857,0.6057142742857142,0.5557142742857143,0.49714284999999997
2024,6,0.38285713814285716,0.3728571367142857,0.33142856857142855,0.37428571000000005,0.33857142142857144,0.3114285671428571
2024,7,0.41999999714285713,0.40285712714285715,0.36,0.4328571428571429,0.3871428528571429,0.34999999428571427
2024,8,0.83285713,0.7999999928571428,0.6699999942857142,0.8714285385714285,0.7685714114285714,0.6571428485714286
2024,9,0.7742856985714285,0.7299999871428572,0.62,0.8114285514285715,0.7157142671428571,0.6042857014285714
2024,10,0.5071428571428571,0.4871428524285714,0.41285712428571425,0.5214285685714286,0.47142856528571425,0.39
2024,11,0.46285714,0.4299999942857143,0.3728571414285714,0.4671428467142857,0.40285713714285715,0.3228571428571429
2024,12,0.7628571357142857,0.7085714114285714,0.63857141,0.7814285571428572,0.6757142785714285,0.559999987142857
2024,13,0.5228571342857143,0.4899999934285714,0.44714285428571426,0.5357142857142857,0.46571428342857146,0.3857142785714286
2024,14,0.8657142757142857,0.84,0.7442856828571428,0.8771428485714285,0.8085713942857142,0.7014285714285714
2024,15,1.1999999785714286,1.1142857042857144,1.0057142814285716,1.2014285714285715,1.0857142614285713,0.9542856942857144
2024,16,0.6214285714285713,0.5685714281428572,0.5199999957142857,0.63,0.5442857085714286,0.4799999857142857
2024,17,0.8699999857142858,0.8185714142857143,0.7314285428571429,0.8785714142857143,0.7642857142857142,0.6728571285714285
2024,18,0.9871428514285715,0.9299999528571428,0.8399999842857143,0.9814285571428571,0.8685714285714285,0.7628571271428571
2024,19,0.5657142657142857,0.5328571371428572,0.4842857057142857,0.5757142814285715,0.5028571314285715,0.43571428285714286
2024,20,1.2899999714285715,1.2471428357142857,1.1357142471428572,1.3242856785714285,1.1928571428571428,1.0499999757142857
2024,21,1.0714285399999999,1.0228571285714285,0.939999967142857,1.0914285542857143,0.9928571285714286,0.87142856
2024,22,1.4228571285714284,1.3628571142857144,1.2599999857142856,1.4514285714285715,1.3257142571428573,1.1885714
2024,23,1.8028571,1.7014285657142856,1.539999957142857,1.9099999857142858,1.6528570857142857,1.4614285571428571
2024,24,1.8857142714285715,1.7828571142857144,1.5899999242857141,2.0042856571428573,1.7071428242857143,1.4985713999999999
2024,25,1.809999957142857,1.717142842857143,1.4914285714285715,1.9014285571428573,1.6342856857142858,1.4114285714285713
2024,26,2.1628570857142857,2.0642856714285713,1.8628571285714286,2.2771428142857144,2.087142814285714,1.8342856714285714
2024,27,1.6671428428571429,1.5657142857142856,1.351428557142857,1.8071427999999998,1.532857142857143,1.2914285657142857
2024,28,2.6499999857142855,2.5085714,2.192857085714286,2.784285671428571,2.495714228571429,2.1514285285714285
2024,29,1.7128570857142855,1.6385713857142858,1.4271428571428573,1.8299999571428571,1.6042856714285716,1.3828571085714285
2024,30,2.041428557142857,1.9528570857142857,1.708571385714286,2.1371428285714287,1.9242856857142858,1.6628570999999999
2024,31,2.8785714,2.7485714142857143,2.405714242857143,2.984285657142857,2.7157142714285714,2.3299999714285713
2024,32,1.2585713857142857,1.1742857142857144,1.01999998,1.3242857000000001,1.1242857142857143,0.9528571142857142
2024,33,1.9971427714285714,1.8914285285714283,1.6400000000000001,2.0857142714285715,1.8699999857142857,1.6014285285714285
2024,34,1.934285657142857,1.8314285428571428,1.5871428142857142,2.0342856714285715,1.8142856857142857,1.539999957142857
2024,35,1.9542856714285715,1.8885714,1.6757142714285713,2.0157142714285716,1.861428557142857,1.6042856857142858
2024,36,1.845714257142857,1.797142842857143,1.5842857085714286,1.8457142857142856,1.7114285714285715,1.4799999714285714
2024,37,1.987142842857143,1.9171428142857143,1.7199999714285714,2.0157142714285716,1.8442856714285714,1.6071428142857143
2024,38,1.4957142571428572,1.4485714,1.3099999528571427,1.5499999714285713,1.4042856857142856,1.2199999857142856
2024,39,1.917142857142857,1.8999999571428572,1.7214285142857142,1.9171428428571429,1.7957142285714285,1.6085714285714285
2024,40,1.7042856857142856,1.6928571285714287,1.5971428428571426,1.7371428285714285,1.6371428428571428,1.4928571142857143
2024,41,1.6842856942857143,1.6757142285714284,1.5399999857142856,1.705714252857143,1.6242856942857142,1.4614285285714286
2024,42,1.08714284,1.0471428185714287,0.9728571285714285,1.0671428257142856,0.9857142614285713,0.8742856985714286
2024,43,1.2614285214285714,1.23857138,1.1499999714285714,1.2614285714285713,1.2099999957142857,1.0857142528571428
2024,44,0.8171428528571428,0.78142855,0.7128571314285714,0.8285714028571428,0.7642857028571429,0.6657142848571428
2024,45,0.3271428514285714,0.31142856371428573,0.2657142828571429,0.3142857114285714,0.2928571428571428,0.23571428000000003
2024,46,0.7242856957142857,0.7157142857142856,0.6657142742857143,0.6999999842857143,0.6871428414285715,0.5999999942857143
2024,47,0.7885714100000001,0.7714285414285714,0.7214285585714286,0.7857142814285715,0.7714285542857143,0.6928571371428571
2024,48,0.44142856571428574,0.4257142842857143,0.3885714257142857,0.43142857,0.4199999914285714,0.3585714185714286
2024,49,0.8157142799999999,0.8042857071428572,0.7457142757142857,0.7985714285714286,0.7714285657142856,0.6828571357142856
2024,50,0.5599999957142857,0.5414285714285715,0.48571427714285714,0.5699999985714286,0.5342857114285714,0.45285712285714286
2024,51,0.8485714242857142,0.8485714142857143,0.7957142685714286,0.8328571314285714,0.8157142771428572,0.7257142671428571
2024,52,0.5785714071428572,0.5642857071428572,0.51,0.5842857028571429,0.5514285585714286,0.46571427
2025,1,0.4999999885714286,0.4957142642857143,0.4814285542857143,0.4742857071428571,0.46857142142857144,0.44
2025,2,0.5471428442857142,0.5385714185714285,0.4785714285714286,0.5385714185714285,0.5257142728571428,0.4585714157142857
2025,3,0.6885714214285714,0.6685714214285714,0.6128571348571429,0.6828571371428571,0.6542857085714286,0.5899999908571428
2025,4,0.48142856857142863,0.47857142428571425,0.43714284999999997,0.4685714257142858,0.45714285285714285,0.41285713999999996
2025,5,1.17,1.1314285428571427,1.0328571371428572,1.1942856657142857,1.1228571142857142,1.0028571371428572
2025,6,1.0171428571428571,0.9742857,0.8699999971428571,1.0428571085714284,0.9414285514285714,0.8285714285714286
2025,7,0.42428570571428575,0.4042857071428571,0.3671428434285714,0.43714284999999997,0.39714284714285714,0.3499999922857143
2025,8,0.601428561,0.5842857124285715,0.5157142842857143,0.59428571,0.5442857,0.47857141285714283
2025,9,1.5799999657142858,1.5114285428571428,1.3385714142857144,1.6742857,1.4742856928571428,1.2585714285714287
2025,10,0.5285714257142857,0.4971428542857143,0.4385714195714286,0.5385714214285715,0.4971428542857143,0.4242856957142857
2025,11,0.9542856942857142,0.89571428,0.78,0.9857142785714286,0.8999999828571428,0.7614285457142858
2025,12,0.8099999999999999,0.7442857071428571,0.6471428428571429,0.8414285657142857,0.7699999999999999,0.6485714242857143
2025,13,1.0128571257142858,0.9428570885714286,0.8371428414285714,1.0485714257142857,0.9314285714285715,0.7985714228571429
2025,14,0.40142857000000004,0.3814285648571428,0.3471428537142857,0.4242857071428571,0.36999999514285714,0.30999998714285715
2025,15,1.3985714,1.3342857000000001,1.2514285528571427,1.4185713785714285,1.3171428314285714,1.1757142714285713
2025,16,0.7485714285714286,0.6971428399999999,0.6442856957142856,0.7557142757142856,0.66,0.5699999928571429
2025,17,0.9199999708571429,0.8657142814285714,0.8042857085714286,0.9414285642857143,0.8471428428571429,0.7299999999999999
2025,18,0.9728571285714285,0.91142855,0.81571428,0.9828571185714285,0.8871428414285714,0.7728571428571429
2025,19,0.8914285565714286,0.8542857,0.7657142794285715,0.8428571238571428,0.7899999785714286,0.7042857142857143
2025,20,1.3571427942857142,1.2828571371428572,1.1585714214285716,1.3585713942857143,1.2199999671428572,1.0685713942857142
2025,21,0.9785713885714286,0.9142856985714286,0.8699999771428572,0.9771428128571429,0.8599999785714285,0.7614285505714286
2025,22,0.9857142657142857,0.9642857014285714,0.90571428,0.95142856,0.8642856999999999,0.787142817142857
2025,23,0.769999981,0.7542856938571428,0.7228571371428572,0.7685714071428571,0.7057142785714285,0.6542857142857142
2025,24,2.0671428142857144,2.0128571285714285,1.8471428142857143,2.064285714285714,1.9557142142857142,1.7685713714285713
2025,25,2.3014285571428568,2.2485714142857143,2.057142814285714,2.302857142857143,2.191428557142857,1.9542857
2025,26,1.729999917142857,1.7028571185714285,1.5385714071428571,1.7071427928571428,1.6028571285714286,1.4442857
2025,27,1.9128570857142857,1.8471428285714286,1.6585713857142856,1.8899999428571428,1.7871428,1.5699999571428571
2025,28,2.218571428571429,2.1257142285714283,1.9428570857142857,2.2657142142857145,2.178571357142857,1.9199999214285715
2025,29,1.9628570857142857,1.8842856928571428,1.6857142714285713,1.9357142857142857,1.8257142857142856,1.6042857
2025,30,2.1514285714285717,2.0585713857142856,1.812857137142857,2.128571414285714,2.0485713999999997,1.79571428
2025,31,1.6128571385714285,1.51999998,1.3999999885714285,1.6071428428571426,1.5199999371428572,1.3285714100000001
2025,32,2.6471428285714285,2.5428570814285716,2.3171428428571432,2.7157142285714286,2.594285685714286,2.2871428285714286
2025,33,2.3742856714285714,2.2814285285714284,2.0328571285714285,2.404285671428571,2.2899999571428573,1.9928570857142858
2025,34,1.7342856528571429,1.6728571285714284,1.5142856942857144,1.7785714285714285,1.6657142714285715,1.4428571028571429
2025,35,0.8985714185714286,0.8514285671428572,0.7399999942857143,0.90571428,0.7957142485714286,0.6585714071428571
2025,36,1.5942856714285714,1.5199999828571429,1.3642856828571428,1.5928571085714285,1.4728571142857143,1.2585714
2025,37,1.7257142428571428,1.6571428242857142,1.4728571000000001,1.6857142528571427,1.54285711,1.341428552857143
2025,38,1.3228571085714285,1.247142837142857,1.1357142857142857,1.3057142671428572,1.221428542857143,1.0314285714285714
2025,39,1.2214285705714285,1.188571428,1.0542856995714287,1.175714242857143,1.0985714085714287,0.94285713
2025,40,1.4485713928571429,1.3985714142857142,1.2314285514285714,1.4114285657142855,1.3271428385714283,1.1714285214285716
2025,41,0.7971428542857143,0.7699999971428572,0.7014285642857143,0.7642857114285714,0.7171428424285714,0.64285714
2025,42,0.9828571242857144,0.9628571357142857,0.8985714242857143,0.9257142585714285,0.85999997,0.7942857071428572
2025,43,1.0742856942857144,1.0614285514285715,0.9799999871428572,1.0242857,0.9942856942857142,0.9171428528571429
2025,44,0.8271428485714285,0.7928571185714286,0.7299999899999999,0.8128571314285714,0.76142855,0.6785714199999999
2025,45,0.9457142571428572,0.9185714042857143,0.8414285671428571,0.9457142714285715,0.9128571171428571,0.8071428571428572
2025,46,1.3928571142857142,1.3685714142857144,1.2357142499999998,1.3857142714285715,1.3499999714285715,1.2071428085714284
2025,47,0.6899999928571429,0.6685714057142856,0.5842857057142857,0.6757142742857143,0.63142857,0.5328571357142857
2025,48,0.40857141628571425,0.3914285628571429,0.3614285714285715,0.4014285662857143,0.37142857142857144,0.32999999385714285
2025,49,0.3542857085714286,0.34714285142857143,0.30999999714285714,0.3657142828571428,0.37285714285714283,0.3242857085714285
2025,50,0.8942857028571429,0.8842857042857143,0.7999999942857142,0.8971428228571429,0.8614285657142856,0.7685714228571427
2025,51,1.0585714,1.0314285585714287,0.9285713942857142,1.0685714142857143,1.0199999557142856,0.9099999900000001
2025,52,1.0585714242857143,1.0471428214285714,0.9771428371428571,1.0771428428571428,1.0557142714285714,0.9457142814285715
2026,1,0.68,0.6966666666666667,0.7033333133333333,0.6733333166666666,0.6833333333333332,0.6666666499999999
